Priority,Category,Data source,Provider / steward,Provider type,Geographic coverage,Granularity,Access / format,Typical update,Primary hackathon uses,Relevant problem briefs,Likely join key,URL,Caveats / licensing notes
Core,Property & parcels,Allegheny County Property Assessments,Allegheny County / WPRDC,Public,Allegheny County,Parcel,Open download; CSV/API,Daily/periodic,"Parcel characteristics, assessed land/building values, exemptions, feasibility screening",Feasibility; Typology & Climate,Block and lot / parcel ID,https://data.wprdc.org/dataset/property-assessments,Assessment fields can be stale or missing; do not treat assessed value as market value.
Core,Property & parcels,Allegheny County Property Sale Transactions,Allegheny County / WPRDC,Public,Allegheny County,Transaction / parcel,Open download; CSV/API,Daily,"Comparable sales, price trends, calibration, neighborhood demand",Feasibility; Observatory,Parcel ID; sale date; deed reference,https://data.wprdc.org/dataset/allegheny-county-property-sale-transactions,Filter using sale-validation codes; many nominal transfers are not arm’s-length sales.
Core,Property & parcels,Allegheny County Parcel Boundaries,Allegheny County GIS / WPRDC,Public,Allegheny County,Parcel polygon,Open GIS download; GeoJSON/SHP/API,Periodic,"Map parcels, calculate lot area, spatially join zoning and hazards",All briefs,Parcel ID,https://data.wprdc.org/dataset/allegheny-county-parcel-boundaries,Geometry and assessment records may update on different schedules; validate parcel IDs.
Core,Property & parcels,Allegheny County GIS Open Data Portal,Allegheny County,Public,Allegheny County,Varies: parcel to county,ArcGIS Hub downloads and services,Varies,"Discover authoritative county boundaries, land use, infrastructure, hazards, and administrative layers",All briefs,Parcel ID; GEOID; spatial join,https://openac-alcogis.opendata.arcgis.com/,Portal is a catalog; inspect metadata and update dates for each layer.
Core,Permits & development,PLI Permits,City of Pittsburgh / WPRDC,Public,City of Pittsburgh,Permit / address,Open download; CSV/GeoJSON/API,Daily,"Project pipeline, permit type, status, processing-time analysis",Feasibility; Permit Navigator; Observatory,Address; parcel ID where available; permit ID,https://data.wprdc.org/dataset/pli-permits,Current series begins in 2019; project-level unit counts may require parsing or linkage.
Core,Permits & development,Historical PLI Permits,City of Pittsburgh / WPRDC,Public,City of Pittsburgh,Permit / address,Open download; spreadsheet,Historical archive,Long-run permitting trends and before/after policy comparisons,Permit Navigator; Observatory,Address; permit ID,https://data.wprdc.org/dataset/pli-permits,Older records use different schemas and may need normalization.
Core,Permits & development,PLI / DOMI / Environmental Services Violations,City of Pittsburgh / WPRDC,Public,City of Pittsburgh,Violation / address,Open download; CSV/GeoJSON,Daily,"Property condition, code-enforcement patterns, completeness and risk flags",Feasibility; Permit Navigator; Observatory,Address; parcel ID where available,https://data.wprdc.org/dataset/pittsburgh-pli-violations-report,Multiple departments share the feed; interpret status and closure fields carefully.
Useful,Permits & development,Condemned and Dead-End Properties,City of Pittsburgh / WPRDC,Public,City of Pittsburgh,Property / address,Open download; CSV/GeoJSON,Frequent,"Identify distressed stock, redevelopment candidates, and ownership barriers",Feasibility; Observatory,Address; parcel ID,https://data.wprdc.org/dataset/condemned-properties,Condemnation does not establish demolition feasibility or site availability.
Core,Zoning & policy,Pittsburgh Zoning Districts,City of Pittsburgh / WPRDC,Public,City of Pittsburgh,Zoning polygon,Open GIS download; CSV/GeoJSON/SHP,Periodic,Determine base zoning and spatially screen allowed development,Feasibility; Permit Navigator; Typology & Climate,Spatial join; zoning code,https://data.wprdc.org/dataset/pittsburgh-zoning,"Map alone is insufficient: overlays, definitions, exceptions, and review rules matter."
Core,Zoning & policy,Pittsburgh Zoning Code,City of Pittsburgh,Public,City of Pittsburgh,Legal text / section,Public website,As amended,"Retrieve and cite permitted uses, dimensional standards, parking, reviews, and definitions",Feasibility; Permit Navigator; Typology & Climate,Zoning district; section number,https://pittsburghpa.gov/dcp/zoning-code,Authoritative interpretation belongs to the City; models must cite sections and flag ambiguity.
Useful,Zoning & policy,Pittsburgh Zoning Board of Adjustment Decisions,City of Pittsburgh,Public,City of Pittsburgh,Case / parcel / decision,"Public agendas, decisions, and records",Ongoing,"Train retrieval tools; identify common variances, conditions, and bottlenecks",Feasibility; Permit Navigator,Case number; address; parcel ID,https://pittsburghpa.gov/dcp/zba,Documents may be PDFs and inconsistent over time; outcomes require careful extraction.
Useful,Zoning & policy,Pennsylvania Municipal Codes,General Code / municipal publishers,"Private publisher, public access",Pennsylvania municipalities,Municipal code / section,Public web access,Varies by municipality,Compare zoning and permitting requirements across Allegheny County jurisdictions,Permit Navigator; Typology & Climate,Municipality; chapter; section,https://www.generalcode.com/library/pa,Coverage and update timing vary; some municipalities use other publishers or PDF ordinances.
Core,Housing production,Pittsburgh Development / Permit Records via OneStopPGH,City of Pittsburgh,Public,City of Pittsburgh,Application / permit / address,Public search portal,Ongoing,Validate current case status and inspect project documents,Feasibility; Permit Navigator; Observatory,Application number; address,https://onestoppgh.pittsburghpa.gov/,Interactive portal is not necessarily suitable for bulk extraction; respect terms and rate limits.
Useful,Housing production,City-Owned Properties,City of Pittsburgh / WPRDC,Public,City of Pittsburgh,Parcel / property,Open download; CSV/XLSX,Periodic,"Public-land pipeline, redevelopment opportunities, disposition analysis",Feasibility; Observatory,Parcel ID; address,https://data.wprdc.org/dataset/city-owned-properties,Ownership and availability are different; verify disposition status.
Useful,Housing production,City of Pittsburgh Property Tax Abatements,City of Pittsburgh / WPRDC,Public,City of Pittsburgh,Property / abatement,Open download; CSV/XLSX,Periodic,"Map incentives, estimate policy reach, link to production outcomes",Feasibility; Observatory,Parcel ID; address,https://data.wprdc.org/dataset/city-of-pittsburgh-property-tax-abatements,Program rules and valuation fields can change; distinguish approval from realized benefit.
Core,Regional housing needs,Allegheny County Housing Needs Assessment,Allegheny County,Public,Allegheny County; 13 subregions,Subregion / indicator,Public report and data products,Periodic,"Baseline needs, affordability, demand, supply gaps, and equity context",Observatory; Typology & Climate,Subregion; municipality,https://www.alleghenycounty.us/Services/Housing/Housing-Needs-Assessment,Useful baseline but too aggregated for parcel-level prototypes; document vintage.
Core,Demographics & housing,American Community Survey 5-Year,U.S. Census Bureau,Public,United States,"Block group, tract, place, county and more",API and downloads,Annual,"Income, household size, tenure, rent, value, vacancy, commuting, demographics",Observatory; Typology & Climate,GEOID,https://www.census.gov/data/developers/data-sets/acs-5year.html,Estimates have margins of error; avoid false precision for small areas.
Core,Demographics & housing,Decennial Census,U.S. Census Bureau,Public,United States,Block to nation,API and downloads,Every 10 years,"Population, households, occupancy, race/ethnicity, baseline small-area counts",Observatory; Typology & Climate,GEOID,https://www.census.gov/programs-surveys/decennial-census/data.html,Limited socioeconomic detail compared with ACS; geography changes complicate time series.
Core,Geographic reference,TIGER/Line Shapefiles,U.S. Census Bureau,Public,United States,"Blocks, tracts, roads, places and more",Shapefile downloads,Annual,Geographic boundaries and crosswalks for Census and administrative data,All briefs,GEOID,https://www.census.gov/geographies/mapping-files/time-series/geo/tiger-line-file.html,Boundary vintages must match the statistics being joined.
Core,Affordability,Comprehensive Housing Affordability Strategy (CHAS),HUD,Public,United States,Custom geography; tract for selected tables,Downloads / query tools,Periodic,"Cost burden, housing problems, tenure, household type, and HUD income bands",Observatory; Typology & Climate,GEOID,https://www.huduser.gov/portal/datasets/cp.html,Based on multi-year ACS data; releases lag and tables are complex.
Useful,Affordability,Location Affordability Index,HUD / DOT,Public,United States,Block group / tract,Open GIS download,Periodic,Combined housing and transportation cost scenarios,Typology & Climate; Observatory,GEOID,https://hudgis-hud.opendata.arcgis.com/datasets/c1c32742599a42c9a45c95be50ed2ab6_12/about,Modeled estimates depend on household profiles and vintage; not observed household spending.
Core,Affordability,Fair Market Rents and Small Area FMRs,HUD,Public,United States,Metro / county; ZIP for SAFMR,Downloads / API,Annual,"Rent benchmarks, voucher payment standards, preliminary pro formas",Feasibility; Observatory,FIPS; ZIP,https://www.huduser.gov/portal/datasets/fmr.html,"Regulatory benchmarks, not direct measures of asking or contract rents."
Useful,Affordability,HUD Income Limits,HUD,Public,United States,Metro / county / family size,Downloads / API,Annual,Affordable-rent calculations and household eligibility thresholds,Feasibility; Typology & Climate,HUD area; family size,https://www.huduser.gov/portal/datasets/il.html,Use the correct program year and household-size adjustment.
Core,Subsidized housing,Low-Income Housing Tax Credit Database,HUD,Public,United States,Project / building,Downloadable database and GIS,Periodic,"Locate LIHTC stock, placed-in-service dates, units, and preservation needs",Observatory; Typology & Climate,Project ID; address; coordinates,https://www.huduser.gov/portal/datasets/lihtc.html,Some project attributes and geocodes are missing or approximate.
Useful,Subsidized housing,National Housing Preservation Database,Public and Affordable Housing Research Corporation / NLIHC,"Nonprofit, public registration",United States,Subsidized property,Download after registration,Periodic,"Preservation risk, subsidy expirations, affordable housing inventory",Observatory; Typology & Climate,NHPD property ID; address,https://preservationdatabase.org/,Free access may require registration and agreement to terms.
Useful,Vacancy & distress,USPS Vacancy Data,HUD / USPS,Public with conditions,United States,Census tract,Download / mapping tools,Quarterly,"Residential vacancy, no-stat addresses, neighborhood distress",Observatory; Typology & Climate,GEOID,https://www.huduser.gov/portal/datasets/usps.html,Aggregated and subject to suppression; “vacant” is a postal-status concept.
Core,Mortgage & finance,Home Mortgage Disclosure Act Data,CFPB / FFIEC,Public,United States,Mortgage application / loan,Bulk download and API,Annual,"Loan approvals, denials, borrower characteristics, loan types, lender patterns",Feasibility; Observatory,Census tract GEOID; lender; year,https://ffiec.cfpb.gov/data-publication/,Protected fields are modified; analysis must be careful about fair-lending interpretation.
Useful,Jobs & mobility,LEHD Origin-Destination Employment Statistics (LODES),U.S. Census Bureau,Public,United States,Census block / flow,Bulk download,Annual,"Home-to-work flows, employment access, job density, commute patterns",Observatory; Typology & Climate,Census block GEOID,https://lehd.ces.census.gov/data/,Data are modeled and noise-infused; latest year lags.
Useful,Jobs & economy,Quarterly Census of Employment and Wages,BLS,Public,United States,County / industry,Downloads and API,Quarterly,Employment and wage trends for demand and feasibility context,Observatory; Typology & Climate,County FIPS; NAICS,https://www.bls.gov/cew/downloadable-data-files.htm,Small cells may be suppressed; workplace location differs from residence.
Useful,Construction costs,Producer Price Index,BLS,Public,United States,National industry / commodity index,API and downloads,Monthly,Construction material and contractor-cost escalation scenarios,Feasibility,Series ID; month,https://www.bls.gov/ppi/data.htm,"National indexes are not Pittsburgh bids; use as escalation factors, not level estimates."
Core,Transit & accessibility,Pittsburgh Regional Transit GTFS,Pittsburgh Regional Transit / WPRDC,Public,Allegheny County region,"Stop, route, trip, schedule",GTFS ZIP / open download,Regular schedule updates,"Transit access, service frequency, travel-time and climate scoring",Typology & Climate; Observatory,Stop ID; route ID; spatial join,https://data.wprdc.org/dataset/port-authority-of-allegheny-county-transit-data,Scheduled service is not the same as realized reliability; agency name may appear historically as Port Authority.
Useful,Transportation,PennDOT Open Data,PennDOT,Public,Pennsylvania,"Road segment, bridge, traffic count",Open GIS and downloads,Varies,"Road access, traffic volumes, bridge constraints, crash and infrastructure context",Feasibility; Typology & Climate,Route/segment ID; spatial join,https://gis.penndot.gov/paprojects/,Different products have different download paths and vintages.
Useful,Amenities & network,OpenStreetMap,OpenStreetMap contributors,Nonprofit / crowdsourced,Global,"Building, road, amenity, address and other features",Open API and extracts,Continuous,"Amenities, street network, buildings, walkability proxies, routing",All briefs,OSM ID; spatial join,https://www.openstreetmap.org/,Completeness varies; comply with ODbL attribution and share-alike requirements.
Useful,Address reference,OpenAddresses,Open Knowledge Foundation / contributors,Nonprofit / mixed public sources,Global,Address point,Open bulk download,Varies,"Geocoding, address normalization, matching administrative records",All briefs,Normalized address; coordinates,https://openaddresses.io/,Coverage and licensing vary by source; inspect source metadata.
Core,Topography & imagery,Pennsylvania Spatial Data Access (PASDA),Penn State Institutes of Energy and the Environment,Public,Pennsylvania,Varies; parcel/vector/raster,Open downloads and map services,Varies,"LiDAR, imagery, parcels, mine and environmental layers for site screening",Feasibility; Typology & Climate,Spatial join; parcel ID where present,https://www.pasda.psu.edu/,Catalog spans many vintages and stewards; inspect each layer’s metadata.
Core,Topography & imagery,USGS 3D Elevation Program,U.S. Geological Survey,Public,United States,Raster elevation / point cloud,Open download and services,Periodic,"Slope, grading difficulty, drainage, viewshed, site constraints",Feasibility; Typology & Climate,Spatial join,https://www.usgs.gov/3d-elevation-program,Resolution and acquisition year vary by location.
Useful,Topography & imagery,Allegheny County Orthoimagery,Allegheny County / PASDA,Public,Allegheny County,High-resolution raster tiles,Open download / map service,Periodic flights,Detect structures and land cover; validate parcel and building context,Feasibility; Observatory,Spatial join; tile index,https://www.pasda.psu.edu/uci/SearchResults.aspx?Keyword=Allegheny%20County%20Imagery,Large files; imagery date must be recorded and visual interpretation validated.
Core,Hazards & environment,FEMA National Flood Hazard Layer,FEMA,Public,United States,Flood zone polygon / line,Open GIS services and downloads,Ongoing revisions,"Floodplain screening, risk communication, feasibility and climate scoring",Feasibility; Typology & Climate,Spatial join; community/panel ID,https://www.fema.gov/flood-maps/national-flood-hazard-layer,Not a substitute for survey or flood determination; map amendments may matter.
Useful,Hazards & environment,PA DEP eMapPA,Pennsylvania DEP,Public,Pennsylvania,"Facility, permit, mine and environmental feature",Interactive map / GIS services,Varies,"Contamination, regulated facilities, mining, water and environmental constraints",Feasibility; Typology & Climate,Facility ID; permit ID; spatial join,https://www.dep.pa.gov/DataandTools/Pages/eMapPA.aspx,Multiple programs and vintages; confirm authoritative program records.
Core,Hazards & environment,Pittsburgh Steep Slopes (25% or greater),City of Pittsburgh / WPRDC,Public,City of Pittsburgh,Slope polygon,Open GIS download,Periodic,Flag difficult or regulated sites and estimate grading risk,Feasibility; Typology & Climate,Spatial join,https://data.wprdc.org/dataset/25-or-greater-slope,Derived threshold layer; site engineering requires detailed survey/geotechnical work.
Core,Hazards & environment,Pittsburgh Undermined Areas,City / County / WPRDC,Public,Pittsburgh / Allegheny County,Mine influence polygon,Open GIS download,Periodic,Preliminary mine-subsidence risk screening,Feasibility; Typology & Climate,Spatial join,https://data.wprdc.org/dataset/undermined-areas,Historic mine maps can be incomplete or imprecise; never use alone for safety decisions.
Useful,Hazards & environment,EPA EJScreen,U.S. EPA,Public,United States,Block group / tract indicators,Open downloads and API/GIS,Annual,"Environmental burden, demographic context, cumulative-impact screening",Typology & Climate; Observatory,GEOID,https://www.epa.gov/ejscreen/download-ejscreen-data,"Screening tool, not a risk assessment; methods and indicator definitions change."
Useful,Land cover & heat,National Land Cover Database,Multi-Resolution Land Characteristics Consortium / USGS,Public,United States,30-meter raster and derivatives,Open download,Periodic,"Impervious surface, tree cover, green space, heat and runoff proxies",Typology & Climate,Spatial join,https://www.mrlc.gov/data,Resolution may miss parcel-scale features; record product year.
Useful,Climate,NOAA Climate Data Online,NOAA,Public,United States,Weather station / gridded products,API and downloads,Daily to annual,"Heat, precipitation, extreme-weather history, climate baselines",Typology & Climate,Station ID; coordinates; date,https://www.ncei.noaa.gov/cdo-web/,Station coverage and missing observations require quality control.
Useful,Energy & buildings,ResStock Public Data,U.S. Department of Energy / NREL,Public,United States,Modeled residential building stock / scenarios,Open downloads,Periodic releases,"Energy use, retrofit, emissions and housing-type scenario assumptions",Typology & Climate; Feasibility,Geography; building archetype,https://resstock.nrel.gov/,"Modeled stock, not parcel-level observed energy use; document scenario vintage."
Core,Private public data,Zillow Research Housing Data,Zillow,"Private company, public aggregate data",United States,"Neighborhood, ZIP, city, county, metro, state",Free CSV downloads,Weekly/monthly depending on metric,"ZHVI values, ZORI rents, inventory, sales, affordability, demand trends",Feasibility; Observatory; Typology & Climate,Region name/ID; ZIP; county FIPS; date,https://www.zillow.com/research/data/,Aggregate research data are public; listing-level/property-level data are not included. CSV URLs can change and historical values may be revised.
Core,Private public data,Redfin Housing Market Data Center,Redfin,"Private company, public aggregate data",United States,"ZIP, city, county, metro, state depending on product",Public dashboards and downloadable files,Weekly/monthly depending on product,"Prices, sales, listings, supply, demand, price drops, property types, investor and financing trends",Feasibility; Observatory; Typology & Climate,Region; date; property type,https://www.redfin.com/news/data-center/,Coverage and definitions differ by product; cite Redfin methodology and do not assume access to listing-level records.
Useful,Private public data,Redfin Migration Patterns,Redfin,"Private company, public aggregate data",United States,Metro / origin-destination trends,Public dashboard and data download,Periodic,Search-based migration and household-flow proxy,Observatory; Typology & Climate,Origin metro; destination metro; date,https://www.redfin.com/news/data-center/migration-patterns/,"Based on Redfin.com search behavior, not a representative count of actual household moves."
Core,Private public data,Realtor.com Residential Real Estate Data Library,Realtor.com Economic Research,"Private company, public aggregate data",United States,"ZIP, county, metro, state, nation",Free CSV downloads,Weekly/monthly,"Inventory, list prices, days on market, price reductions, demand/hotness",Feasibility; Observatory; Typology & Climate,ZIP; county/metro ID; date,https://www.realtor.com/research/data/,MLS listing coverage varies; historical series can be revised and attribution is requested.
Useful,Mortgage rates,Primary Mortgage Market Survey,Freddie Mac,Government-sponsored enterprise; public data,United States,National weekly rate,Public download / chart,Weekly,Mortgage-rate assumptions and affordability scenarios,Feasibility; Observatory,Week/date,https://www.freddiemac.com/pmms,"National averages; actual borrower rates vary by credit, loan, points, and geography."
Useful,Home prices,FHFA House Price Index,Federal Housing Finance Agency,Public,United States,"ZIP, county, metro, state and nation depending on series",Downloads / API,Quarterly/monthly,Repeat-sales price trends and regional benchmarking,Observatory; Feasibility,Geography code; date,https://www.fhfa.gov/data/hpi,"Index measures appreciation, not price levels; thin markets can be volatile."
Useful,Opportunity & mobility,Opportunity Atlas,Opportunity Insights / U.S. Census Bureau,Research nonprofit / public data,United States,Census tract,Public download and map,Periodic research release,"Long-run mobility, income, incarceration and other outcomes by childhood neighborhood",Typology & Climate; Observatory,Census tract GEOID,https://www.opportunityatlas.org/,Historical cohort outcomes are not current neighborhood conditions and should not be used to rank people.
Useful,Community demand,Allegheny County 311 / Pittsburgh 311 Requests,City of Pittsburgh / WPRDC,Public,City of Pittsburgh,Request / location,Open download; CSV/API,Frequent,"Resident-reported infrastructure, property, trash, street and neighborhood issues",Observatory; Typology & Climate,Request ID; coordinates; date,https://data.wprdc.org/dataset/311-data,Reporting propensity varies by neighborhood; requests are not verified incidence counts.
Useful,Schools & services,NCES School Locations and Characteristics,National Center for Education Statistics,Public,United States,School / district,Downloads and GIS,Annual,"Access to schools, enrollment, school type, service-area context",Typology & Climate,NCES school/district ID; coordinates,https://nces.ed.gov/programs/edge/Geographic/SchoolLocations,School quality should not be reduced to a single measure; attendance boundaries may require local data.
Core,Vacancy & distress,Allegheny County Real Estate Tax Delinquency,Allegheny County Treasurer,Public,Allegheny County,Parcel,Open download; CSV/API,Weekly,Fiscal disinvestment,,Parcel ID,https://data.wprdc.org/dataset/delinquent-real-estate-taxes,
Core,Vacancy & distress,City of Pittsburgh and School District Property Tax Delinquency,City of Pittsburgh,Public,"City of Pittsburgh, Pittsburgh Public Schools",Parcel,Open download; CSV/API,Weekly,Fiscal disinvestment,,Parcel ID,https://data.wprdc.org/dataset/city-of-pittsburgh-property-tax-delinquency,Reflects current year
Core,Vacancy & distress,Mortgage Foreclosures,Allegheny County,Public,Allegheny County,Parcel,Open download; CSV/API,Monthly,Fiscal disinvestment,,Parcel ID,https://data.wprdc.org/dataset/allegheny-county-mortgage-foreclosure-records,Not all properties that receive a filing actually change hands through a foreclosure process.  Data reflects that court filings exist in the docket.
Core,Vacancy & distress,City-owned property,City of Pittsburgh,Public,City of Pittsburgh,Parcel,Open download; CSV/API,Daily,Public ownership,,Parcel ID,https://data.wprdc.org/dataset/city-owned-properties,
Useful,Jobs & mobility,Mercatus Commuter Market Access Dataset for Congested Auto Travel (McMADCAT),"Mercatus Center, George Mason University",Research center / public data,"50 states and Washington, DC",Census tract; five-minute travel-time bands,Free ZIP downloads; summary and full data; PDF documentation,Research release (2025 congested travel times),Map jobs reachable from homes and workers reachable from job sites by congested car travel; compare housing sites and labor-market access,Typology & Climate; Observatory; Feasibility,Census tract GEOID,https://www.mercatus.org/commuter-market-access-dataset,Auto only; 60-minute cutoff and tract-centroid travel times. Mostly 2023 LODES jobs (Michigan 2021; Alaska 2016); 2019–2023 ACS. Free use with attribution requested.
Useful,Jobs & mobility,Access Across America,University of Minnesota Accessibility Observatory / Center for Transportation Studies,University research / public data,United States; metro summaries focus on major metropolitan areas,Census block access measures; metro summaries,Public reports and data via University Digital Conservancy,Annual series; 2024 data year available,"Compare access to jobs by auto, transit, biking, and walking; identify housing locations with strong multimodal opportunity access",Typology & Climate; Observatory; Feasibility,Census block GEOID; metro / year,https://access.umn.edu/ao-research/aaa,"Mode, travel-time threshold, coverage and data availability vary by year/product. Verify the specific download and reuse terms in the Digital Conservancy; accessibility is modeled, not observed commutes."