zone_case,bda_application,hearing_date,decision_date,days_hearing_to_decision,address,lot_block,zoning_district,neighborhood,request_as_captioned,project_description,project_category,residential_units_class,new_units,relief_requested,relief_items,outcome_code,outcome,decision_text_excerpt,decision_pdf,notes
158 of 2025,BDA-2025-06620,2026-01-08,2026-01-30,22,1065 Spring Garden Avenue,24-F-196,R1A-H,Spring Garden,Construction of 2-unit residential structure,Construction of 2-unit residential structure,New 2-unit residential,NEW,2,V|911.02|2-unit residential prohibited in R1A-H;V|903.03.D|interior side setback 5' req / 0' prop,V|911.02|2-unit residential prohibited in R1A-H || V|903.03.D|interior side setback 5' req / 0' prop,A,Approved,The Applicant’s request for variances from Sections 911.02 and 903.03.D to allow for two residential unit use within a structure with a 0’ interior side setback is hereby APPROVED.,https://www.pittsburghpa.gov/files/assets/city/v/1/dcp/documents/zoning-board-of-adjustment/1065-spring-garden-zba-decision-158-of-2026.pdf,
162 of 2025,BDA-2025-08317,2026-01-08,2026-02-12,35,1464 Smallman Street,9-G-13,GT-B,Strip District,Wall Signs,Wall signs,Signage,,,V|919.03.M.7|wall sign 80 sf max / 111 sf and 130 sf prop,V|919.03.M.7|wall sign 80 sf max / 111 sf and 130 sf prop,DWP,Denied without prejudice,"The Applicant’s request for variances from Section 919.03.M.7 to allow the installation of 111 sf of wall signage on the Smallman Street façade and 130 sf of wall signage on the 15th Street façade is hereby DENIED, without prejudice to submit a revised signage plan.",https://www.pittsburghpa.gov/files/assets/city/v/1/dcp/documents/zoning-board-of-adjustment/1464-smallman-street-162-of-2025.pdf,
152 of 2025,BDA-2025-10308,2026-01-08,2026-02-18,41,1709 Saw Mill Run Boulevard,60-N-115,NDI,Carrick,Dumpster Screening,Dumpster screening,Commercial site (dumpster screening),,,V|912.04.H|dumpster enclosure/screening waiver,V|912.04.H|dumpster enclosure/screening waiver,A,Approved,The Applicant’s request for a variance from Section 912.04.H to waive the Code’s requirement that dumpsters are to be stored within an enclosure is hereby APPROVED.,https://www.pittsburghpa.gov/files/assets/city/v/1/dcp/documents/zoning-board-of-adjustment/1709-saw-mill-run-blvd-179-of-2025.pdf,URL says 179-of-2025; PDF says 152 of 2025
128 of 2025,BDA-2025-08535,2026-01-08,2026-01-28,20,1923 Broadway Avenue,35-P-9,R1D-M,Beechview,Change from funeral home to art studio with one dwelling unit,Funeral home to art studio/gallery with existing upstairs unit,Change of nonconforming use (funeral home to art studio + 1 DU),,,SE|921.02.A.4|change of nonconforming use,SE|921.02.A.4|change of nonconforming use,A,Approved,"The Applicant’s request for a special exception pursuant to Section 921.02.A.4 to allow the use of the Subject Property for an art studio and gallery, as described to the Board, is hereby APPROVED.",https://www.pittsburghpa.gov/files/assets/city/v/1/dcp/documents/zoning-board-of-adjustment/1923-broadway-ave-zba-decision-128-of-2025.pdf,
156 of 2025,BDA-2025-10840,2026-01-08,2026-01-30,22,213 Smith Way,"4-P-285, 4-P-284",R1D-H,Mount Washington,Addition,Addition,Residential addition (no new units),,,V|903.03.D|side setback 5' req / 6in prop,V|903.03.D|side setback 5' req / 6in prop,D,Denied,The Applicant’s request for a variance from Section 903.03.D to allow the construction of an addition with a 6” side setback is hereby DENIED.,https://www.pittsburghpa.gov/files/assets/city/v/1/dcp/documents/zoning-board-of-adjustment/213-smith-way-zba-decision-156-of-2025.pdf,
164 of 2025,BDA-2025-10536,2026-01-08,2026-01-28,20,530 Mellon Street,83-F-206,R2-H,East Liberty,Construction of house,Construction of house,New single-unit house,NEW,1,V|915.02.D|tree replacement for removal of 40in tree - waiver,V|915.02.D|tree replacement for removal of 40in tree - waiver,AC,Approved with conditions,"The Applicant’s request for a variance from Section 915.02.D to allow waiver of the tree replacement requirement is hereby APPROVED, subject to the condition that landscaping shall be provided in the general plan presented to the Board.",https://www.pittsburghpa.gov/files/assets/city/v/1/dcp/documents/zoning-board-of-adjustment/530-mellon-st-zba-decision-164-of-2025.pdf,
141 of 2025,BDA-2025-09507,2026-01-08,2026-01-28,20,5308 Ellsworth Avenue,52-C-149,R2-M,Shadyside,Parking Pad,Parking pad,Front-yard parking pad,,,V|912.04.L.3|front yard parking prohibited,V|912.04.L.3|front yard parking prohibited,D,Denied,The Applicant’s request for a variance from Section 912.04.L to allow for the construction of a parking pad in the front yard of the Subject Property is hereby DENIED.,https://www.pittsburghpa.gov/files/assets/city/v/1/dcp/documents/zoning-board-of-adjustment/5308-ellsworth-ave-zba-decision-141-of-2025.pdf,
134 of 2025,BDA-2025-09147,2026-01-08,2026-02-16,39,Monongahela Street,55-P-82,R1D-H,Hazelwood,Construction of two-unit residential structure,Two attached single-family houses,New 2-unit residential,NEW,2,V|911.02|2-unit residential not permitted in R1D-H,V|911.02|2-unit residential not permitted in R1D-H,A,Approved,The Applicant’s request for a variance from Section 911.02 to permit the construction of two attached single-family houses on the Subject Property is hereby APPROVED.,https://www.pittsburghpa.gov/files/assets/city/v/1/dcp/documents/zoning-board-of-adjustment/monongahela-street-134-of-2025.pdf,
166 of 2025,BDA-2025-05447,2026-01-15,2026-02-19,35,1110 Middle Street,23-M-144,R1A-VH,East Allegheny,Conversion of existing structure into two-unit residential,Conversion of existing structure to two units,Conversion to 2 units,CONV,2,V|911.02|2-unit residential not permitted in R1A-VH,V|911.02|2-unit residential not permitted in R1A-VH,A,Approved,The Applicant’s request for a variance from Section 911.02 to allow the renovation of the structure on the Subject Property for a two-unit residential use is hereby APPROVED.,https://www.pittsburghpa.gov/files/assets/city/v/1/dcp/documents/zoning-board-of-adjustment/1110-middle-street-zone-case-166.pdf,
190 of 2025,BDA-2025-10490,2026-01-15,2026-02-18,34,1406 Sheffield Street,22-P-260,R2-H,Manchester,Construction of Single-Family House,Construction of single-family house,New single-unit house,NEW,1,V|903.03.D.2/925.06.C|interior side setback 3' req / 0' prop,V|903.03.D.2/925.06.C|interior side setback 3' req / 0' prop,A,Approved,The Applicant’s request for a variance from Section 903.03.D.2 to allow the construction a house on the Subject Property with a 0’ interior side setback is hereby APPROVED.,https://www.pittsburghpa.gov/files/assets/city/v/1/dcp/documents/zoning-board-of-adjustment/1406-sheffield-street-190-of-2025.pdf,
160 of 2025,BDA-2025-06335,2026-01-15,2026-02-25,41,201 S. Pacific Avenue,50-R-170,R2-M,Bloomfield,Home Occupation for Dog Services,"Home occupation for dog services; boarding denied, daycare/walking approved w/ conditions",Home occupation (dog services),,,REVIEW|912.05|home occupation standards;V|912.05.B.5|home-occupation noise;V|911.02|animal care (limited) use - boarding,REVIEW|912.05|home occupation standards || V|912.05.B.5|home-occupation noise || V|911.02|animal care (limited) use - boarding,S,Split (part approved / part denied),"The Applicant’s request to allow the proposed use, which includes dog boarding, dog daycare and dog-walking services, is DENIED in part and is APPROVED in part. The proposed dog boarding service constitutes an “Animal Care (limited) use” and the required use variance to allow that component of the proposed use is DENIED. No dogs shall be boarded overnight on the Subject Property. The proposed dog ",https://www.pittsburghpa.gov/files/assets/city/v/1/dcp/documents/zoning-board-of-adjustment/201-s-pacific-ave-160-of-2025.pdf,
173 of 2025,BDA-2025-11861,2026-01-15,2026-02-18,34,341 Orwell Way,26-D-109-B,R2-H,Bloomfield,Construction of one-story addition at rear of house,One-story rear addition,Residential addition (no new units),,,"V|903.03.E/925.06.C|rear setback 15' req / 11'-10"" prop; interior side 3' req / 0' prop","V|903.03.E/925.06.C|rear setback 15' req / 11'-10"" prop; interior side 3' req / 0' prop",A,Approved,The Applicant’s request for dimensional variances from Sections 903.03.E/925.06.C to allow for the construction of an addition with the limited side and rear setbacks described to the Board is hereby APPROVED.,https://www.pittsburghpa.gov/files/assets/city/v/1/dcp/documents/zoning-board-of-adjustment/341-orwell-way-173-of-2025-1.pdf,
171 of 2025,BDA-2024-00051,2026-01-15,2026-01-22,7,8012 Conemaugh Street,"174-S-231, 174-S-200, 174-M-3, 174-M-6","LNC, NDI",East Hills,Occupancy for vehicle sales/service and vehicle repair use,Vehicle sales/service occupancy,Use (vehicle sales),,,SE|911.02/911.04.A.75|vehicle/equipment sales (limited),SE|911.02/911.04.A.75|vehicle/equipment sales (limited),A,Approved,"The Applicant’s request for a special exception pursuant to Sections 911.02 and 911.04.A.75 to allow use the Subject Property for a vehicle/equipment sales (limited) use, as described to the Board, is hereby APPROVED.",https://www.pittsburghpa.gov/files/assets/city/v/1/dcp/documents/zoning-board-of-adjustment/8012-conemaugh-street-171-of-2025.pdf,
178 of 2025,BDA-2025-05757,2026-02-05,2026-03-09,32,2103 Noblestown Avenue,39-D-165,UNC,Westwood,Installation of Wall Sign for Giant Eagle,Supermarket wall sign,Signage,,,V|919.03.M.5(a)|wall sign 80 sf max / 198 sf prop,V|919.03.M.5(a)|wall sign 80 sf max / 198 sf prop,AC,Approved with conditions,"The Applicant’s request for a variance from 919.03.M.5(a) to allow the installation of a 198 sf wall mounted sign is hereby APPROVED, subject to the condition that the total area of signage on the front façade shall not exceed 266 sf, including the wall-mounted sign.",https://www.pittsburghpa.gov/files/assets/city/v/1/dcp/documents/zoning-board-of-adjustment/2103-noblestown-road-178-of-2026.pdf,Meeting page lists BDA-2025-12393; PDF cites BDA-2025-05757
172 of 2025,DCP-ZDR-2024-02267,2026-02-05,2026-04-02,56,256 McKee Place,28-F-308,R-MU,Central Oakland,Multi-unit residential building,159-unit multi-unit building,New multi-unit residential (159 units),NEW,159,V|907.04|inclusionary zoning 16 affordable units req / 0 prop,V|907.04|inclusionary zoning 16 affordable units req / 0 prop,D,Denied,"The Applicant’s request for a variance from Section 907.04, to eliminate the requirement in Section 907.04 to provide 16 affordable units in the 159-unit building on the Subject Property, is hereby DENIED.",https://www.pittsburghpa.gov/files/assets/city/v/1/dcp/documents/zoning-board-of-adjustment/dcp-zdr-2024-02267-256-mckee-place-decision.pdf,
168 of 2025,BDA-2025-11244,2026-02-05,2026-03-07,30,307 N. Taylor Avenue,23-K-187,R1A-H,Central Northside,Renovation of building for bakery,Renovation for bakery,Change of nonconforming use (to bakery),,,SE|921.02.A.4|change of nonconforming use,SE|921.02.A.4|change of nonconforming use,AC,Approved with conditions,"The Applicant’s request for a special exception pursuant to Section 921.02.A.4 to allow the renovation of the structure on the Subject Property for the bakery/retail sales use, as described to the Board, is hereby APPROVED, subject to the condition that a ventilation system, which is designed to limit the emission of odors, is installed.",https://www.pittsburghpa.gov/files/assets/city/v/1/dcp/documents/zoning-board-of-adjustment/307-n-taylor-avenue-165-of-2025.pdf,PDF header prints 2025 dates; hearing was Feb 5 2026 per meeting page; corrected
175 of 2025,BDA-2025-10213,2026-02-05,2026-04-02,56,5280 Northumberland Street,"53-G-70, 53-C-1","EMI, R1D-L",Squirrel Hill North,Construction of addition on existing club,Addition to existing club,Expansion of nonconforming use (club),,,SE|921.02.A.1|expansion of nonconforming use;SE|914.02/914.07.G.2|80 additional parking spaces req; alternative access/parking plan,SE|921.02.A.1|expansion of nonconforming use || SE|914.02/914.07.G.2|80 additional parking spaces req; alternative access/parking plan,A,Approved,"The Applicant’s request for special exceptions pursuant to Sections 921.02.A.1 and 914.02/914.07.G.2 to permit the expansion of an existing club (general) use, with an alternative parking plan, is hereby APPROVED.",https://www.pittsburghpa.gov/files/assets/city/v/1/dcp/documents/zoning-board-of-adjustment/bda-2025-10213-5280-northumberland-street-decision.pdf,
154 of 2025,BDA-2025-10720,2026-02-05,2026-04-16,70,75 Hopper Place,25-F-288,RIV-IMU,Strip District,Wall Signs,Wall signs,Signage,,,V|919.03.M.5|wall sign max height 20' / 42'-43' prop; 3rd-floor placement; 80 sf area;REVIEW|prior condition|condition from 2021 case barring more signs,V|919.03.M.5|wall sign max height 20' / 42'-43' prop; 3rd-floor placement; 80 sf area || REVIEW|prior condition|condition from 2021 case barring more signs,DWP,Denied without prejudice,"The Applicant’s request for variances from Section 919.03.M.5 to allow an 80 sf sign mounted at 42’ on the Hopper Street façade, within the third-floor tenant space and an 80 sf sign mounted at 43’ on the 28th Street façade, within the third-floor tenant space, is DENIED, without prejudice to submit a revised signage plan.",https://www.pittsburghpa.gov/files/assets/city/v/1/dcp/documents/zoning-board-of-adjustment/75-hopper-place-154-of-2025-zba-decision.pdf,
6 of 2026,BDA-2025-11682,2026-02-12,2026-03-11,27,1200 Goettmann Street,24-G-270,P,Troy Hill,Community Center with Outdoor Recreation,Community center with outdoor recreation,Community center,,,"SE|911.02/911.04.A.14|community center (general);SE|916.04.B/916.09|trash area residential compatibility 30' / 13'-4"";V|905.01.C|front setback 30' / 23'-4"" (bldg), 20' (parking)","SE|911.02/911.04.A.14|community center (general) || SE|916.04.B/916.09|trash area residential compatibility 30' / 13'-4"" || V|905.01.C|front setback 30' / 23'-4"" (bldg), 20' (parking)",A,Approved,The Applicant’s request for special exceptions pursuant to Sections 911.02/911.04.A.14 and 916.04/916.09 and variances from Section 905.01.c to allow for the construction of a community center and six-car parking area on the Subject Property is hereby APPROVED.,https://www.pittsburghpa.gov/files/assets/city/v/1/dcp/documents/zoning-board-of-adjustment/1200-goettman-street-6-of-2026.pdf,
181 of 2025,BDA-2025-11615,2026-02-12,2026-03-26,42,3520 Forbes Avenue,28-F-368,UC-E,Central Oakland,Wall Signs,Wall signs (window decals),Signage (temporary),,,V|919.03.M.5(a)|wall sign 80 sf / 185 and 219 sf,V|919.03.M.5(a)|wall sign 80 sf / 185 and 219 sf,AC,Approved with conditions,"The Applicant’s request for a variance from Section 919.03.M.5(a) to install window decals that exceed the Code’s maximum sign area standard is hereby APPROVED; subject to the condition that the signs shall be removed when the interior renovations are complete or no later than September 1, 2026.",https://www.pittsburghpa.gov/files/assets/city/v/1/dcp/documents/zoning-board-of-adjustment/bda-2025-11615-3520-forbes-ave-decision.pdf,
169 of 2025,BDA-2025-11184,2026-02-12,2026-03-18,34,724 Maryland Avenue,"84-N-275, 84-N-277",R2-M,Shadyside,Three two-unit residential buildings,Three two-unit buildings on three new lots,New 2-unit residential x3 (6 units),NEW,6,"V|903.03.C|exterior side 30' / 13'-5""; rear 30' / 9'; front 30' / 5'","V|903.03.C|exterior side 30' / 13'-5""; rear 30' / 9'; front 30' / 5'",D,Denied,The Applicant’s request for variances from Section 903.03.C.2 to allow for the construction of three two-unit residential structures with limited setbacks on three new lots is hereby DENIED.,https://www.pittsburghpa.gov/files/assets/city/v/1/dcp/documents/zoning-board-of-adjustment/bda-2025-11184-724-maryland-ave-decision.pdf,
177 of 2025,DCP-PAP-2025-00304,2026-02-19,2026-04-06,46,115 E. Jefferson Street,23-F-175,R1A-VH,Central Northside,Appeal of DCP-ZDR-2023-06154 for construction of a rear,Neighbor appeal of deck approval,Third-party appeal (deck),,,APPEAL|923.02.B/D (925.06.G)|appeal of Administrator Exception for deck in side setback - granted in part (3.5' usable setback),APPEAL|923.02.B/D (925.06.G)|appeal of Administrator Exception for deck in side setback - granted in part (3.5' usable setback),S,Split (part approved / part denied),"The appeal is DENIED in part and GRANTED in part. The deck may be constructed using the existing footers, within the interior side setback on the 117 E. Jefferson Street side of the parcel. However, the usable portion of the deck must maintain a setback of at least 3.5’ from the shared property line, using the deck railing to create the required separation and prevent use of the setback area.",https://www.pittsburghpa.gov/files/assets/city/v/1/dcp/documents/zoning-board-of-adjustment/dcp-pap-2025-00304-115-e.-jefferson-decision.pdf,
5 of 2026,BDA-2025-11386,2026-02-19,2026-04-02,42,756 S. Millvale Avenue,"51-J-43, 51-J-46",R2-M,Bloomfield,Expansion of Existing Parking Area for Rental Car Business,Parking expansion for rental car business,Expansion of nonconforming use (rental car lot),,,SE|921.02.A.1|expansion of nonconforming use;V|921.02.A.1.a.1|expansion beyond % limit;V|903.03.C.2|front setback 30' / 2'; interior side 5' / 1',SE|921.02.A.1|expansion of nonconforming use || V|921.02.A.1.a.1|expansion beyond % limit || V|903.03.C.2|front setback 30' / 2'; interior side 5' / 1',A,Approved,"The Applicant’s request for a special exception pursuant to Section 921.02.A.1 and variances from Sections 921.02.A.1(a)(1) and 903.03.C.2 to allow the replacement of an existing garage with a 2,000 sf surface parking area for a non-conforming rental car agency use is hereby APPROVED.",https://www.pittsburghpa.gov/files/assets/city/v/1/dcp/documents/zoning-board-of-adjustment/bda-2025-11386-756-s-millvale-ave-decision.pdf,
4 of 2026,BDA-2025-12890,2026-02-19,2026-03-10,19,802 Boggs Avenue,15-J-81,R1D-H,Mount Washington,Use of existing building for two dwelling units,Use of existing building for two units,Existing 2 units (review),LEGAL,,REVIEW|911.02|2-unit residential in R1D-H - nonconforming status,REVIEW|911.02|2-unit residential in R1D-H - nonconforming status,NC,Nonconforming status confirmed (review),The use of the structure for two units is legally non-conforming and may continue.,https://www.pittsburghpa.gov/files/assets/city/v/1/dcp/documents/zoning-board-of-adjustment/802-boggs-ave-4-of-2026.pdf,
15 of 2026,BDA-2026-00608,2026-02-19,2026-03-09,18,814 Kroll Drive,7-F-25,RIV-IMU,Chateau,Helistop,Temporary helistop,Temporary helistop,,,"SE|911.02/911.04.A.28,31,32|helistop use;SE|914.07.G.2|off-site parking;V|911.04.A.28(H)|50' setback from lot lines - reduced;V|905.04.E.4|riverfront 125' setback - reduced for fence","SE|911.02/911.04.A.28,31,32|helistop use || SE|914.07.G.2|off-site parking || V|911.04.A.28(H)|50' setback from lot lines - reduced || V|905.04.E.4|riverfront 125' setback - reduced for fence",AC,Approved with conditions,"The Applicant’s request for special exceptions pursuant to Sections 911.02, 911.04.A.28, 911.04.A.31, 911.03.A.32 and 914.07.G.2, and variances from Sections 911.04.28(H) and 905.04.E.4 to allow the construction of a temporary helistop, with 2 offsite parking spaces, is hereby APPROVED; subject to the following conditions: • The temporary helistop will be permitted for a period of no more than 90 ",https://www.pittsburghpa.gov/files/assets/city/v/1/dcp/documents/zoning-board-of-adjustment/814-kroll-drive-15-of-2026-1.pdf,
8 of 2026,BDA-2025-03714,2026-02-19,2026-03-26,35,Grape Street,14-R-230,R1D-H,Knoxville,Construction of playground,Playground construction,Public playground,,,"SE|911.02/911.04.A.46|parks and recreation (limited);SE|916.04.A/916.09|residential compatibility playground setback 50' / 18'-11"";V|903.03.D.2/912.03|front setback 15' / 3'; exterior side 15' / 0' and 9'","SE|911.02/911.04.A.46|parks and recreation (limited) || SE|916.04.A/916.09|residential compatibility playground setback 50' / 18'-11"" || V|903.03.D.2/912.03|front setback 15' / 3'; exterior side 15' / 0' and 9'",A,Approved,The Applicant’s request for special exceptions pursuant to Sections 911.02/916.04.A and Sections 916.04/916.09 and variances from Section 903.03.D to allow a parks and recreation (limited) use with play equipment proximate to a residential property and a rainwater collection feature with limited setbacks is hereby APPROVED.,https://www.pittsburghpa.gov/files/assets/city/v/1/dcp/documents/zoning-board-of-adjustment/bda-2025-03714-grape-street-decision.pdf,
103 of 2025,DCP-LOT-2025-00171,2026-03-05,2026-04-01,27,150 Almond Way,49-A-295,RIV-IMU,Central Lawrenceville,Subdivision,Subdivision into two lots (existing rowhouses),Subdivision of existing rowhouses,,,V|911.02|single-unit attached residential prohibited in RIV-IMU,V|911.02|single-unit attached residential prohibited in RIV-IMU,A,Approved,"The Applicant’s request for a variance from Section 911.02 to allow subdivision of the Subject Property into two parcels, each to be used for a single-unit attached residential use, is hereby APPROVED.",https://www.pittsburghpa.gov/files/assets/city/v/1/dcp/documents/zoning-board-of-adjustment/dcp-lot-2025-00171-150-almond-way-decision.pdf,
9 of 2026,BDA-2025-10163,2026-03-05,2026-04-13,39,1709 Termon Avenue,75-B-101,R2-M,Brighton Heights,Use of accessory dumpster,Dumpster enclosure,Accessory dumpster enclosure,,,V|903.03.C.2|front setback 20' / 0'; side 5' / 1',V|903.03.C.2|front setback 20' / 0'; side 5' / 1',A,Approved,The Applicant’s request for dimensional variances from Section 903.03.C.2 to allow a dumpster enclosure with limited front and side setback is hereby APPROVED.,https://www.pittsburghpa.gov/files/assets/city/v/1/dcp/documents/zoning-board-of-adjustment/1709-termon-avenue-9-of-2026.pdf,
12 of 2026,BDA-2025-12114,2026-03-05,2026-04-07,33,200 The Boulevard,"60-H-32, 30, 28",R1D-H,Carrick,New parking area and playground at existing school,New parking area and playground at school,"School site (parking, playground, dumpster)",,,"V|903.03.D.2|front setback 15' / 3' and 5' (parking); side 5' / 1' (dumpster);V|912.04.K.1|front-yard fence 4' max / 5';V|912.04|accessory structure height 15' / 15'-11"";SE|916.04.B/916.09|dumpster residential compatibility;SE|916.04.A/916.09|playground residential compatibility","V|903.03.D.2|front setback 15' / 3' and 5' (parking); side 5' / 1' (dumpster) || V|912.04.K.1|front-yard fence 4' max / 5' || V|912.04|accessory structure height 15' / 15'-11"" || SE|916.04.B/916.09|dumpster residential compatibility || SE|916.04.A/916.09|playground residential compatibility",AC,Approved with conditions,"The Applicant’s request for special exceptions pursuant to Sections 916.04 916.09 to allow waiver of the dumpster and playground location requirements and dimensional variances from Sections 902.03.D, 912.04.K and 912.04 to allow for the installation of a new playground, parking areas and dumpster enclosure for the Roosevelt School parcels is hereby APPROVED, subject to the condition of compliance",https://www.pittsburghpa.gov/files/assets/city/v/1/dcp/documents/zoning-board-of-adjustment/bda-2025-12114-200-the-boulevard-decision.pdf,
1 of 2026,BDA-2025-09438,2026-03-05,2026-04-17,43,3108 McClure Avenue,"44-D-78, 80, 81-B and 83",UI,Marshall Shadeland,Use of lot for construction material storage,Lot for construction material storage,Appeal of use determination (material storage),,,APPEAL|911.03|ZA determination that use is most similar to salvage yard,APPEAL|911.03|ZA determination that use is most similar to salvage yard,APD,Appeal denied (administrator upheld),"The Applicant/Appellant’s protest appeal is DENIED. Because the use is not permitted in UI Districts, the use is not permitted on the Subject Property.",https://www.pittsburghpa.gov/files/assets/city/v/1/dcp/documents/zoning-board-of-adjustment/3108-mcclure-avenue-1-of-2026-zba-decision.pdf,
10 of 2026,BDA-2025-12551,2026-03-05,2026-04-13,39,5409 Hillcrest Street,"50-H-144, 142, 140",R2-H,Garfield,Three Houses,Three houses,New single-unit houses (3),NEW,3,V|903.03.D.2/925.06.C|interior side setback 3' / 0',V|903.03.D.2/925.06.C|interior side setback 3' / 0',AC,Approved with conditions,"The Applicant’s request for variances from Sections 903.03.D.2/925.06.C to allow the construction of three houses with 0’ side setbacks, as described to the Board, is hereby APPROVED; subject to the condition that a fence shall be constructed along the property line shared with the 413 N. Graham Street parcel.",https://www.pittsburghpa.gov/files/assets/city/v/1/dcp/documents/zoning-board-of-adjustment/5409-hillcrest-street-10-of-2026.pdf,
146 of 2025,BDA-2025-00389,2026-03-05,2026-04-07,33,935 South Side Avenue,47-E-22,R1D-L,Spring Hill City View,Fence,Fence,Fence,,,V|912.04.K.1|front/exterior-side fence 4' open max / 6' solid,V|912.04.K.1|front/exterior-side fence 4' open max / 6' solid,AC,Approved with conditions,"The Applicant’s request for a variance from Section 912.04.K(1) to allow a 6’ high solid wood fence within the exterior side yard of the Subject Property is hereby APPROVED, subject to the conditions that the 14’ setback from the South Side Avenue/Luella Street corner is maintained and that no additional fencing is installed with the required approvals.",https://www.pittsburghpa.gov/files/assets/city/v/1/dcp/documents/zoning-board-of-adjustment/bda-2025-00389-935-s-side-ave-decision.pdf,
13 of 2026,BDA-2026-00053,2026-03-12,2026-04-27,46,119 Kearsarge Street,4-B-209,R2-H,Mount Washington,Parking Pad,Two-car parking pad,Front-yard parking pad,,,V|912.04.L.3|front yard parking prohibited,V|912.04.L.3|front yard parking prohibited,AC,Approved with conditions,The Applicant’s request for a variance from Section 912.04.L.3 to construct a two-car front yard parking pad is hereby APPROVED; subject to the Department of Mobility and Infrastructure’s review and issuance of approval for the proposed curb cut.,https://www.pittsburghpa.gov/files/assets/city/v/1/dcp/documents/zoning-board-of-adjustment/119-kearsarge-street-13-of-2026-zba-decision.pdf,
149 of 2025,DCP-LOT-2025-00247,2026-03-12,2026-04-14,33,1316 Juniata Street,"22-K-76, 77",R1A-VH,Manchester,Subdivision,Subdivision,Subdivision (no street frontage),,,V|926.129|street frontage required,V|926.129|street frontage required,A,Approved,The Applicant’s request for a variance from Section 926.129 to allow a subdivision of the Subject Property that creates two parcels that do not have street frontage is hereby APPROVED.,https://www.pittsburghpa.gov/files/assets/city/v/1/dcp/documents/zoning-board-of-adjustment/1316-juniata-street-149-of-2026-zba-decision.pdf,URL says 149-of-2026; PDF says 149 of 2025
14 of 2026,BDA-2024-06371,2026-03-12,2026-04-27,46,4103 Beechwood Boulevard,54-L-184,RM-M,Beechwood,2-story garage,Two-story garage,Accessory garage height,,,"V|912.04.E|accessory height 15'/1 story / 20'-5""/2 stories","V|912.04.E|accessory height 15'/1 story / 20'-5""/2 stories",A,Approved,The Applicant’s request for a variance from Section 912.04.E to allow for the construction of a garage to a height that is not to exceed the height of 20’-5”/2- stories is hereby APPROVED.,https://www.pittsburghpa.gov/files/assets/city/v/1/dcp/documents/zoning-board-of-adjustment/4103-beechwood-boulevard-14-of-2026-zba-decision.pdf,
17 of 2026,BDA-2025-12751,2026-03-12,2026-04-27,46,4644 Forbes Avenue,52-N-59,EMI,North Oakland,Restaurant,Restaurant,Use (restaurant),,,SE|911.02/911.04.A.57|restaurant (general) in EMI,SE|911.02/911.04.A.57|restaurant (general) in EMI,A,Approved,"The Applicant’s request for a special exception pursuant to Section 911.04.A.57 to allow a 5,400 sf restaurant (general) use is hereby APPROVED.",https://www.pittsburghpa.gov/files/assets/city/v/1/dcp/documents/zoning-board-of-adjustment/4644-forbes-avenue-17-of-2026-zba-decision.pdf,
21 of 2026,BDA-2025-12010,2026-03-12,2026-04-27,46,710 Dunster Street,61-B-94,R1D-H,Brookline,Parking Pad,Parking pad,Front-yard parking pad,,,V|912.04.L.3|front yard parking prohibited,V|912.04.L.3|front yard parking prohibited,AC,Approved with conditions,"The Applicant’s request for a variance from Section 912.04.L.3 to allow a one- car parking pad is hereby APPROVED, subject to the Department of Mobility and Infrastructure’s review and issuance of approval for the proposed curb cut.",https://www.pittsburghpa.gov/files/assets/city/v/1/dcp/documents/zoning-board-of-adjustment/710-dunster-street-21-of-2026-zba-decision.pdf,
3 of 2026,BDA-2025-01446,2026-03-12,2026-04-25,44,East Jefferson Street,23-F-131,R1A-VH,Central Northside,House,New 3-story house on vacant lot,New single-unit house (+ neighbor appeal of deck AE denied),NEW,1,V|903.03.E|rear setback 15' req / 8' prop;APPEAL|923.02.B/D (925.06.G)|third-party appeal of Administrator Exception for decks in side setback - appeal denied,V|903.03.E|rear setback 15' req / 8' prop || APPEAL|923.02.B/D (925.06.G)|third-party appeal of Administrator Exception for decks in side setback - appeal denied,A,Approved,The Applicant’s request for a variance from Section 903.03.E to allow the construction of a house with a reduced rear setback is hereby APPROVED. The Appellants’ appeal of the Administrator’s Exception to reduce the required interior side setback for the three decks is hereby DENIED.,https://www.pittsburghpa.gov/files/assets/city/v/1/dcp/documents/zoning-board-of-adjustment/e-jefferson-street-3-of-2026-zba-decision.pdf,
22 of 2026,BDA-2025-12527,2026-03-19,2026-04-29,41,185 41st Street,49-B-145,LNC,Central Lawrenceville,Renovation of building for vehicle/equipment sales (limited),Vehicle sales,Use (vehicle sales),,,SE|911.02/911.04.A.75|vehicle/equipment sales (limited),SE|911.02/911.04.A.75|vehicle/equipment sales (limited),A,Approved,"The Applicant’s request for a special exception pursuant to Sections 911.02 and 911.04.A.75 to allow use the Subject Property for a vehicle/equipment sales (limited) use, as described to the Board, is hereby APPROVED.",https://www.pittsburghpa.gov/files/assets/city/v/1/dcp/documents/zoning-board-of-adjustment/185-41st-street-22-of-2026-zba-decision.pdf,
20 of 2026,BDA-2025-09448,2026-03-19,2026-04-29,41,3106 Viola Street,77-F-246,R1D-L,Perry North,Parking pad,Parking pad,Front-yard parking pad,,,V|912.04.L.3|front yard parking prohibited,V|912.04.L.3|front yard parking prohibited,AC,Approved with conditions,The Applicant’s request for a variance from Section 912.04.L.3 to allow a front yard parking pad is hereby APPROVED; subject to the Department of Mobility and Infrastructure’s review and issuance of approval for the proposed curb cut.,https://www.pittsburghpa.gov/files/assets/city/v/1/dcp/documents/zoning-board-of-adjustment/3106-viola-street-20-of-2026-zba-decision.pdf,
29 of 2026,BDA-2026-01129,2026-03-19,2026-03-25,6,600 Commonwealth Place,1-C-190,GT-D,Central Business District,Installation of Major Temporary Event Sign,Temporary event sign,Signage (temporary event),,,"V|919.05|temporary event sign 378 sf / 38,908 sf;V|919.03.M.7|electronic signs prohibited in GT;V|919.02.C/919.03.O|dwell/twirl time","V|919.05|temporary event sign 378 sf / 38,908 sf || V|919.03.M.7|electronic signs prohibited in GT || V|919.02.C/919.03.O|dwell/twirl time",AC,Approved with conditions,"The Applicant’s request for a variance from Sections 919.05, 919.03.M.7, 919.02.C and 919.O to allow a 38,908 sf temporary event sign on the Subject Property is hereby APPROVED; subject to the following conditions: • The temporary sign shall be permitted from April 18 through April 26, 2026 only; • The daily display time for the temporary sign shall be from approximately 8 p.m. until 11 p.m. only;",https://www.pittsburghpa.gov/files/assets/city/v/1/dcp/documents/zoning-board-of-adjustment/bda-2026-01129-600-commonwealth-place-decision.pdf,
16 of 2026,BDA-2026-00297,2026-04-02,2026-04-29,27,3315 Camp Street,27-B-14,R2-L,Upper Hill,Construction of House,Construction of house,New single-unit house,NEW,1,"V|903.03.B.2|rear setback 30' / 6'-11""; front 30' / 8'","V|903.03.B.2|rear setback 30' / 6'-11""; front 30' / 8'",A,Approved,The Applicant’s request for variances from Section 903.03.B.2 to allow the construction of a house with limited front and rear setbacks is hereby APPROVED.,https://www.pittsburghpa.gov/files/assets/city/v/1/dcp/documents/zoning-board-of-adjustment/3315-camp-street-16-of-2026-zba-decision.pdf,
31 of 2026,BDA-2025-11639,2026-04-02,2026-05-04,32,51 Philander Street,129-G-211,R1D-L,Swisshelm Park,Parking Pad,Parking pad,Front-yard parking pad,,,V|912.04.L.3|front yard parking prohibited,V|912.04.L.3|front yard parking prohibited,AC,Approved with conditions,"The Applicant’s request for a variance from Section 912.04.L.3 is hereby APPROVED; subject to the condition that the Applicant shall provide landscaping to screen the parking pad from Philander Street, as described to the Board; and that the curb cut shall be reviewed and approved by the Department of Mobility and Infrastructure.",https://www.pittsburghpa.gov/files/assets/city/v/1/dcp/51-philander-street-31-of-2026.pdf,
24 of 2026,BDA-2026-00600,2026-04-02,2026-05-28,56,921 Saw Mill Run Boulevard,5-L-110,"UI, P",Duquesne Heights,Electronic Advertising Sign,Electronic advertising sign,Signage (electronic advertising),,,SE|919.02.C.3|electronic advertising sign,SE|919.02.C.3|electronic advertising sign,D,Denied,The application for a special exception to allow for the installation of a new electronic advertising sign on the Subject Property is DENIED.,https://www.pittsburghpa.gov/files/assets/city/v/1/dcp/documents/zoning-board-of-adjustment/921-saw-mill-run-boulevard-24-of-2026.pdf,
33 of 2026,EP-2026-01018,2026-04-09,2026-04-17,8,1400 Bennington Street,86-A-27,R1D-VL,Squirrel Hill North,Emergency Generator,Emergency generator,Accessory generator,,,V|903.03.A|exterior side setback 30' / 11',V|903.03.A|exterior side setback 30' / 11',A,Approved,"The Applicant’s request for a variance from Section 903.03.A to allow the installation of a generator with a limited exterior side setback, as described to the Board, is hereby APPROVED.",https://www.pittsburghpa.gov/files/assets/city/v/1/dcp/documents/zoning-board-of-adjustment/1400-bennington-ave-33-of-2026-zba-decision.pdf,
18 of 2026,BDA-2025-11995,2026-04-09,2026-05-15,36,3400 Fifth Avenue,"28-F-63, 67, 68, 69",UC-E,Central Oakland,Construction of 15 space commercial parking lot,15-space commercial parking lot,Use (commercial surface parking),,,V|911.02|commercial parking (limited) prohibited in UC-E;V|922.15|surface parking prohibited in UC-E,V|911.02|commercial parking (limited) prohibited in UC-E || V|922.15|surface parking prohibited in UC-E,AC,Approved with conditions,"The Applicant’s request for variances from Section 911.02 and 922.15 to allow for a commercial parking (limited) use for 13 spaces on the Subject Property, is APPROVED, subject to the condition of compliance with the Code’s requirements for surface parking.",https://www.pittsburghpa.gov/files/assets/city/v/1/dcp/3400-fifth-avenue-18-of-2026.pdf,
35 of 2026,BDA-2025-11814,2026-04-09,2026-05-07,28,4811 Butler Street,80-K-209,LNC,Central Lawrenceville,Electronic Sign,Electronic sign (already installed; ordered removed),Signage (electronic),,,V|919.03.O.3|electronic signs prohibited,V|919.03.O.3|electronic signs prohibited,D,Denied,"The Applicant’s request for a use variance from Section 919.03.O.3 to allow an electronic non-advertising sign on the Subject Property is hereby DENIED and the electronic sign, as installed, must be removed.",https://www.pittsburghpa.gov/files/assets/city/v/1/dcp/4811-butler-street-35-of-2026.pdf,
32 of 2026,BDA-2025-11579,2026-04-09,2026-05-05,26,5253 Liberty Avenue,51-L-262,UNC,Bloomfield,Restaurant,Restaurant,Use (restaurant),,,SE|911.02/911.04.A.57|restaurant (general),SE|911.02/911.04.A.57|restaurant (general),A,Approved,"The Applicant’s request for a special exception pursuant to Sections 911.02 and 911.04.A.57 to allow a 3,600 restaurant (general) use on the Subject Property is hereby APPROVED.",https://www.pittsburghpa.gov/files/assets/city/v/1/dcp/5253-liberty-avenue-32-of-2026.pdf,
30 of 2025,EP-2026-00111,2026-04-09,2026-04-17,8,6615 Kinsman Road,126-N-306,R1D-L,Squirrel Hill North,Emergency Generator,Emergency generator,Accessory generator,,,V|903.03.B|side setback 5' / 6in,V|903.03.B|side setback 5' / 6in,A,Approved,"The Applicant’s request for a variance from Section 903.03.B to allow the installation of a generator with a limited side setback, as described to the Board, is hereby APPROVED.",https://www.pittsburghpa.gov/files/assets/city/v/1/dcp/documents/zoning-board-of-adjustment/6615-kinsman-road-30-of-2026-zba-decision.pdf,PDF header prints 30 of 2025; URL says 30 of 2026
41 of 2026,BDA-2026-00202,2026-05-07,2026-05-28,21,1400 Troy Hill Road,24-D-215,R1D-H,Troy Hill,Use of electronic sign for school,School electronic sign,"Signage (electronic, school)",,,V|919.03.O.3|electronic non-advertising sign not permitted in R1,V|919.03.O.3|electronic non-advertising sign not permitted in R1,AC,Approved with conditions,"The Applicant’s request for a variance from Section 919.03.O.3 to continue to use the electronic sign is hereby APPROVED, subject to the conditions that the sign is not enlarged and is used for static messaging only.",https://www.pittsburghpa.gov/files/assets/city/v/1/dcp/documents/zoning-board-of-adjustment/1400-troy-hill-road-41-of-2026.pdf,
26 of 2026,BDA-2026-00955,2026-05-07,2026-07-20,74,1700 Murray Avenue,86-L-13,LNC,Squirrel Hill South,Renovation of existing building for grocery store,Renovation for grocery store,Use (grocery store) + parking reduction,,,SE|911.02/911.04.A.83.c|grocery store (general);SE|914.02/914.11.A.1|parking 79 req / 23 prop,SE|911.02/911.04.A.83.c|grocery store (general) || SE|914.02/914.11.A.1|parking 79 req / 23 prop,AC,Approved with conditions,"The Applicant’s request for special exceptions pursuant to Sections 911.04.A.83.c and 914.11.A.1 to allow a grocery store (general) use, with 23 on- site parking spaces, on the Subject Property is APPROVED, subject to these conditions: • The hours of operations shall be approximately 8 a.m. until no later than 8 p.m., Sunday through Friday; • Customer seating area shall be limited to no more than ",https://www.pittsburghpa.gov/files/assets/city/v/1/dcp/documents/zoning-board-of-adjustment/1700-murray-avenue-26-of-2026.pdf,
2 of 2026,BDA-2025-10279,2026-05-07,2026-06-08,32,2100 Wharton Street,12-F-270,UI,South Side Flats,Roof Sign,Roof sign,Signage (roof),,,V|919.03.M.6.a|sign area 80 sf / 344.5 sf; height 40' / 90';V|919.01.E.6|roof signs prohibited,V|919.03.M.6.a|sign area 80 sf / 344.5 sf; height 40' / 90' || V|919.01.E.6|roof signs prohibited,D,Denied,"The Applicant’s request for variances from Sections 919.03.6.a and 919.01.E.6 to allow a 344 sf roof sign, mounted at 90’ above grade and above the parapet wall on the building on the Subject Property is hereby DENIED.",https://www.pittsburghpa.gov/files/assets/city/v/1/dcp/documents/zoning-board-of-adjustment/2100-wharton-street-2-of-2026.pdf,
25 of 2026,BDA-2025-12833,2026-05-07,2026-07-17,71,2501 Banksville Road,36-S-155,NDI,Banksville,Construction of Sheetz convenience and gasoline store,"Convenience/gas store; retail confirmed, service station denied without prejudice",Use (convenience store / service station),,,SE|911.02/911.04.A.65|convenience store/service station;V|911.04.A.65.f|150' from residential district / 30',SE|911.02/911.04.A.65|convenience store/service station || V|911.04.A.65.f|150' from residential district / 30',S,Split (part approved / part denied),"• Retail Sales Use: Pursuant to Section 911.02, the Board confirms that the proposed retail sales/convenience store use is permitted on the Subject Property, consistent with the plans provided to the Board and with no variances from the site development standards; parking, circulation, landscaping and screening requirements; and Residential Compatibility Standards; and • Service Station Use: The A",https://www.pittsburghpa.gov/files/assets/city/v/1/dcp/documents/zoning-board-of-adjustment/2501-banksville-road-25-of-2026.pdf,
42 of 2026,BDA-2026-01923,2026-05-07,2026-05-27,20,2860 Perrysville Avenue,77-K-325,R1D-H,Perry South,Change use from Funeral Home to Office,Funeral home to office,Change of nonconforming use (to office),,,SE|921.02.A.4|change of nonconforming use;SE|916.09|residential compatibility noise (HVAC),SE|921.02.A.4|change of nonconforming use || SE|916.09|residential compatibility noise (HVAC),A,Approved,The Applicant’s request for special exceptions pursuant to Sections 921.02.A.4 and 916.09 to permit the use of the Subject Property for an office use and two HVAC units that would operate at a 52 Dba sound level at night is hereby APPROVED.,https://www.pittsburghpa.gov/files/assets/city/v/1/dcp/documents/zoning-board-of-adjustment/2860-perrysville-avenue-42-of-2026.pdf,
36 of 2026,BDA-2025-12852,2026-05-07,2026-06-15,39,5904 Bryant Street,82-M-181,LNC,Highland Park,Addition to mixed use building for restaurant and three,Addition to mixed-use building for restaurant and three dwelling units,Mixed-use addition (restaurant + 3 DU),CONV,3,V|904.02.C|height 45'/3 stories / 38'/4 stories;SE|916.02.A.8/916.09|residential compatibility 15' rear setback waiver;V|914.02|parking 3 req / 1 prop;V|914.10|loading 1 req / 0 prop;SE|916.04.B/916.09|dumpster residential compatibility 30',V|904.02.C|height 45'/3 stories / 38'/4 stories || SE|916.02.A.8/916.09|residential compatibility 15' rear setback waiver || V|914.02|parking 3 req / 1 prop || V|914.10|loading 1 req / 0 prop || SE|916.04.B/916.09|dumpster residential compatibility 30',AC,Approved with conditions,"The Applicant’s request for variances from Sections 904.02.C, 914.02, and 914.10 and special exceptions pursuant to 916.02.A.8, 916.04.B and 916.09 to allow for the construction an addition onto an existing structure is hereby APPROVED, subject to the condition that a dumpster enclosure is provided.",https://www.pittsburghpa.gov/files/assets/city/v/1/dcp/documents/zoning-board-of-adjustment/5904-bryant-street-36-of-2026.pdf,
27 of 2026,BDA-2025-12930,2026-05-14,2026-06-23,40,116 15th Street,9-G-170,SP-8,Strip District,Wall Sign,Wall sign,Signage (wall sign height),,,V|919.03.M.7|wall sign height 40' / 69',V|919.03.M.7|wall sign height 40' / 69',D,Denied,The Applicant’s request for a variance from Section 919.03.M.7 to allow an 80 sf wall sign mounted at a height of 69’ from grade is hereby DENIED.,https://www.pittsburghpa.gov/files/assets/city/v/1/dcp/documents/zoning-board-of-adjustment/116-15th-street-27-of-2026.pdf,
47 of 2026,BDA-2026-01507,2026-05-14,2026-06-01,18,1222 Muldowney Avenue,184-J-237,R1D-L,Lincoln Place,Change of use from funeral home to medical office,Funeral home to dental office,Change of nonconforming use (to dental office),,,SE|921.02.A.4|change of nonconforming use,SE|921.02.A.4|change of nonconforming use,A,Approved,The Applicant’s request for a special exception pursuant to Section 921.02.A.4 to allow the change of use of the lower level of the structure from the non- conforming funeral home use to a dental office (limited) use is hereby APPROVED.,https://www.pittsburghpa.gov/files/assets/city/v/1/dcp/documents/zoning-board-of-adjustment/1222-muldowney-ave-47-of-2026.pdf,
45 of 2026,BDA-2025-08528,2026-05-14,2026-06-15,32,2227 Somers Drive,"10-F-200, 300, 400",RM-M,Bedford Dwellings,New Multi-Unit Residential Buildings,Seven multi-unit residential buildings,New multi-unit residential (7 buildings),NEW,multi,V|903.03.C.2|front 25' / 20' and 15'; exterior side 25' / 8'-15';V|912.04.K.1|fence 4' / 6';V|914.02|parking 46 req / 38 prop;V|914.05.D.2(a)|60% protected bike parking / 0;V|912.04|dumpster exterior side 25' / 15',V|903.03.C.2|front 25' / 20' and 15'; exterior side 25' / 8'-15' || V|912.04.K.1|fence 4' / 6' || V|914.02|parking 46 req / 38 prop || V|914.05.D.2(a)|60% protected bike parking / 0 || V|912.04|dumpster exterior side 25' / 15',A,Approved,"The Applicant’s request for variances from Sections 903.03.C.2, 914.02, 915.05, 912.04 and 912.01 to allow for the construction of seven multi-unit residential buildings, as described to the Board, is hereby APPROVED.",https://www.pittsburghpa.gov/files/assets/city/v/1/dcp/documents/zoning-board-of-adjustment/2227-somers-drive-45-of-2026.pdf,
40 of 2026,BDA-2026-01465,2026-05-14,2026-06-16,33,2728 Custer Avenue,94-B-306,R1D-L,Carrick,Change of use to religious assembly (general) and continued,Change to religious assembly,Use (religious assembly),,,SE|911.02/911.04.A.53|religious assembly (general);SE|914.07.G.2|off-site parking;V|903.03.B.2|front 30' / 0'; side 5' / 0' (parking);SE|916.04.C/916.09|residential compatibility parking setback 15' / 0',SE|911.02/911.04.A.53|religious assembly (general) || SE|914.07.G.2|off-site parking || V|903.03.B.2|front 30' / 0'; side 5' / 0' (parking) || SE|916.04.C/916.09|residential compatibility parking setback 15' / 0',AC,Approved with conditions,"The Applicant’s request for special exceptions pursuant to Sections 911.02, 911.04.A.53, 916.04.C, 916.09 and 914.07.G.2(a) and variances from the setback provisions in Section 903.03.B.2 to allow the use of the Subject Property as a religious assembly (general) use, with on-site and off-site parking, as described to the Board, is hereby APPROVED; subject to the condition that the Applicant record",https://www.pittsburghpa.gov/files/assets/city/v/1/dcp/documents/zoning-board-of-adjustment/2728-custer-street-40-of-2026.pdf,
57 of 2026,BDA-2026-01929,2026-05-14,2026-05-28,14,2729 Murray Avenue,87-G-64,RM-M,Squirrel Hill South,Change of use from medical office and retail sales and,Medical office/retail to office,Change of nonconforming use (to office),,,SE|921.02.A.4|change of nonconforming use,SE|921.02.A.4|change of nonconforming use,AC,Approved with conditions,"The Applicant’s request for a special exception pursuant to Section 921.02.A.4 to allow the change of use of the structure from the non-conforming retail and medical office uses to an office (general) use is hereby APPROVED, subject to compliance with the general hours of operation and operational details described to the Board.",https://www.pittsburghpa.gov/files/assets/city/v/1/dcp/documents/zoning-board-of-adjustment/2729-murray-ave-57-of-2026.pdf,
52 of 2026,DCP-LOT-2026-00072,2026-05-14,2026-05-28,14,353 Cedarville Street,26-D-399,R2-VH,Bloomfield,Subdivision,Subdivision,Subdivision (no street frontage),,,V|926.129|lot without street frontage,V|926.129|lot without street frontage,A,Approved,The Applicant’s request for a variance from Section 926.129 to allow the creation a lot without frontage on a street is hereby APPROVED.,https://www.pittsburghpa.gov/files/assets/city/v/1/dcp/documents/zoning-board-of-adjustment/353-cedarville-st-52-of-2026.pdf,
49 of 2026,BDA-2026-01366,2026-05-14,2026-06-24,41,5898 Wilkins Avenue,28-F-206,R1D-VL,Squirrel Hill North,Generator,Generator,Accessory generator,,,SE|916.09|residential compatibility noise waiver,SE|916.09|residential compatibility noise waiver,AC,Approved with conditions,The Applicant’s request for a special exception pursuant to Section 916.09 to waive the residential compatibility requirement for a emergency generator is hereby APPROVED; subject to the condition that the emergency generator shall only operate during emergencies and a monthly testing period.,https://www.pittsburghpa.gov/files/assets/city/v/1/dcp/documents/zoning-board-of-adjustment/5898-wilkins-avenue-49-of-2026.pdf,
23 of 2026,BDA-2025-06337,2026-05-14,2026-06-01,18,70 S 22nd Street,12-F-324,R1A-VH,South Side Flats,Change of use from offices to multi-unit residential,Offices to 6-unit residential,Conversion office to 6 units,CONV,6,SE|921.02.A.4|change of nonconforming use,SE|921.02.A.4|change of nonconforming use,AC,Approved with conditions,"The Applicant’s request for a special exception pursuant to Section 921.02.A.4 to allow the change of use of the structure from the non-conforming office use to a multi-unit residential use for six units is hereby APPROVED, subject to the conditions that on-site bicycle parking is provided and that the trash disposal area is screened.",https://www.pittsburghpa.gov/files/assets/city/v/1/dcp/documents/zoning-board-of-adjustment/70-s-22nd-st-23-of-2026.pdf,
53 of 2026,BDA-2026-00633,2026-05-21,2026-06-16,26,2306 Perrysville Avenue,46-K-124,R1D-H,Perry South,Use of building as two dwelling units,Use of building as two units,Existing 2 units (review),LEGAL,,REVIEW|911.02|2-unit residential in R1D-H - nonconforming status,REVIEW|911.02|2-unit residential in R1D-H - nonconforming status,NC,Nonconforming status confirmed (review),The use of the structure for two residential units is legally nonconforming and may continue.,https://www.pittsburghpa.gov/files/assets/city/v/1/dcp/documents/zoning-board-of-adjustment/2306-perrysville-avenue-53-of-2026.pdf,
46 of 2026,BDA-2026-01401,2026-05-21,2026-06-30,40,30 Isabella Street,8-H-211,RIV-NS,North Shore,High Wall Sign,High wall sign,Signage (high wall),,,V|919.03.M.7(c)|high wall sign; 2% facade area,V|919.03.M.7(c)|high wall sign; 2% facade area,AC,Approved with conditions,"The Applicant’s request for a variance from Section 919.03.M.7(C) to install a second high wall sign on the front façade of the building, at the Isabella Street/Range Way corner, is hereby APPROVED, subject to the conditions that the area of the sign does not exceed 2% of the area of the exposed façade of the Isabella Street/Range Way half of the building and that no additional signage is permitte",https://www.pittsburghpa.gov/files/assets/city/v/1/dcp/documents/zoning-board-of-adjustment/30-isabella-street-46-of-2026.pdf,
56 of 2026,BDA-2026-01015,2026-05-21,2026-06-16,26,320 Cedarhurst Street,15-M-131,R2-H,Beltzhoover,Ground Sign for Multi-Unit Residential Building,Ground sign,"Signage (ground sign, elderly housing)",,,V|919.01.F/919.03.N.2|ground sign identifying nonconforming use; 0' setback,V|919.01.F/919.03.N.2|ground sign identifying nonconforming use; 0' setback,A,Approved,The Applicant’s request for dimensional variances from Section 919.03.N to allow an 18 sf ground sign with a 0’ front setback to identify the approved housing for the elderly use on the Subject Property is hereby APPROVED.,https://www.pittsburghpa.gov/files/assets/city/v/1/dcp/documents/zoning-board-of-adjustment/320-cedarhurst-street-56-of-2026.pdf,
50 of 2026,BDA-2025-03224,2026-05-21,2026-07-01,41,625 W. Warrington Avenue,15-P-146,P,Mount Washington,Expansion of Existing Auto Sales Use,Expansion of auto sales use,Expansion of nonconforming use (auto sales),,,SE|921.02.A.1|expansion of nonconforming use;V|921.02.A.1|expansion >25%;V|905.01.C|front 30' / 0'; rear 20' / 0'; exterior side 20' / 0';V|918.03|screening,SE|921.02.A.1|expansion of nonconforming use || V|921.02.A.1|expansion >25% || V|905.01.C|front 30' / 0'; rear 20' / 0'; exterior side 20' / 0' || V|918.03|screening,AC,Approved with conditions,"The Applicant’s request for a special exception pursuant to Section 921.02.A.1 and variances from Sections 921.02.A.1, 905.01.c and 918.03 to allow the continued use of the property for the non-conforming automotive sales use, with the expansion to allow for a total of 23 on-site parking spaces, is hereby APPROVED; subject to the condition that the curb cut on W. Warrington Avenue shall be elimina",https://www.pittsburghpa.gov/files/assets/city/v/1/dcp/documents/zoning-board-of-adjustment/zone-case-50-–-w.-warrington-amended_1.pdf,
19 of 2026,BDA-2025-12227,2026-05-21,2026-07-06,46,Buena Vista Street,"23-A-192, 196, 213, 23-E-12",H,Perry South,Construction of 18 single-unit attached houses,18 single-unit attached houses,New attached single-unit (18 townhouses),NEW,18,V|911.02|unlisted use similar to multi-unit residential in H;V|905.02.C|height 3 stories / 4,V|911.02|unlisted use similar to multi-unit residential in H || V|905.02.C|height 3 stories / 4,AC,Approved with conditions,"The Applicant’s request for variances from Sections 911.02 and 905.02.C to allow for the construction of 18 four-story townhouse structures on the Subject Property is hereby APPROVED, subject to the conditions that the Applicant continues to work with the community regarding efforts to repair and improve Buena Vista Street and provides Perry Hilltop Citizens Council with regular updates regarding ",https://www.pittsburghpa.gov/files/assets/city/v/1/dcp/documents/zoning-board-of-adjustment/buena-vista-street-19-of-2026_1.pdf,
58 of 2026,BDA-2025-09345,2026-05-21,2026-06-18,28,Kendall Street,81-A-152,H,Upper Lawrenceville,Construction of two-unit residence,Construction of two-unit residence,New 2-unit residential,NEW,2,V|911.02|2-unit residential prohibited in H,V|911.02|2-unit residential prohibited in H,D,Denied,The Applicant’s request for a variance from Section 911.02 to permit the a two- unit residential use on the Subject Property is hereby DENIED.,https://www.pittsburghpa.gov/files/assets/city/v/1/dcp/documents/zoning-board-of-adjustment/kendall-street-58-of-2026.pdf,
43 of 2026,BDA-2026-01492,2026-06-04,2026-07-14,40,226 N. Negley Avenue,"83-J-277, 83-J-280",RM-M,East Liberty,Addition to existing non-conforming structure,Addition to nonconforming convenience store,Expansion of nonconforming use (convenience store),,,SE|921.02.A.2|change of nonconforming use;V|921.02.A.4|expansion >25%;V|903.03.C|rear 25' / 12'; exterior side 30' / less;V|914.10|loading 1 / 0;SE|916.04.B/916.09|dumpster residential compatibility,SE|921.02.A.2|change of nonconforming use || V|921.02.A.4|expansion >25% || V|903.03.C|rear 25' / 12'; exterior side 30' / less || V|914.10|loading 1 / 0 || SE|916.04.B/916.09|dumpster residential compatibility,AC,Approved with conditions,"The Applicant’s request for special exceptions pursuant to 921.02.A and 916.09 and variances from Sections 903.03.C, 921.02.A, and 914.10 to allow for the construction of an addition onto an existing non-conforming convenience store is hereby APPROVED; subject to these conditions: • The specific location of the dumpster shall be provided and the dumpster shall be screened in accordance with the Co",https://www.pittsburghpa.gov/files/assets/city/v/1/dcp/documents/zoning-board-of-adjustment/226-n-negley-ave-43-of-2026-1.pdf,
66 of 2026,BDA-2026-01363,2026-06-04,2026-07-10,36,2530 Josephine Street,12-S-239,UI,South Side Slopes,Use of building for two dwelling units,Use of building for two units (de facto),Existing 2 units (legalize),LEGAL,,SE|921.02.A.4|change of nonconforming use to 2-unit residential,SE|921.02.A.4|change of nonconforming use to 2-unit residential,AC,Approved with conditions,The Applicant’s request for a special exception pursuant to Code Section 921.02.A.4 to allow the use of the Subject Property for two residential units is hereby APROVED; subject to the condition that any additional work is completed in accordance with any required building permits.,https://www.pittsburghpa.gov/files/assets/city/v/1/dcp/documents/zoning-board-of-adjustment/2530-josephine-street-66-of-2026_1.pdf,
59 of 2026,BDA-2026-02291,2026-06-04,2026-07-07,33,7534 Kensington Street,176-A-281,R1D-L,Point Breeze,Parking Pad,Parking pad,Front-yard parking pad,,,V|912.04.L.3|front yard parking prohibited,V|912.04.L.3|front yard parking prohibited,D,Denied,The Applicant’s request for a variance from Section 912.04.L to allow for the construction of a one-car parking pad in the front yard of the Subject Property is hereby DENIED.,https://www.pittsburghpa.gov/files/assets/city/v/1/dcp/documents/zoning-board-of-adjustment/7534-kensington-street-59-of-2026_1.pdf,
63 of 2026,BDA-2026-03277,2026-06-04,2026-06-24,20,901 N. Saint Claire Street,82-R-93,R2-M,Highland Park,Change of use from convenience store to yoga studio,Convenience store to yoga studio,Change of nonconforming use (to yoga studio),,,SE|921.02.A.4|change of nonconforming use,SE|921.02.A.4|change of nonconforming use,AC,Approved with conditions,"The Applicant’s request for a special exception pursuant to Section 921.02.A.4 to allow the change of use of an 800 sf area within the structure from the non- conforming grocery store use to a yoga studio use is hereby APPROVED, subject to compliance with the general hours of operation and operational details described to the Board.",https://www.pittsburghpa.gov/files/assets/city/v/1/dcp/documents/zoning-board-of-adjustment/901-n-saint-claire-street-63-of-2026.pdf,
51 of 2026,BDA-2025-01286,2026-06-04,2026-07-20,46,Danley Street,"20-F-219, 225, 226, 230, 232, 234, 237, 237-1",H,Elliott,New construction of warehouse,Warehouse,New warehouse,,,V|911.02|warehouse (limited) prohibited in H;V|905.02.C|max site disturbance 50% / 79%;V|915.02.A.1(e)|retaining wall 10' / 13',V|911.02|warehouse (limited) prohibited in H || V|905.02.C|max site disturbance 50% / 79% || V|915.02.A.1(e)|retaining wall 10' / 13',AC,Approved with conditions,"The Applicant’s request for variances from Sections 911.02, 905.02.C, and 915.02.A.1 to allow for the construction a warehouse on the Subject Property is hereby APPROVED, consistent with the plans as presented to the Board.",https://www.pittsburghpa.gov/files/assets/city/v/1/dcp/documents/zoning-board-of-adjustment/danley-street-51-of-2026.pdf,
71 of 2026,BDA-2026-03415,2026-06-11,2026-07-27,46,107 6th Street,8-S-68,GT-C,Central Business District,Projecting Sign,Projecting sign,Signage (projecting),,,V|919.03.M|sign area 9 sf / 30 sf,V|919.03.M|sign area 9 sf / 30 sf,A,Approved,The Applicant’s request for a variance from Section 919.03.M to allow installation of a 30 sf projecting sign is hereby APPROVED.,https://www.pittsburghpa.gov/files/assets/city/v/1/dcp/documents/zoning-board-of-adjustment/107-6th-street-71-of-2026-part-2.pdf,
69 of 2026,BDA-2026-03534,2026-06-11,2026-07-21,40,1345 Windermere Drive,129-D-257,R1D-L,Swisshelm Park,Parking Pad,Parking pad,Front-yard parking pad,,,V|912.04.L.3|front yard parking prohibited,V|912.04.L.3|front yard parking prohibited,D,Denied,The Applicant’s request for a variance from Section 912.04.L.3 to allow a front yard parking pad is hereby DENIED.,https://www.pittsburghpa.gov/files/assets/city/v/1/dcp/documents/zoning-board-of-adjustment/1345-windermere-drive-69-of-2026.pdf,
72 of 2026,DCP-PAP-2026-00101,2026-06-11,2026-08-07,57,1639 Denniston Street,86-H-216,R2-L,Squirrel Hill North,Appeal of approval of BDA-2025-11422 for the construction of,Neighbor appeal of porch approval,Third-party appeal (porch),,,APPEAL|923.02.D/925.06.A.14|appeal of zoning approval of porch in front setback,APPEAL|923.02.D/925.06.A.14|appeal of zoning approval of porch in front setback,APD,Appeal denied (administrator upheld),"Upon consideration of the testimony and evidence presented, the Board concludes that the Appellant’s appeal was timely. Because the porch extension will not extend more than 9’ into the required front setback, the January 6, 2026 approval of BDA- 2025-11422 was proper and the appeal is DENIED.",https://www.pittsburghpa.gov/files/assets/city/v/1/dcp/documents/zoning-board-of-adjustment/1639-denniston-street-72-of-2026.pdf,
70 of 2026,BDA-2025-12731,2026-06-11,2026-07-22,41,2515 Banksville Road,36-S-27,NDI,Banksville,Install Wall Sign,Wall sign,Signage (wall),,,V|919.03.M.6(a)|wall sign 80 sf / 225 sf,V|919.03.M.6(a)|wall sign 80 sf / 225 sf,AC,Approved with conditions,"The Applicant’s request for a variance from Section 911.03.M.6(a) to allow the installation of a 225 sf wall sign on the Banksville Road side of the building is hereby APPROVED, subject to the condition that no additional signage will be permitted on that side of the building.",https://www.pittsburghpa.gov/files/assets/city/v/1/dcp/documents/zoning-board-of-adjustment/2515-banksville-road-70-of-2026.pdf,
68 of 2026,BDA-2026-03872,2026-06-11,2026-08-14,64,4337 Fifth Avenue,27-M-53,EMI,North Oakland,New construction of dormitory building,University dormitory,New dormitory (470 beds) + restaurant,,,SE|911.02/911.04.A.23|dormitory;SE|911.04.A.57.a|restaurant (general),SE|911.02/911.04.A.23|dormitory || SE|911.04.A.57.a|restaurant (general),AC,Approved with conditions,"The Applicant’s request for special exceptions pursuant to Code Sections 911.02, 911.04.A.23.b and 911.04.A.57.a. is hereby APPROVED; subject to the following conditions: 1. Residential occupancy of the building is not to exceed 470 individuals, who are to be primarily registered first year University students and the University’s residential life professionals; 2. Use of the building for occasion",https://www.pittsburghpa.gov/files/assets/city/v/1/dcp/documents/zoning-board-of-adjustment/4337-fifth-avenue-68-of-2026-1.pdf,Hearing date garbled in PDF text; taken from PDF header on re-read
39 of 2026,BDA-2026-01379,2026-06-11,2026-07-21,40,5742 Holden Street,"84-N-255, 84-N-260",R2-M,Shadyside,Occupancy for Multi-Unit Building,Occupancy for 16-unit building,Existing multi-unit (legalize 16 DU),LEGAL,,SE|921.02.A.4|change of nonconforming use,SE|921.02.A.4|change of nonconforming use,A,Approved,The Applicant’s request for a special exception pursuant to Section 921.02.A.4 to allow the use of the 5742 Holden Street building for 16 dwelling units is hereby APPROVED.,https://www.pittsburghpa.gov/files/assets/city/v/1/dcp/documents/zoning-board-of-adjustment/5742-holden-st-39-of-2026.pdf,
76 of 2026,BDA-2025-01786,2026-06-18,2026-07-21,33,3412 Ligonier Street,"26-A-5, 26-A-6, 26-A-7","R1A-H, LNC",Lower Lawrenceville,Use of 3-stall parking area accessory to existing religious,Three-stall parking area,Accessory parking lot for religious use,,,V|912.01.D|accessory use in different district;SE|916.04.C/916.09|residential compatibility 15' / 5',V|912.01.D|accessory use in different district || SE|916.04.C/916.09|residential compatibility 15' / 5',AC,Approved with conditions,The Applicant’s request for a variance from Section 912.01 and a special exception pursuant to Sections916.09/916.04.C to allow for the construction of a three-car parking lot on the Subject Property is hereby APPROVED; subject to the condition that the curb cut shall be reviewed by the Department of Mobility and Infrastructure.,https://www.pittsburghpa.gov/files/assets/city/v/1/dcp/documents/zoning-board-of-adjustment/3412-ligonier-street-76-of-2026.pdf,
38 of 2026,DCP-PAP-2026-00058,2026-06-18,2026-08-03,46,49th Street,80-F-97,RIV-MU,Central Lawrenceville,Appeal of the decision of the Zoning Administrator to approve,Appeal of parking plan for 15-unit residential,Third-party appeal (parking plan for 15-unit residential),NEW,15,"APPEAL|917.07.D.1|appeal of ZA approval of alternative access and parking plan - granted, approval vacated","APPEAL|917.07.D.1|appeal of ZA approval of alternative access and parking plan - granted, approval vacated",APG,Appeal granted (approval vacated),"Upon consideration of the testimony and evidence presented, the Board concludes that the Zoning Administrator’s February 13, 2026 approval of an alternative access and parking plan for the 15-unit residential use on the Subject Property was in error and the appeal of the approval is GRANTED and the approval is vacated.",https://www.pittsburghpa.gov/files/assets/city/v/1/dcp/documents/zoning-board-of-adjustment/49th-street-38-of-2026.pdf,
82 of 2026,BDA-2026-03730,2026-06-18,2026-07-22,34,5436 Walnut Street,52-D-244,LNC,Shadyside,Projecting Signs,Projecting signs,Signage (projecting),,,V|919.03.M.8|1 projecting sign / 2,V|919.03.M.8|1 projecting sign / 2,AC,Approved with conditions,"The Applicant’s request for a variance from Section 919.03.M.8 to allow for the installation of a second 3.5 sf projecting sign is hereby APPROVED, subject to the condition that no larger projecting signs and no additional signs are permitted.",https://www.pittsburghpa.gov/files/assets/city/v/1/dcp/documents/zoning-board-of-adjustment/5436-walnut-street-82-of-2026.pdf,
73 of 2026,BDA-2024-03589,2026-06-18,2026-07-23,35,962 Proctor Way,14-G-232,R1D-H,Allentown,Front yard parking pad,Existing front-yard parking pad,Front-yard parking pad (existing),,,V|912.04.L.3|front yard parking prohibited,V|912.04.L.3|front yard parking prohibited,AC,Approved with conditions,"The Applicant’s request for a variance from Section 912.03.L.3 to allow the continued use of the parking pad that is located in the front yard of the Subject Property is hereby APPROVED, subject to continued compliance with DOMI’s requirements for the curb cut.",https://www.pittsburghpa.gov/files/assets/city/v/1/dcp/documents/zoning-board-of-adjustment/962-proctor-way-73-of-2026.pdf,PDF cites 912.03.L.3; substance is 912.04.L.3
83 of 2026,BDA-2026-04217,2026-07-02,2026-07-23,21,1518 Valentine Street,24-D-136,R1D-H,Troy Hill,Parking Pad,Parking pad,Front-yard parking pad,,,V|912.04.L.3|front yard parking prohibited,V|912.04.L.3|front yard parking prohibited,AC,Approved with conditions,The Applicant’s request for a variance from Section 912.03.M.7 to allow the construction of a front yard parking pad is hereby APPROVED; subject to the condition that the curb cut shall be reviewed by the Department of Mobility and Infrastructure.,https://www.pittsburghpa.gov/files/assets/city/v/1/dcp/documents/zoning-board-of-adjustment/1518-valentine-street-83-of-2026.pdf,PDF cites 912.03.M.7; substance is front-yard parking (912.04.L.3)
94 of 2026,BDA-2026-12682,2026-07-02,2026-07-06,4,5231 Penn Avenue,50-L-306,R1D-H,Garfield,Temporary use of building for passport academy,Temporary school use,Use (temporary school),,,SE|911.02/911.04.A.63.a|school (limited) temporary,SE|911.02/911.04.A.63.a|school (limited) temporary,AC,Approved with conditions,"The Applicant’s request for a special exception pursuant to Sections 911.02 and 911.04.A.63.a to allow the temporary use of the building on the Subject Property as a School, Elementary or Secondary (Limited) until the conclusion of the 2026-2027 school year is hereby APPROVED, subject to compliance with the operational details described to the Board.",https://www.pittsburghpa.gov/files/assets/city/v/1/dcp/documents/zoning-board-of-adjustment/5231-penn-avenue-94-of-2027_1.pdf,PDF cites BDA-2026-12682; meeting page lists BDA-2025-12682; URL says 94-of-2027
98 of 2026,BDA-2026-04103,2026-07-16,2026-08-17,32,1013 Chestnut Street,24-J-238,R1A-VH,East Allegheny,Use of structure for two dwelling units,Office/apartment to 2-unit,Conversion office/apt to 2 units,CONV,2,SE|921.02.A.4|change of nonconforming use,SE|921.02.A.4|change of nonconforming use,A,Approved,The Applicant’s request for a special exception pursuant to Code Section 921.02.A.4 to allow the use of the Subject Property for two residential units is hereby APROVED.,https://www.pittsburghpa.gov/files/assets/city/v/1/dcp/documents/zoning-board-of-adjustment/1013-chestnut-street-98-of-2026.pdf,
95 of 2026,BDA-2026-02224,2026-07-16,2026-08-13,28,1134 Sheffield Street,22-R-148,RM-M,Manchester,Fence,8-ft open fence,Fence,,,V|912.04.K.2|fence in exterior side setback,V|912.04.K.2|fence in exterior side setback,A,Approved,The Applicant’s request for a variance from Section 912.04.K to allow the use of a 8’ high open fence within the exterior side setback is hereby APPROVED.,https://www.pittsburghpa.gov/files/assets/city/v/1/dcp/documents/zoning-board-of-adjustment/1134-sheffield-street-95-of-2026.pdf,
101 of 2026,BDA-2026-02153,2026-07-16,2026-08-28,43,2560 Smallman Street,25-N-104,RIV-IMU,Strip District,New construction of 38-unit multi-unit residential building,38-unit multi-unit building,New multi-unit residential (38 units),NEW,38,V|914.02 (decision cites 905.04.I.1(b))|max parking 38 / 68,V|914.02 (decision cites 905.04.I.1(b))|max parking 38 / 68,A,Approved,The Applicant’s request for a variance from Section 905.04.l.1(b) to allow for a parking structure on the Subject Property that would accommodate a total of 68 parking spaces is hereby APPROVED.,https://www.pittsburghpa.gov/files/assets/city/v/1/dcp/documents/zoning-board-of-adjustment/2560-smallman-street-101-of-2026.pdf,"Meeting page lists BDA-2026-04520; PDF cites BDA-2026-02153; relief table cites 914.02, decision cites 905.04.I.1(b)"
96 of 2026,BDA-2026-02055,2026-07-16,2026-08-18,33,Rockland Avenue,35-D-22,R1D-H,Beechview,New construction of structure for two residential units,New two-unit structure,New 2-unit residential,NEW,2,V|911.02|2-unit residential not permitted in R1D-H (DENIED);V|903.03.D.2|exterior side 15' / 5' (APPROVED),V|911.02|2-unit residential not permitted in R1D-H (DENIED) || V|903.03.D.2|exterior side 15' / 5' (APPROVED),S,Split (part approved / part denied),The Applicant’s request for a use variance from Section 911.02 to allow a two- unit residential use on the Subject Property is hereby DENIED and the request for a dimensional variance from the exterior side setback requirement in Section 903.03.D.2 to allow a 5’ exterior side setback for the proposed structure is hereby APPROVED. 3,https://www.pittsburghpa.gov/files/assets/city/v/1/dcp/documents/zoning-board-of-adjustment/rockland-avenue-96-of-2026.pdf,
