zon_new,full_zoning_type,single_detached,single_attached,two_unit,three_unit,multi_unit,elderly_limited,elderly_general,assisted_living_a,assisted_living_b,assisted_living_c,personal_care_small,personal_care_large,community_home,multi_suite_limited,multi_suite_general,interim_housing
AP,RESIDENTIAL/COMMERCIAL PLANNED UNIT DEVELOPMENT,per_plan,per_plan,per_plan,per_plan,per_plan,per_plan,per_plan,per_plan,per_plan,per_plan,per_plan,per_plan,per_plan,not_permitted,not_permitted,per_plan
CP,COMMERCIAL PLANNED UNIT DEVELOPMENT,not_permitted,not_permitted,not_permitted,not_permitted,not_permitted,per_plan,per_plan,per_plan,per_plan,not_permitted,per_plan,per_plan,per_plan,not_permitted,not_permitted,per_plan
EMI,EDUCATIONAL/MEDICAL INSTITUTION,by_right,not_permitted,not_permitted,not_permitted,za,za,za,za,zbe_special_exception,zbe_special_exception,za,za,zbe_special_exception,zbe_special_exception,zbe_special_exception,zbe_special_exception
GI,GENERAL INDUSTRIAL,not_permitted,not_permitted,not_permitted,not_permitted,not_permitted,not_permitted,not_permitted,not_permitted,not_permitted,not_permitted,not_permitted,zbe_special_exception,not_permitted,not_permitted,not_permitted,not_permitted
GPRA,GRANDVIEW PUBLIC REALM DISTRICT A,by_right,by_right,by_right,not_permitted,not_permitted,unknown,unknown,unknown,unknown,unknown,unknown,unknown,unknown,unknown,unknown,unknown
GPRB,GRANDVIEW PUBLIC REALM DISTRICT B,by_right,by_right,by_right,by_right,by_right,unknown,unknown,unknown,unknown,unknown,unknown,unknown,unknown,unknown,unknown,unknown
GPRC,GRANDVIEW PUBLIC REALM DISTRICT C,by_right,by_right,by_right,by_right,by_right,unknown,unknown,unknown,unknown,unknown,unknown,unknown,unknown,unknown,unknown,unknown
GT-A,GOLDEN TRIANGLE DISTRICT A,not_permitted,not_permitted,by_right,by_right,by_right,za,not_permitted,by_right,by_right,by_right,za,zbe_special_exception,zbe_special_exception,by_right,by_right,zbe_special_exception
GT-B,GOLDEN TRIANGLE DISTRICT B,not_permitted,not_permitted,by_right,by_right,by_right,za,not_permitted,by_right,by_right,by_right,za,zbe_special_exception,zbe_special_exception,by_right,by_right,zbe_special_exception
GT-C,GOLDEN TRIANGLE DISTRICT C,not_permitted,not_permitted,by_right,by_right,by_right,za,not_permitted,by_right,by_right,by_right,za,zbe_special_exception,zbe_special_exception,by_right,by_right,zbe_special_exception
GT-D,GOLDEN TRIANGLE DISTRICT D,not_permitted,not_permitted,by_right,by_right,by_right,za,not_permitted,by_right,by_right,by_right,za,zbe_special_exception,zbe_special_exception,by_right,by_right,zbe_special_exception
GT-E,GOLDEN TRIANGLE DISTRICT E,not_permitted,not_permitted,by_right,by_right,by_right,za,not_permitted,by_right,by_right,by_right,za,zbe_special_exception,zbe_special_exception,by_right,by_right,zbe_special_exception
H,HILLSIDE,za,zbe_special_exception,not_permitted,not_permitted,not_permitted,not_permitted,not_permitted,not_permitted,not_permitted,not_permitted,za,not_permitted,zbe_special_exception,not_permitted,not_permitted,not_permitted
HC,HIGHWAY COMMERCIAL,not_permitted,not_permitted,not_permitted,not_permitted,not_permitted,za,zbe_special_exception,by_right,by_right,not_permitted,za,zbe_special_exception,zbe_special_exception,not_permitted,not_permitted,zbe_special_exception
LNC,LOCAL NEIGHBORHOOD COMMERCIAL,by_right,by_right,by_right,by_right,by_right,za,zbe_special_exception,za,zbe_special_exception,zbe_special_exception,za,zbe_special_exception,zbe_special_exception,za,zbe_special_exception,zbe_special_exception
MTOBOR,MOUNT OLIVER BOROUGH,not_city_jurisdiction,not_city_jurisdiction,not_city_jurisdiction,not_city_jurisdiction,not_city_jurisdiction,not_city_jurisdiction,not_city_jurisdiction,not_city_jurisdiction,not_city_jurisdiction,not_city_jurisdiction,not_city_jurisdiction,not_city_jurisdiction,not_city_jurisdiction,not_city_jurisdiction,not_city_jurisdiction,not_city_jurisdiction
NDI,NEIGHBORHOOD INDUSTRIAL,by_right,by_right,by_right,by_right,by_right,za,zbe_special_exception,za,zbe_special_exception,zbe_special_exception,za,zbe_special_exception,zbe_special_exception,by_right,za,zbe_special_exception
NDO,NEIGHBORHOOD OFFICE,by_right,by_right,by_right,by_right,by_right,za,za,za,zbe_special_exception,zbe_special_exception,za,zbe_special_exception,zbe_special_exception,not_permitted,not_permitted,not_permitted
P,PARKS AND OPEN SPACE,by_right,not_permitted,not_permitted,not_permitted,not_permitted,not_permitted,not_permitted,not_permitted,not_permitted,not_permitted,not_permitted,not_permitted,not_permitted,not_permitted,not_permitted,not_permitted
R-MU,RESIDENTIAL MIXED USE,by_right,by_right,by_right,by_right,by_right,za,zbe_special_exception,za,zbe_special_exception,zbe_special_exception,za,zbe_special_exception,zbe_special_exception,by_right,by_right,zbe_special_exception
R1A-H,SINGLE-UNIT ATTACHED RESIDENTIAL HIGH DENSITY,by_right,by_right,not_permitted,not_permitted,not_permitted,zbe_special_exception,not_permitted,not_permitted,not_permitted,not_permitted,za,not_permitted,zbe_special_exception,not_permitted,not_permitted,not_permitted
R1A-M,SINGLE-UNIT ATTACHED RESIDENTIAL MODERATE DENSITY,by_right,by_right,not_permitted,not_permitted,not_permitted,zbe_special_exception,not_permitted,not_permitted,not_permitted,not_permitted,za,not_permitted,zbe_special_exception,not_permitted,not_permitted,not_permitted
R1A-VH,SINGLE-UNIT ATTACHED RESIDENTIAL VERY HIGH DENSITY,by_right,by_right,not_permitted,not_permitted,not_permitted,zbe_special_exception,not_permitted,not_permitted,not_permitted,not_permitted,za,not_permitted,zbe_special_exception,not_permitted,not_permitted,not_permitted
R1D-H,SINGLE-UNIT DETACHED RESIDENTIAL HIGH DENSITY,by_right,zbe_special_exception,not_permitted,not_permitted,not_permitted,zbe_special_exception,not_permitted,not_permitted,not_permitted,not_permitted,za,not_permitted,zbe_special_exception,not_permitted,not_permitted,not_permitted
R1D-L,SINGLE-UNIT DETACHED RESIDENTIAL LOW DENSITY,by_right,zbe_special_exception,not_permitted,not_permitted,not_permitted,zbe_special_exception,not_permitted,not_permitted,not_permitted,not_permitted,za,not_permitted,zbe_special_exception,not_permitted,not_permitted,not_permitted
R1D-M,SINGLE-UNIT DETACHED RESIDENTIAL MODERATE DENSITY,by_right,zbe_special_exception,not_permitted,not_permitted,not_permitted,zbe_special_exception,not_permitted,not_permitted,not_permitted,not_permitted,za,not_permitted,zbe_special_exception,not_permitted,not_permitted,not_permitted
R1D-VH,SINGLE-UNIT DETACHED RESIDENTIAL VERY HIGH DENSITY,by_right,zbe_special_exception,not_permitted,not_permitted,not_permitted,zbe_special_exception,not_permitted,not_permitted,not_permitted,not_permitted,za,not_permitted,zbe_special_exception,not_permitted,not_permitted,not_permitted
R1D-VL,SINGLE-UNIT DETACHED RESIDENTIAL VERY LOW DENSITY,by_right,zbe_special_exception,not_permitted,not_permitted,not_permitted,zbe_special_exception,not_permitted,not_permitted,not_permitted,not_permitted,za,not_permitted,zbe_special_exception,not_permitted,not_permitted,not_permitted
R2-H,TWO-UNIT RESIDENTIAL HIGH DENSITY,by_right,by_right,by_right,not_permitted,not_permitted,zbe_special_exception,not_permitted,zbe_special_exception,not_permitted,not_permitted,za,zbe_special_exception,zbe_special_exception,not_permitted,not_permitted,not_permitted
R2-L,TWO-UNIT RESIDENTIAL LOW DENSITY,by_right,by_right,by_right,not_permitted,not_permitted,zbe_special_exception,not_permitted,zbe_special_exception,not_permitted,not_permitted,za,zbe_special_exception,zbe_special_exception,not_permitted,not_permitted,not_permitted
R2-M,TWO-UNIT RESIDENTIAL MODERATE DENSITY,by_right,by_right,by_right,not_permitted,not_permitted,zbe_special_exception,not_permitted,zbe_special_exception,not_permitted,not_permitted,za,zbe_special_exception,zbe_special_exception,not_permitted,not_permitted,not_permitted
R2-VH,TWO-UNIT RESIDENTIAL VERY HIGH DENSITY,by_right,by_right,by_right,not_permitted,not_permitted,zbe_special_exception,not_permitted,zbe_special_exception,not_permitted,not_permitted,za,zbe_special_exception,zbe_special_exception,not_permitted,not_permitted,not_permitted
R3-L,THREE-UNIT RESIDENTIAL LOW DENSITY,by_right,by_right,by_right,by_right,not_permitted,zbe_special_exception,zbe_special_exception,zbe_special_exception,not_permitted,not_permitted,za,zbe_special_exception,zbe_special_exception,not_permitted,not_permitted,not_permitted
R3-M,THREE-UNIT RESIDENTIAL MODERATE DENSITY,by_right,by_right,by_right,by_right,not_permitted,zbe_special_exception,zbe_special_exception,zbe_special_exception,not_permitted,not_permitted,za,zbe_special_exception,zbe_special_exception,not_permitted,not_permitted,not_permitted
RIV-GI,RIVERFRONT GENERAL INDUSTRIAL,not_permitted,not_permitted,not_permitted,not_permitted,not_permitted,not_permitted,not_permitted,not_permitted,not_permitted,not_permitted,not_permitted,not_permitted,not_permitted,not_permitted,not_permitted,not_permitted
RIV-IMU,RIVERFRONT INDUSTRIAL MIXED USE,not_permitted,not_permitted,by_right,by_right,by_right,za,zbe_special_exception,by_right,by_right,zbe_special_exception,za,zbe_special_exception,zbe_special_exception,by_right,za,zbe_special_exception
RIV-MU,RIVERFRONT MIXED USE,not_permitted,by_right,by_right,by_right,by_right,za,zbe_special_exception,za,zbe_special_exception,zbe_special_exception,za,zbe_special_exception,zbe_special_exception,by_right,za,zbe_special_exception
RIV-NS,RIVERFRONT NORTH SHORE,not_permitted,not_permitted,not_permitted,not_permitted,by_right,za,zbe_special_exception,by_right,by_right,by_right,za,zbe_special_exception,zbe_special_exception,by_right,by_right,zbe_special_exception
RIV-RM,RIVERFRONT MIXED RESIDENTIAL,not_permitted,by_right,by_right,by_right,by_right,zbe_special_exception,zbe_special_exception,za,zbe_special_exception,not_permitted,za,zbe_special_exception,zbe_special_exception,za,zbe_special_exception,not_permitted
RM-H,MULTI-UNIT RESIDENTIAL HIGH DENSITY,by_right,by_right,by_right,by_right,by_right,zbe_special_exception,zbe_special_exception,zbe_special_exception,zbe_special_exception,conditional_use,za,zbe_special_exception,zbe_special_exception,conditional_use,not_permitted,not_permitted
RM-M,MULTI-UNIT RESIDENTIAL MODERATE DENSITY,by_right,by_right,by_right,by_right,by_right,zbe_special_exception,zbe_special_exception,zbe_special_exception,zbe_special_exception,conditional_use,za,zbe_special_exception,zbe_special_exception,conditional_use,not_permitted,not_permitted
RM-VH,MULTI-UNIT RESIDENTIAL VERY HIGH DENSITY,by_right,by_right,by_right,by_right,by_right,zbe_special_exception,zbe_special_exception,zbe_special_exception,zbe_special_exception,conditional_use,za,zbe_special_exception,zbe_special_exception,conditional_use,not_permitted,not_permitted
RM-VL,MULTI-UNIT RESIDENTIAL VERY LOW DENSITY,by_right,by_right,by_right,by_right,by_right,zbe_special_exception,zbe_special_exception,zbe_special_exception,zbe_special_exception,conditional_use,za,zbe_special_exception,zbe_special_exception,conditional_use,not_permitted,not_permitted
RP,RESIDENTIAL PLANNED UNIT DEVELOPMENT,per_plan,per_plan,per_plan,per_plan,per_plan,conditional_use,conditional_use,zbe_special_exception,zbe_special_exception,zbe_special_exception,not_permitted,not_permitted,zbe_special_exception,not_permitted,not_permitted,unknown
SP-1,PITTSBURGH TECHNOLOGY CENTER,not_permitted,not_permitted,not_permitted,not_permitted,by_right,not_permitted,not_permitted,not_permitted,not_permitted,not_permitted,not_permitted,not_permitted,not_permitted,not_permitted,not_permitted,not_permitted
SP-10,ALMONO,by_right,by_right,by_right,by_right,by_right,by_right,by_right,unknown,unknown,unknown,unknown,unknown,unknown,unknown,unknown,unknown
SP-11,LOWER HILL,not_permitted,by_right,by_right,by_right,by_right,by_right,by_right,by_right,by_right,by_right,zbe_special_exception,zbe_special_exception,zbe_special_exception,by_right,by_right,zbe_special_exception
SP-4,STATION SQUARE,not_permitted,not_permitted,not_permitted,not_permitted,by_right,not_permitted,not_permitted,not_permitted,not_permitted,not_permitted,not_permitted,not_permitted,not_permitted,not_permitted,not_permitted,not_permitted
SP-5,SOUTHSIDE WORKS,not_permitted,by_right,not_permitted,not_permitted,by_right,not_permitted,not_permitted,not_permitted,not_permitted,not_permitted,not_permitted,not_permitted,not_permitted,not_permitted,not_permitted,not_permitted
SP-8,RIVERFRONT LANDING,not_permitted,by_right,by_right,by_right,by_right,za,za,by_right,by_right,by_right,za,zbe_special_exception,zbe_special_exception,by_right,by_right,zbe_special_exception
SP-9,BAKERY SQUARE,by_right,by_right,by_right,by_right,by_right,by_right,by_right,by_right,by_right,by_right,by_right,by_right,not_permitted,by_right,by_right,not_permitted
UC-E,URBAN CENTER EMPLOYMENT,not_permitted,not_permitted,not_permitted,not_permitted,za,za,zbe_special_exception,za,zbe_special_exception,zbe_special_exception,za,zbe_special_exception,zbe_special_exception,za,za,zbe_special_exception
UC-MU,URBAN CENTER MIXED USE,not_permitted,by_right,by_right,by_right,by_right,by_right,zbe_special_exception,za,zbe_special_exception,zbe_special_exception,za,zbe_special_exception,zbe_special_exception,by_right,by_right,zbe_special_exception
UI,URBAN INDUSTRIAL,not_permitted,not_permitted,not_permitted,not_permitted,zbe_special_exception,za,zbe_special_exception,by_right,by_right,zbe_special_exception,za,zbe_special_exception,zbe_special_exception,by_right,za,zbe_special_exception
UNC,URBAN NEIGHBORHOOD COMMERCIAL,by_right,by_right,by_right,by_right,by_right,za,zbe_special_exception,by_right,by_right,zbe_special_exception,za,zbe_special_exception,zbe_special_exception,by_right,za,zbe_special_exception
UPR-A,UPTOWN PUBLIC REALM DISTRICT A,not_permitted,not_permitted,by_right,by_right,by_right,by_right,by_right,by_right,by_right,by_right,za,zbe_special_exception,zbe_special_exception,by_right,by_right,zbe_special_exception
UPR-B,UPTOWN PUBLIC REALM DISTRICT B,by_right,by_right,by_right,by_right,by_right,by_right,by_right,za,zbe_special_exception,zbe_special_exception,za,zbe_special_exception,zbe_special_exception,za,zbe_special_exception,zbe_special_exception
