NAME,OFFNAME,ADDRESS,CITY,ZIP,LATITUDE,LONGITUDE,SERVTYPE_DESC
The Huntington National Bank,JEFFERSON BORO BRANCH,1633 State Route 51 South,Jefferson Hills,15025,40.259303,-79.917387,FULL SERVICE - BRICK AND MORTAR
The Huntington National Bank,MOON TOWNSHIP BRANCH,1007 Beaver Grade Rd,Moon Township,15108,40.50460999855056,-80.20605798820316,FULL SERVICE - BRICK AND MORTAR
The Huntington National Bank,GLASSPORT BRANCH,600 Monongahela Ave,Glassport,15045,40.325870020466795,-79.89269701758991,FULL SERVICE - BRICK AND MORTAR
S&T Bank,HOLIDAY PARK BRANCH,2388 Route 286,Pittsburgh,15239,40.463207592198096,-79.70546062280799,FULL SERVICE - BRICK AND MORTAR
S&T Bank,PENN HILLS  BRANCH,12262 Frankstown Rd,Pittsburgh,15235,40.47289400849161,-79.8196309617812,FULL SERVICE - BRICK AND MORTAR
S&T Bank,MONROEVILLE BRANCH,4385 Old William Penn Hwy,Monroeville,15146,40.44521901777256,-79.7667969762193,FULL SERVICE - BRICK AND MORTAR
S&T Bank,EAST OAKMONT BRANCH,2190 Hulton Rd,Verona,15147,40.52694500448504,-79.81595499432457,FULL SERVICE - BRICK AND MORTAR
"Dollar Bank, Federal Savings Bank",BLAWNOX BRANCH,201 Freeport Rd,Blawnox,15238,40.492181983074,-79.864801960003,FULL SERVICE - BRICK AND MORTAR
"Dollar Bank, Federal Savings Bank",SHALER BRANCH,810 Mount Royal Boulevard,Pittsburgh,15223,40.515430340017,-79.959028411335,FULL SERVICE - BRICK AND MORTAR
"PNC Bank, National Association",HILL DISTRICT BRANCH,1860 Centre Ave,Pittsburgh,15219,40.44277900384867,-79.98081001452208,FULL SERVICE - BRICK AND MORTAR
"PNC Bank, National Association",DIRECT/HOME/PHONE/INTERNET BRANCH,435 Grant St,Pittsburgh,15219,40.438850202955756,-79.99718644029039,FULL SERVICE - HOME BANKING
"PNC Bank, National Association",WATERFRONT OFFICE,338 Amity St,Homestead,15120,40.4092399917586,-79.91293797265409,FULL SERVICE - RETAIL
First Commonwealth Bank,HARMAR OFFICE,55 Alpha Dr W,Pittsburgh,15238,40.53891297920558,-79.83555599108132,FULL SERVICE - BRICK AND MORTAR
"NEXTIER BANK, NATIONAL ASSOCIATION",WEXFORD BRANCH,Route 19 And Bonnieview Drive,Wexford,15090,40.623436,-80.053767,FULL SERVICE - BRICK AND MORTAR
"NEXTIER BANK, NATIONAL ASSOCIATION",RICHLAND BRANCH,5552 William Flynn Hwy,Gibsonia,15044,40.63228201616195,-79.94011201892985,FULL SERVICE - BRICK AND MORTAR
KeyBank National Association,ELIZABETH BRANCH,810 Mckeesport Rd,Elizabeth,15037,40.279964013155535,-79.87564998673072,FULL SERVICE - BRICK AND MORTAR
"PNC Bank, National Association",FOREST HILLS BRANCH,2400 Ardmore Blvd,Pittsburgh,15221,40.41509097927022,-79.84752903685325,FULL SERVICE - BRICK AND MORTAR
"PNC Bank, National Association",SHADYSIDE BRANCH,5601 Walnut St,Pittsburgh,15232,40.45193200020674,-79.93200998750143,FULL SERVICE - BRICK AND MORTAR
KeyBank National Association,OAKLAND WEST BRANCH,3700 5th Ave,Pittsburgh,15213,40.441708006170444,-79.95787796562439,FULL SERVICE - BRICK AND MORTAR
KeyBank National Association,NORTH HILLS BRANCH,6203 Babcock Blvd,Pittsburgh,15237,40.55292001951156,-80.02294198610957,FULL SERVICE - BRICK AND MORTAR
KeyBank National Association,SOUTH HILLS VILLAGE BRANCH,1825 Washington Rd,Pittsburgh,15241,40.34589899719967,-80.05627899433313,FULL SERVICE - BRICK AND MORTAR
"PNC Bank, National Association",WHITE OAK BRANCH,1612 Lincoln Way,White Oak,15131,40.3473970109352,-79.81737296088477,FULL SERVICE - BRICK AND MORTAR
"PNC Bank, National Association",KENNEDY TOWNSHIP,576 Pine Hollow Rd,Mckees Rocks,15136,40.470040156851994,-80.0766934317514,FULL SERVICE - BRICK AND MORTAR
KeyBank National Association,MONROEVILLE MALL BRANCH,3979 William Penn Hwy,Monroeville,15146,40.43832772942459,-79.77322155098493,FULL SERVICE - BRICK AND MORTAR
"PNC Bank, National Association",SOUTHLAND BRANCH,451 Clairton Blvd,Pittsburgh,15236,40.33533100985704,-79.9449030309659,FULL SERVICE - BRICK AND MORTAR
KeyBank National Association,INGOMAR BRANCH,9605 Harmony Drive,Ingomar,15127,40.58079777629746,-80.06109862060407,FULL SERVICE - BRICK AND MORTAR
The Huntington National Bank,RAINBOW BRANCH,1985 Lincoln Way,White Oak,15131,40.338963014231524,-79.80955096884144,FULL SERVICE - BRICK AND MORTAR
"PNC Bank, National Association",BELLEVUE BRANCH,470 Lincoln Ave,Bellevue,15202,40.495421001918345,-80.05478902722466,FULL SERVICE - BRICK AND MORTAR
"PNC Bank, National Association",ST. CLAIR BANKING CENTER BRANCH,285 Fort Couch Road,Bethel Park,15241,40.347398,-80.056198,FULL SERVICE - BRICK AND MORTAR
"PNC Bank, National Association",WHITEHALL BRANCH,3701 Saw Mill Run Blvd,Pittsburgh,15227,40.37116800452171,-79.98189304023138,FULL SERVICE - BRICK AND MORTAR
"PNC Bank, National Association",LEBANON SHOPS BRANCH,300 Mount Lebanon Blvd,Pittsburgh,15234,40.36868398560617,-80.03485501745476,FULL SERVICE - BRICK AND MORTAR
"PNC Bank, National Association",CRAFTON BRANCH,1 Foster Ave,Crafton,15205,40.440933015402834,-80.06917497146371,FULL SERVICE - BRICK AND MORTAR
"PNC Bank, National Association",HAMPTON BRANCH,4960 William Flynn Hwy,Allison Park,15101,40.60214400319484,-79.94550996457482,FULL SERVICE - BRICK AND MORTAR
"PNC Bank, National Association",MIRACLE MILE PA BRANCH,4044 William Penn Hwy,Monroeville,15146,40.43714100049675,-79.76930500928746,FULL SERVICE - BRICK AND MORTAR
"PNC Bank, National Association",NATRONA HEIGHTS BRANCH,1700 Union Ave,Natrona Heights,15065,40.622098003803785,-79.72545298734934,FULL SERVICE - BRICK AND MORTAR
"PNC Bank, National Association",NOBLE MANOR BRANCH,2350 Noblestown Rd,Pittsburgh,15205,40.42746698503731,-80.05573098550352,FULL SERVICE - BRICK AND MORTAR
"PNC Bank, National Association",EAST LIBERTY BRANCH,5932 Centre Ave,Pittsburgh,15206,40.458889985671,-79.927483005415,FULL SERVICE - BRICK AND MORTAR
"PNC Bank, National Association",CARRICK BRANCH,2150 Brownsville Rd,Pittsburgh,15210,40.39183501172431,-79.98734697698957,FULL SERVICE - BRICK AND MORTAR
"PNC Bank, National Association",NORTH HILLS BRANCH,50 Mcintyre Square Dr,Pittsburgh,15237,40.553951999430524,-80.01930298284596,FULL SERVICE - BRICK AND MORTAR
"PNC Bank, National Association",CRAIG STREET BRANCH,4600 5th Ave,Pittsburgh,15213,40.44665299376783,-79.94866399092072,FULL SERVICE - BRICK AND MORTAR
"PNC Bank, National Association",POTTER BRANCH,437 Grant St,Pittsburgh,15219,40.43914599364584,-79.99732102267319,FULL SERVICE - BRICK AND MORTAR
"PNC Bank, National Association",HOMEWOOD BRANCH,618 N Homewood Ave,Pittsburgh,15208,40.45508598464312,-79.89687598305609,FULL SERVICE - BRICK AND MORTAR
"PNC Bank, National Association",LAWRENCEVILLE BRANCH,4101 Butler St,Pittsburgh,15201,40.469745011287614,-79.96137196196307,FULL SERVICE - BRICK AND MORTAR
"PNC Bank, National Association",OAKLAND BRANCH,4031 5th Ave,Pittsburgh,15213,40.443903017064514,-79.95629303155295,FULL SERVICE - BRICK AND MORTAR
"PNC Bank, National Association",SOUTH SIDE BRANCH,1736 Carson St,Pittsburgh,15203,40.428531989655,-79.980765003702,FULL SERVICE - BRICK AND MORTAR
"PNC Bank, National Association",SQUIRREL HILL BRANCH,5810 Forbes St,Pittsburgh,15217,40.437760004046,-79.922412959823,FULL SERVICE - BRICK AND MORTAR
"PNC Bank, National Association",SEWICKLEY BRANCH,401 Beaver St,Sewickley,15143,40.54142599950612,-80.18153103076924,FULL SERVICE - BRICK AND MORTAR
"PNC Bank, National Association",SHALER PLAZA BRANCH,880 Butler St,Pittsburgh,15223,40.511650000937124,-79.94487998073217,FULL SERVICE - BRICK AND MORTAR
"PNC Bank, National Association",WILKINSBURG BRANCH,701 Penn Ave,Wilkinsburg,15221,40.44383198043511,-79.88447302947029,FULL SERVICE - BRICK AND MORTAR
"PNC Bank, National Association",BETHEL PARK BRANCH,5110 Library Rd,Bethel Park,15102,40.33751897995245,-80.02618796193329,FULL SERVICE - BRICK AND MORTAR
"PNC Bank, National Association",MCKEESPORT BRANCH,560 Lysle Blvd,Mckeesport,15132,40.35177999192467,-79.85992201597426,FULL SERVICE - BRICK AND MORTAR
"PNC Bank, National Association",MOON TOWNSHIP BRANCH,931 Brodhead Rd,Moon Township,15108,40.517616993988696,-80.2227430046642,FULL SERVICE - BRICK AND MORTAR
"PNC Bank, National Association",BRENTWOOD DRIVE-IN BRANCH,3701 Saw Mill Run Blvd,Brentwood,15227,40.37116800452171,-79.98189304023138,LIMITED SERVICE - DRIVE THRU/DETACHED FACILITY
"PNC Bank, National Association",OAKMONT BRANCH,833 Allegheny Ave,Oakmont,15139,40.524745006358586,-79.84187100075272,FULL SERVICE - BRICK AND MORTAR
"PNC Bank, National Association",LIBRARY BRANCH,6290 Library Rd,Bethel Park,15102,40.29217598507748,-80.03105902114467,FULL SERVICE - BRICK AND MORTAR
"PNC Bank, National Association",WATERWORKS BRANCH,915 Freeport Rd,Pittsburgh,15238,40.4870989874411,-79.88776803942758,FULL SERVICE - BRICK AND MORTAR
"PNC Bank, National Association",STRIP DISTRICT BRANCH,2031 Penn Ave,Pittsburgh,15222,40.45171599856192,-79.98348903841502,FULL SERVICE - BRICK AND MORTAR
"PNC Bank, National Association",ROBINSON TOWNE CENTER BRANCH,2101 Park Manor Blvd,Pittsburgh,15205,40.452653011517896,-80.1709020231715,FULL SERVICE - BRICK AND MORTAR
"Citizens Bank, National Association",HAMPTON BRANCH,4761 Route 8,Allison Park,15101,40.59550665423563,-79.9478146915565,FULL SERVICE - BRICK AND MORTAR
"Citizens Bank, National Association",WHITEHALL BRANCH,70 Towne Square Way,Pittsburgh,15227,40.36776201816636,-79.98266803099898,FULL SERVICE - BRICK AND MORTAR
"Citizens Bank, National Association",CARNEGIE BRANCH,4 W Main St,Carnegie,15106,40.40662500560592,-80.0888489745971,FULL SERVICE - BRICK AND MORTAR
"Citizens Bank, National Association",MT. ROYAL BRANCH,1704 Mount Royal Blvd,Glenshaw,15116,40.525847017078576,-79.96201300991792,FULL SERVICE - BRICK AND MORTAR
"Citizens Bank, National Association",MONROEVILLE BRANCH,4210 William Penn Hwy,Monroeville,15146,40.43834698872564,-79.76175702165894,FULL SERVICE - BRICK AND MORTAR
"Citizens Bank, National Association",OAKMONT BRANCH,524 Allegheny River Blvd,Oakmont,15139,40.51840501861574,-79.84243099570388,FULL SERVICE - BRICK AND MORTAR
"Citizens Bank, National Association",SQUIRREL HILL BRANCH,1801 Murray Ave,Pittsburgh,15217,40.436736992763684,-79.92268403057135,FULL SERVICE - BRICK AND MORTAR
"Citizens Bank, National Association",EAST LIBERTY BRANCH,6112 Penn Ave,Pittsburgh,15206,40.46062101631455,-79.92346597831857,FULL SERVICE - BRICK AND MORTAR
"Citizens Bank, National Association",SOUTHSIDE BRANCH,2801 Carson Street,Pittsburgh,15203,40.426264,-79.965719,FULL SERVICE - BRICK AND MORTAR
"Citizens Bank, National Association",GATEWAY BRANCH,603 Stanwix St,Pittsburgh,15222,40.44223501833261,-80.0046329759083,FULL SERVICE - BRICK AND MORTAR
"Citizens Bank, National Association",OAKLAND BRANCH,3718 5th Ave,Pittsburgh,15213,40.441930000876056,-79.95765903031345,FULL SERVICE - BRICK AND MORTAR
"Citizens Bank, National Association",PLEASANT HILLS BRANCH,50 Old Clairton Rd,Pleasant Hills,15236,40.33896498397877,-79.96437100691925,FULL SERVICE - BRICK AND MORTAR
"Citizens Bank, National Association",PARKWAY-WEST BRANCH,6400 Steubenville Pike,Pittsburgh,15205,40.44882700799445,-80.15786799609562,FULL SERVICE - BRICK AND MORTAR
"Citizens Bank, National Association",COCHRAN ROAD BRANCH,1701 Cochran Rd,Pittsburgh,15220,40.392685020525334,-80.0633990019855,FULL SERVICE - BRICK AND MORTAR
"Citizens Bank, National Association",SEWICKLEY BRANCH,501 Broad St,Sewickley,15143,40.540312002664564,-80.18009303146046,FULL SERVICE - BRICK AND MORTAR
"Citizens Bank, National Association",SWISSVALE BRANCH,1918 Mccague St,Pittsburgh,15218,40.422455989952425,-79.8881130385623,FULL SERVICE - BRICK AND MORTAR
"Citizens Bank, National Association",TURTLE CREEK BRANCH,850 Penn Ave,Turtle Creek,15145,40.404757014664256,-79.82624998308079,FULL SERVICE - BRICK AND MORTAR
"Citizens Bank, National Association",BETHEL-ST. CLAIR BRANCH,150 Fort Couch Road,Bethel Park,15241,40.343539,-80.053129,FULL SERVICE - BRICK AND MORTAR
"Citizens Bank, National Association",WEXFORD BRANCH,11060 Perry Highway (route 19),Wexford,15090,40.620816,-80.054586,FULL SERVICE - BRICK AND MORTAR
"Citizens Bank, National Association",CRAFTON BRANCH,31 Foster Ave,Pittsburgh,15205,40.4402109982633,-80.0696389936235,FULL SERVICE - BRICK AND MORTAR
"Citizens Bank, National Association",PENN HILLS BRANCH,6125 Saltsburg Rd,Verona,15147,40.484942994306294,-79.81881699516383,FULL SERVICE - BRICK AND MORTAR
"Citizens Bank, National Association",FOREST HILLS BRANCH,2324 Ardmore Blvd,Pittsburgh,15221,40.415942999728,-79.84875497401168,FULL SERVICE - BRICK AND MORTAR
"Citizens Bank, National Association",BRIDGEVILLE GIANT EAGLE BRANCH,1025 Washington Pike Chartiers Valley Shopping Ctr,Bridgeville,15017,40.365307,-80.108235,FULL SERVICE - RETAIL
"Citizens Bank, National Association",BLOOMFIELD BRANCH,4314 Penn Ave,Pittsburgh,15224,40.465719015554384,-79.95368399655152,FULL SERVICE - BRICK AND MORTAR
"Citizens Bank, National Association",GRANT STREET BRANCH,601 Grant St Ste 103,Pittsburgh,15219,40.441096755881,-79.996017804367,FULL SERVICE - BRICK AND MORTAR
"Citizens Bank, National Association",THORN HILL BRANCH,101 Commonwealth Dr,Warrendale,15086,40.6680120158326,-80.10170103055505,FULL SERVICE - BRICK AND MORTAR
"Citizens Bank, National Association",PLUM BRANCH,1796 Golden Mile Hwy,Monroeville,15146,40.445498344696,-79.713333761186,FULL SERVICE - BRICK AND MORTAR
"Citizens Bank, National Association",FOX CHAPEL BRANCH,837 Freeport Rd,Pittsburgh,15238,40.48723699547688,-79.89375900472224,FULL SERVICE - BRICK AND MORTAR
"Citizens Bank, National Association",MOON BRANCH,1132 Thorn Run Rd,Coraopolis,15108,40.50557299540637,-80.20816695886113,FULL SERVICE - BRICK AND MORTAR
"Citizens Bank, National Association",PEEBLES ROAD BRANCH,8050 Peebles Rd,Pittsburgh,15237,40.55648698031737,-80.01860896126303,FULL SERVICE - BRICK AND MORTAR
"Citizens Bank, National Association",PENN HILLS GIANT EAGLE BRANCH,230 Rodi Rd,Pittsburgh,15235,40.461990996479045,-79.82623799695924,FULL SERVICE - RETAIL
"Citizens Bank, National Association",GIBSONIA GIANT EAGLE BRANCH,400 Northtowne Sq,Gibsonia,15044,40.63647099800244,-79.94176199656994,FULL SERVICE - RETAIL
"Citizens Bank, National Association",KENNEDY TOWNSHIP GIANT EAGLE BRANCH,1800 Mckees Rocks Rd,Mckees Rocks,15136,40.467782011473446,-80.0976900384285,FULL SERVICE - RETAIL
"Citizens Bank, National Association",WEST MIFFIN GIANT EAGLE BRANCH,1356 Hoffman Blvd,West Mifflin,15122,40.3842060130016,-79.86854800017018,FULL SERVICE - RETAIL
"Citizens Bank, National Association",POINTE AT NORTH FAYETTE BRANCH,100 Andrew Dr,Pittsburgh,15275,40.45024099315063,-80.17623802655201,FULL SERVICE - BRICK AND MORTAR
"Citizens Bank, National Association",BETHEL PARK GIANT EAGLE BRANCH,5055 Library Rd,Bethel Park,15102,40.338520994567546,-80.02364296467213,FULL SERVICE - RETAIL
"Citizens Bank, National Association",CAMP HORNE ROAD GIANT EAGLE BRANCH,132 Ben Avon Heights Rd,Pittsburgh,15237,40.521641983893545,-80.06913096647203,FULL SERVICE - RETAIL
KeyBank National Association,HILLCREST BRANCH,4996 Library Rd,Bethel Park,15102,40.342625989738224,-80.02710997128258,FULL SERVICE - BRICK AND MORTAR
KeyBank National Association,CORAOPOLIS BRANCH,953 5th Ave,Coraopolis,15108,40.5177200075787,-80.16447000213175,FULL SERVICE - BRICK AND MORTAR
KeyBank National Association,IMPERIAL BRANCH,100 W Allegheny Rd,Imperial,15126,40.442051999476774,-80.23845697764236,FULL SERVICE - BRICK AND MORTAR
KeyBank National Association,MCKEES ROCKS BRANCH,527 Chartiers Ave,Mckees Rocks,15136,40.464801993437476,-80.05975002425711,FULL SERVICE - BRICK AND MORTAR
"PNC Bank, National Association",BANKSVILLE BRANCH,3149 Banksville Rd,Pittsburgh,15216,40.39977900236835,-80.04334001803926,FULL SERVICE - BRICK AND MORTAR
KeyBank National Association,MT WASHINGTON BRANCH,122 Shiloh St,Pittsburgh,15211,40.43097300940704,-80.0075030233746,FULL SERVICE - BRICK AND MORTAR
KeyBank National Association,ALLEGHENY BRANCH,1020 Western Ave,Pittsburgh,15233,40.45161000939626,-80.01989901998076,FULL SERVICE - BRICK AND MORTAR
KeyBank National Association,PLEASANT HILLS BRANCH,10 Old Clairton Rd,Pittsburgh,15236,40.33988200609568,-79.96547901070001,FULL SERVICE - BRICK AND MORTAR
KeyBank National Association,BELLEVUE BRANCH,484 Lincoln Ave,Pittsburgh,15202,40.495569990247276,-80.05504098723412,FULL SERVICE - BRICK AND MORTAR
KeyBank National Association,WATERWORKS II BRANCH,831 Freeport Rd,Pittsburgh,15238,40.48738598380581,-79.89445302630516,FULL SERVICE - BRICK AND MORTAR
KeyBank National Association,SEWICKLEY BRANCH,400 Broad St,Sewickley,15143,40.539301019413074,-80.18097296365582,FULL SERVICE - BRICK AND MORTAR
"PNC Bank, National Association",EDGEWOOD TOWNE CENTRE BRANCH,1701 S Braddock Ave,Pittsburgh,15218,40.42486297917779,-79.88774599502224,FULL SERVICE - BRICK AND MORTAR
KeyBank National Association,PLUM BORO BRANCH,1801 Route 286,Pittsburgh,15239,40.446230192833035,-79.71396999350455,FULL SERVICE - BRICK AND MORTAR
S&T Bank,WHITE OAK BRANCH,2003 Lincoln Way,White Oak,15131,40.33702000525642,-79.80721199876034,FULL SERVICE - BRICK AND MORTAR
S&T Bank,HAYMAKER VILLAGE BRANCH,4580 Broadway Blvd,Monroeville,15146,40.38852001092795,-79.76611896407144,FULL SERVICE - BRICK AND MORTAR
First National Bank of Pennsylvania,CASTLE SHANNON OFFICE,600 Castle Shannon Blvd,Pittsburgh,15234,40.37007999158001,-80.03208002077047,FULL SERVICE - BRICK AND MORTAR
First National Bank of Pennsylvania,WEST MIFFLIN OFFICE,2204 Lebanon Church Rd,West Mifflin,15122,40.34730200206269,-79.94397096333279,FULL SERVICE - BRICK AND MORTAR
KeyBank National Association,NATRONA HEIGHTS BRANCH,1509 Freeport Rd,Natrona Heights,15065,40.61988300207065,-79.73050702350703,FULL SERVICE - BRICK AND MORTAR
First National Bank of Pennsylvania,MCCANDLESS BRANCH,9600 Perry Hwy,Pittsburgh,15237,40.5814080129291,-80.03703900614616,FULL SERVICE - BRICK AND MORTAR
First National Bank of Pennsylvania,ALLEGHENY PROFESSIONAL BLDG. BRANCH,490 E North Ave,Pittsburgh,15212,40.45663801974462,-80.0020950194458,FULL SERVICE - BRICK AND MORTAR
First National Bank of Pennsylvania,WEST VIEW BRANCH,728 Center Ave,West View,15229,40.517962998952,-80.033058021233,FULL SERVICE - BRICK AND MORTAR
First National Bank of Pennsylvania,HAMPTON TOWNSHIP BRANCH,4885 William Flynn Hwy,Allison Park,15101,40.601951722336,-79.947812138101,FULL SERVICE - BRICK AND MORTAR
First National Bank of Pennsylvania,DUNCAN MANOR PLAZA BRANCH,1701 Duncan Ave,Allison Park,15101,40.56737100731925,-79.99938699416788,FULL SERVICE - BRICK AND MORTAR
"Dollar Bank, Federal Savings Bank",SQUIRREL HILL,5822 Forbes Ave,Pittsburgh,15217,40.43775501681387,-79.92201498705988,FULL SERVICE - BRICK AND MORTAR
"Dollar Bank, Federal Savings Bank",VIRGINIA MANOR BRANCH,1717 Cochran Rd,Pittsburgh,15220,40.392398988079464,-80.06602999757325,FULL SERVICE - BRICK AND MORTAR
"Dollar Bank, Federal Savings Bank",MONROEVILLE BRANCH,4192 William Penn Hwy,Monroeville,15146,40.43733898104975,-79.76635902177838,FULL SERVICE - BRICK AND MORTAR
"Dollar Bank, Federal Savings Bank",BRENTWOOD BRANCH,700 Towne Square Way,Pittsburgh,15227,40.36621199472165,-79.98404501005264,FULL SERVICE - BRICK AND MORTAR
"Dollar Bank, Federal Savings Bank",LEBANON SHOPS BRANCH,400 Mount Lebanon Blvd,Pittsburgh,15234,40.36915299499833,-80.03291795963092,FULL SERVICE - BRICK AND MORTAR
"Dollar Bank, Federal Savings Bank",MCKEESPORT BRANCH,400 Lysle Blvd,Mckeesport,15132,40.35139899251581,-79.86298702650842,FULL SERVICE - BRICK AND MORTAR
"Dollar Bank, Federal Savings Bank",CRAFTON BRANCH,45 Walsh Rd,Pittsburgh,15205,40.44023400658753,-80.07123298015037,FULL SERVICE - BRICK AND MORTAR
"Dollar Bank, Federal Savings Bank",SEWICKLEY BRANCH,420 Beaver St,Sewickley,15143,40.54067099957757,-80.18124202274775,FULL SERVICE - BRICK AND MORTAR
"Dollar Bank, Federal Savings Bank",NATRONA HEIGHTS BRANCH,1834 Heights Plz,Natrona Heights,15065,40.62430286210763,-79.72345060235375,FULL SERVICE - BRICK AND MORTAR
"Dollar Bank, Federal Savings Bank",BRADDOCK HILLS BRANCH,274 Yost Blvd,Pittsburgh,15221,40.41367699411404,-79.85512002364506,FULL SERVICE - BRICK AND MORTAR
"Dollar Bank, Federal Savings Bank",PENN HILLS BRANCH,218 Rodi Rd,Pittsburgh,15235,40.46307201053159,-79.82496000818207,FULL SERVICE - BRICK AND MORTAR
"Dollar Bank, Federal Savings Bank",RICHLAND BRANCH,5375 William Flynn Hwy,Gibsonia,15044,40.61979298043056,-79.94676599276568,FULL SERVICE - BRICK AND MORTAR
"Dollar Bank, Federal Savings Bank",EAST LIBERTY BRANCH,6107 Penn Ave,Pittsburgh,15206,40.46120200793314,-79.92319700304567,FULL SERVICE - BRICK AND MORTAR
"Dollar Bank, Federal Savings Bank",MOON TOWNSHIP BRANCH,2800 Gracy Center Way,Coraopolis,15108,40.51633401797915,-80.21880401308593,FULL SERVICE - BRICK AND MORTAR
"Dollar Bank, Federal Savings Bank",FOX CHAPEL BRANCH,1009 Freeport Rd,Pittsburgh,15238,40.48751301154843,-79.88509396085753,FULL SERVICE - BRICK AND MORTAR
"PNC Bank, National Association",LEASING DEPARTMENT BRANCH,810 Penn Ave,Pittsburgh,15222,40.443392014337434,-79.99871702864706,LIMITED SERVICE - CONSUMER CREDIT
KeyBank National Association,SQUIRREL HILL MURRAY BRANCH,1730 Murray Ave,Pittsburgh,15217,40.43716899605337,-79.92318996224701,FULL SERVICE - BRICK AND MORTAR
First National Bank of Pennsylvania,MOON TOWNSHIP BRANCH,825 Beaver Grade Road,Coraopolis,15108,40.516254,-80.220531,FULL SERVICE - BRICK AND MORTAR
"PNC Bank, National Association",GREAT SOUTHERN SHOPPING CENTER BRANCH,1155 Washington Pike,Bridgeville,15017,40.367421000435684,-80.10610496630245,FULL SERVICE - BRICK AND MORTAR
First Commonwealth Bank,WATERFRONT BRANCH,500 E Waterfront Dr,Homestead,15120,40.412890017224896,-79.90716401483266,FULL SERVICE - BRICK AND MORTAR
First Commonwealth Bank,FOREST HILLS BRANCH,2210 Ardmore Blvd,Pittsburgh,15221,40.41760001816675,-79.84904096454802,FULL SERVICE - BRICK AND MORTAR
First Commonwealth Bank,ELIZABETH BRANCH,548 Rock Run Rd,Elizabeth,15037,40.27158701339346,-79.82188804066828,FULL SERVICE - BRICK AND MORTAR
First Commonwealth Bank,MUNHALL BRANCH,4600 Main St,Munhall,15120,40.378363994126374,-79.90862397472776,FULL SERVICE - BRICK AND MORTAR
First Commonwealth Bank,CASTE VILLAGE BRANCH,5301 Grove Rd,Pittsburgh,15236,40.358829004857,-80.000772019849,FULL SERVICE - BRICK AND MORTAR
First Commonwealth Bank,WHITE OAK BRANCH,1527 Lincoln Way,White Oak,15131,40.348872980265355,-79.81734999447006,FULL SERVICE - BRICK AND MORTAR
First Commonwealth Bank,WEST MIFFLIN BRANCH,6015 Mountain View Dr,West Mifflin,15122,40.343885999333054,-79.94123200883215,FULL SERVICE - BRICK AND MORTAR
West View Savings Bank,WEST VIEW BRANCH,456 Perry Hwy,Pittsburgh,15229,40.52019199846322,-80.03254697659638,FULL SERVICE - BRICK AND MORTAR
West View Savings Bank,FRANKLIN PARK BRANCH,2566 Brandt School Rd,Wexford,15090,40.61308599105715,-80.08893203925757,FULL SERVICE - BRICK AND MORTAR
"WesBanco Bank, Inc.",SOUTH HILLS BRANCH,5035 Curry Rd,Pittsburgh,15236,40.34875601080654,-79.99585201032266,FULL SERVICE - BRICK AND MORTAR
The Huntington National Bank,MCINTYRE SQUARE BRANCH,8090 Mcknight Rd,Pittsburgh,15237,40.55554200455339,-80.02000597306528,FULL SERVICE - BRICK AND MORTAR
The Huntington National Bank,NORTH SIDE BRANCH,600 E Ohio St,Pittsburgh,15212,40.453982004175884,-79.9989699944849,FULL SERVICE - BRICK AND MORTAR
The Huntington National Bank,NORTH VERSAILLES GREAT VALLEY MART BRANCH,355 Lincoln Hwy,North Versailles,15137,40.38427202048911,-79.821530971593,FULL SERVICE - BRICK AND MORTAR
The Huntington National Bank,BETHEL PARK BRANCH,2739 S Park Rd,Bethel Park,15102,40.32753701337032,-80.03260296770958,FULL SERVICE - BRICK AND MORTAR
First National Bank of Pennsylvania,MCKNIGHT ROAD BRANCH,7475 Mcknight Rd,Pittsburgh,15237,40.541405002838644,-80.01334697008754,FULL SERVICE - BRICK AND MORTAR
First National Bank of Pennsylvania,OAKMONT BRANCH,330 College Ave,Oakmont,15139,40.51393701828327,-79.84312290969147,FULL SERVICE - BRICK AND MORTAR
First National Bank of Pennsylvania,KENNEDY TWP BRANCH,1801 Mckees Rocks Rd,Mckees Rocks,15136,40.46919599662962,-80.09578499947479,FULL SERVICE - BRICK AND MORTAR
"Dollar Bank, Federal Savings Bank",DORMONT,3029 W Liberty Ave,Pittsburgh,15216,40.3925199808518,-80.03721603194121,FULL SERVICE - BRICK AND MORTAR
Brentwood Bank,BETHEL PARK  BRANCH,401 Mcmurray Rd,Bethel Park,15102,40.31357401996553,-80.06648496727762,FULL SERVICE - BRICK AND MORTAR
Brentwood Bank,BROWNSVILLE ROAD BRANCH,3635 Brownsville Rd,Pittsburgh,15227,40.372744011866274,-79.97517896814979,FULL SERVICE - BRICK AND MORTAR
First Commonwealth Bank,DEER LAKES BRANCH,744 Little Deer Creek Valley Rd,Russellton,15076,40.617094007608046,-79.83348398461635,FULL SERVICE - BRICK AND MORTAR
"WesBanco Bank, Inc.",BRIGHTON ROAD BR,3300 Brighton Rd,Pittsburgh,15212,40.4766620092451,-80.03150401638425,FULL SERVICE - BRICK AND MORTAR
"WesBanco Bank, Inc.",WASHINGTON ROAD BRANCH,728 Washington Rd,Pittsburgh,15228,40.37919698766396,-80.04561604002753,FULL SERVICE - BRICK AND MORTAR
"WesBanco Bank, Inc.",STRIP DISTRICT,2034 Penn Ave,Pittsburgh,15222,40.45140699970136,-79.98318100347332,FULL SERVICE - BRICK AND MORTAR
First National Bank of Pennsylvania,CRAFTON BRANCH,11 Foster Avenue,Pittsburgh,15205,40.438597,-80.069432,FULL SERVICE - BRICK AND MORTAR
Northwest Bank,ROSS TOWNSHIP BRANCH,7709 Mcknight Rd,Pittsburgh,15237,40.54631101458628,-80.01778200269574,FULL SERVICE - BRICK AND MORTAR
Northwest Bank,MOUNT LEBANON BRANCH,437 Cochran Rd,Pittsburgh,15228,40.383777991116,-80.052469000245,FULL SERVICE - BRICK AND MORTAR
Northwest Bank,OAKLAND BRANCH,201 N Craig St,Pittsburgh,15213,40.449919002340124,-79.95118099262527,FULL SERVICE - BRICK AND MORTAR
"WesBanco Bank, Inc.",FOX CHAPEL BRANCH,1060 Freeport Rd,Pittsburgh,15238,40.48718699742443,-79.88426297897672,FULL SERVICE - BRICK AND MORTAR
The Huntington National Bank,CENTURY III MALL BRANCH,269 Clairton Blvd,Pittsburgh,15236,40.33815600459377,-79.9515440128518,FULL SERVICE - BRICK AND MORTAR
"PNC Bank, National Association",MT. WASHINGTON BRANCH,236 Shiloh St,Pittsburgh,15211,40.429709018408175,-80.00752397813254,FULL SERVICE - BRICK AND MORTAR
"PNC Bank, National Association",VIRGINIA MANOR SHOPS BRANCH,1717 Cochran Rd,Pittsburgh,15220,40.392398988079464,-80.06602999757325,FULL SERVICE - BRICK AND MORTAR
Northwest Bank,MOUNT OLIVER BRANCH,543 Brownsville Rd,Pittsburgh,15210,40.410930998814734,-79.98982097953083,FULL SERVICE - BRICK AND MORTAR
Northwest Bank,ELIZABETH BRANCH,603 Scenery Dr,Elizabeth,15037,40.27211398364608,-79.83829796306709,FULL SERVICE - BRICK AND MORTAR
First National Bank of Pennsylvania,NATRONA HEIGHTS BRANCH,1713 Union Ave,Natrona Heights,15065,40.62247401598026,-79.72484203042688,FULL SERVICE - BRICK AND MORTAR
KeyBank National Association,OAKMONT BRANCH,583 Allegheny Ave,Oakmont,15139,40.519879982117516,-79.84322099007817,FULL SERVICE - BRICK AND MORTAR
Sewickley Savings Bank,901 4TH AVE BRANCH,901 4th Ave,Coraopolis,15108,40.51940099826055,-80.16581001699241,FULL SERVICE - BRICK AND MORTAR
Sewickley Savings Bank,5701 STEUBENVILLE PIKE BRANCH,5701 Steubenville Pike,Mckees Rocks,15136,40.451469989703725,-80.13335302478325,FULL SERVICE - BRICK AND MORTAR
"WesBanco Bank, Inc.",WEXFORD BRANCH,101 Wexford Bayne Rd,Wexford,15090,40.626321016171175,-80.05676397125086,FULL SERVICE - BRICK AND MORTAR
First Commonwealth Bank,MOUNT LEBANON BRANCH,301 Mount Lebanon Blvd,Pittsburgh,15234,40.369841987439344,-80.03365598620552,FULL SERVICE - BRICK AND MORTAR
First Commonwealth Bank,IMPERIAL BRANCH,550 Market Place Dr,Oakdale,15071,40.43984299080438,-80.23992699582126,FULL SERVICE - BRICK AND MORTAR
Community Bank,BROOKLINE BRANCH,714 Brookline Blvd,Pittsburgh,15226,40.39425398707121,-80.02121397295092,FULL SERVICE - BRICK AND MORTAR
First National Bank of Pennsylvania,MILLVALE BRANCH,420 Grant Ave,Pittsburgh,15209,40.48035700362192,-79.97372898271946,FULL SERVICE - BRICK AND MORTAR
First National Bank of Pennsylvania,OAKLAND BRANCH,3721 Forbes Ave,Pittsburgh,15213,40.441566980649526,-79.95723599566018,FULL SERVICE - BRICK AND MORTAR
First National Bank of Pennsylvania,SQUIRREL HILL BRANCH,1940 Murray Ave,Pittsburgh,15217,40.435008979605044,-79.92310396392043,FULL SERVICE - BRICK AND MORTAR
First National Bank of Pennsylvania,CASTE VILLAGE BRANCH,5301 Grove Rd,Pittsburgh,15236,40.35882900485714,-80.00077201984858,FULL SERVICE - BRICK AND MORTAR
First National Bank of Pennsylvania,BRENTWOOD TOWNE SQUARE,501 Towne Square Way,Pittsburgh,15227,40.367272,-79.98202,FULL SERVICE - BRICK AND MORTAR
First National Bank of Pennsylvania,VILLAGE SQUARE BRANCH,1500 Oxford Dr,Bethel Park,15102,40.34422601123538,-80.04941203633761,FULL SERVICE - BRICK AND MORTAR
First National Bank of Pennsylvania,GRANT ST BRANCH,559 Grant St,Pittsburgh,15219,40.440595979076164,-79.99658701941212,FULL SERVICE - BRICK AND MORTAR
First National Bank of Pennsylvania,CHARTIERS VALLEY BRANCH,2100 Washington Pike,Carnegie,15106,40.38800800237246,-80.09545098063325,FULL SERVICE - BRICK AND MORTAR
First National Bank of Pennsylvania,4TH & WOOD BRANCH,307 4th Ave,Pittsburgh,15222,40.43948801720492,-80.00094502233013,FULL SERVICE - BRICK AND MORTAR
"PNC Bank, National Association",PENN HILLS BRANCH,206 Rodi Rd,Pittsburgh,15235,40.464139990724675,-79.82463303013921,FULL SERVICE - BRICK AND MORTAR
First National Bank of Pennsylvania,BETHEL PARK OFFICE BRANCH,2415 South Park Rd,Bethel Park,15102,40.329710559142,-80.022880723138,FULL SERVICE - BRICK AND MORTAR
"Dollar Bank, Federal Savings Bank",OLIVER BRANCH,537 Smithfield St,Pittsburgh,15222,40.44121800011081,-79.9982420261941,FULL SERVICE - BRICK AND MORTAR
"Dollar Bank, Federal Savings Bank",NORTH HILLS BRANCH,8040 Peebles Rd.,Pittsburgh,15237,40.55667646731111,-80.01919674225263,FULL SERVICE - BRICK AND MORTAR
First Commonwealth Bank,BLOOMFIELD BRANCH,4900 Liberty Ave,Pittsburgh,15224,40.4597060058544,-79.94584297758799,FULL SERVICE - BRICK AND MORTAR
First Commonwealth Bank,REGENT SQUARE BRANCH,1105 S Braddock Ave,Pittsburgh,15218,40.432686018959004,-79.89364199335391,FULL SERVICE - BRICK AND MORTAR
"Dollar Bank, Federal Savings Bank",GATEWAY CENTER BRANCH,401 Liberty Ave,Pittsburgh,15222,40.44182899894278,-80.00556596555074,FULL SERVICE - BRICK AND MORTAR
Brentwood Bank,SOUTH PARK SHOPS OFFICE BRANCH,5259 Library Rd,Bethel Park,15102,40.33284401536585,-80.02237000503688,FULL SERVICE - BRICK AND MORTAR
First National Bank of Pennsylvania,NORTH ALLEGHENY BRANCH,202 Devine Dr,Wexford,15090,40.61692201095491,-80.09173301984171,FULL SERVICE - BRICK AND MORTAR
First National Bank of Pennsylvania,WEXFORD BRANCH,12095 Perry Hwy,Wexford,15090,40.632814015556505,-80.05964801649547,FULL SERVICE - BRICK AND MORTAR
S&T Bank,SHADYSIDE BRANCH OFFICE,810 S Aiken Ave,Pittsburgh,15232,40.45035901034734,-79.93594596159456,FULL SERVICE - BRICK AND MORTAR
Ameriserv Financial Bank,PITTSBURGH BRANCH,60 Boulevard Of The Allies,Pittsburgh,15222,40.439436007495715,-80.00558197498582,FULL SERVICE - BRICK AND MORTAR
The Farmers National Bank of Canfield,SOUTH SIDE STREET BRANCH,2600 E Carson St,Pittsburgh,15203,40.427278978949,-79.968242188901,FULL SERVICE - BRICK AND MORTAR
"WesBanco Bank, Inc.",BELLEVUE BANK BRANCH,683 Lincoln Ave,Pittsburgh,15202,40.497847018063936,-80.0606300402715,FULL SERVICE - BRICK AND MORTAR
"PNC Bank, National Association",CARNEGIE BRANCH,2 W Main St,Carnegie,15106,40.40679499060232,-80.08853700016091,FULL SERVICE - BRICK AND MORTAR
West View Savings Bank,West View Savings Bank,9001 Perry Hwy,Pittsburgh,15237,40.5697590115339,-80.0376829877671,Full Service - Brick and Mortar
"WesBanco Bank, Inc.",CARNEGIE BRANCH,100 Broadway St,Carnegie,15106,40.408930992898036,-80.08697402667579,FULL SERVICE - BRICK AND MORTAR
The Huntington National Bank,MONROEVILLE BRANCH,2681 Mosside Blvd,Monroeville,15146,40.43294501976712,-79.75283599447125,FULL SERVICE - BRICK AND MORTAR
"Dollar Bank, Federal Savings Bank",ALLENTOWN,820 E Warrington Ave,Pittsburgh,15210,40.42165597920382,-79.9928099662032,FULL SERVICE - BRICK AND MORTAR
S&T Bank,PLUM BRANCH,7660 Saltsburg Rd,Pittsburgh,15239,40.47471300720923,-79.77486900043435,FULL SERVICE - BRICK AND MORTAR
"Dollar Bank, Federal Savings Bank",MT. TROY BRANCH,2000 Mount Troy Rd,Pittsburgh,15212,40.469725984367415,-79.98184802941132,FULL SERVICE - BRICK AND MORTAR
First Commonwealth Bank,BRIDGEVILLE OFFICE,428 Station St,Bridgeville,15017,40.357932015488814,-80.11141800326827,FULL SERVICE - BRICK AND MORTAR
Brentwood Bank,Brentwood Bank,411 Mcmurray Rd,Bethel Park,15102,40.313259991963,-80.066090012,Full Service - Brick and Mortar
First Commonwealth Bank,ALLISON PARK OFFICE,2724 Harts Run Rd,Allison Park,15101,40.569468997684055,-79.95310698633692,FULL SERVICE - BRICK AND MORTAR
"WesBanco Bank, Inc.",FIDELITY SAVINGS BRANCH,1009 Perry Hwy,Pittsburgh,15237,40.53980799882663,-80.03649996595294,FULL SERVICE - BRICK AND MORTAR
"Dollar Bank, Federal Savings Bank",LAWRENCEVILLE BRANCH,5137 Butler St,Pittsburgh,15201,40.47948700398183,-79.95531402526206,FULL SERVICE - BRICK AND MORTAR
"NEXTIER BANK, NATIONAL ASSOCIATION",OAKLAND BRANCH,245 Shady Ave,Pittsburgh,15206,40.45821218307,-79.921928318181,FULL SERVICE - BRICK AND MORTAR
KeyBank National Association,PENN & NEGLEY BRANCH,5576 Penn Ave,Pittsburgh,15206,40.46329999829797,-79.93102000091739,FULL SERVICE - BRICK AND MORTAR
Northwest Bank,SHARPSBURG BRANCH,905 Main St,Sharpsburg,15215,40.49441798147487,-79.93356801566368,FULL SERVICE - BRICK AND MORTAR
Northwest Bank,BELLEVUE BRANCH,532 Lincoln Ave,Bellvue,15202,40.496299006276,-80.056471023735,FULL SERVICE - BRICK AND MORTAR
Northwest Bank,BRIDGEVILLE BRANCH,431 Washington Ave,Bridgeville,15017,40.35900200733869,-80.11086203163065,FULL SERVICE - BRICK AND MORTAR
First National Bank of Pennsylvania,ROBINSON TOWNSHIP BRANCH,6298 Steubenville Pike,Pittsburgh,15205,40.44768597951517,-80.15386597260547,FULL SERVICE - BRICK AND MORTAR
Brentwood Bank,BRENTWOOD BANK MOBILE BRANCH,411 Mcmurray Rd,Bethel Park,15102,40.31325999196304,-80.06609001199999,LIMITED SERVICE - MOBILE/SEASONAL
First National Bank of Pennsylvania,FOX CHAPEL BRANCH,1195 Freeport Rd,Pittsburgh,15238,40.48846498620159,-79.87915798084771,FULL SERVICE - BRICK AND MORTAR
"PNC Bank, National Association",FIFTH AVENUE PLACE BRANCH,120 5th Ave,Pittsburgh,15222,40.44196600115018,-80.00305600464486,FULL SERVICE - BRICK AND MORTAR
Compass Savings Bank,Compass Savings Bank,111 Westinghouse Ave,Wilmerding,15148,40.3928159877624,-79.8094369749583,Full Service - Brick and Mortar
Northwest Bank,PLEASANT HILLS BRANCH,710 Old Clairton Rd,Pittsburgh,15236,40.32236500192545,-79.95678999459221,FULL SERVICE - BRICK AND MORTAR
Sewickley Savings Bank,Sewickley Savings Bank,531 Broad St,Sewickley,15143,40.541002000934,-80.1796170231791,Full Service - Brick and Mortar
"WesBanco Bank, Inc.",1706 LOWRIE STREET BRANCH,1706 Lowrie St,Pittsburgh,15212,40.46400998740643,-79.98263299464371,FULL SERVICE - BRICK AND MORTAR
"WesBanco Bank, Inc.",BLOOMFIELD BRANCH,4719 Liberty Ave,Pittsburgh,15224,40.46200499425734,-79.94907897894693,FULL SERVICE - BRICK AND MORTAR
First National Bank of Pennsylvania,MONROEVILLE BRANCH,4220 William Penn Hwy,Monroeville,15146,40.438466011750734,-79.76121203031447,FULL SERVICE - BRICK AND MORTAR
SSB Bank,SSB Bank,8700 Perry Hwy,Pittsburgh,15237,40.5630930096671,-80.0385400373668,Full Service - Brick and Mortar
First Commonwealth Bank,SHALER BRANCH,900 Saxonburg Blvd,Pittsburgh,15223,40.51260298141864,-79.94682198387888,FULL SERVICE - BRICK AND MORTAR
"PNC Bank, National Association",PPG BRANCH,2 Ppg Pl,Pittsburgh,15222,40.44047900961735,-80.0033430010096,FULL SERVICE - BRICK AND MORTAR
"PNC Bank, National Association",PITTSBURGH MILLS BRANCH,2010 Pittsburgh Mills Blvd,Tarentum,15084,40.57129700694759,-79.80199904171843,FULL SERVICE - BRICK AND MORTAR
"PNC Bank, National Association",MOUNT NEBO POINTE BRANCH,118 Green Valley Rd,Pittsburgh,15237,40.53199799290485,-80.06850701759966,FULL SERVICE - BRICK AND MORTAR
"Dollar Bank, Federal Savings Bank","Dollar Bank, Federal Savings Bank",340 4th Ave,Pittsburgh,15222,40.438645007293,-80.0001019705087,Full Service - Brick and Mortar
"Citizens Bank, National Association",SHADYSIDE GIANT EAGLE BRANCH,5550 Centre Ave,Pittsburgh,15232,40.45646300560631,-79.93454702195457,FULL SERVICE - RETAIL
TriState Capital Bank,TriState Capital Bank,1 Oxford Ctr,Pittsburgh,15219,40.438306,-79.99928,Full Service - Brick and Mortar
First Commonwealth Bank,ROBINSON TOWNSHIP OFFICE,198 Park Manor Dr,Pittsburgh,15205,40.45053301865727,-80.16314096756426,FULL SERVICE - BRICK AND MORTAR
First Commonwealth Bank,PITTSBURGH MILLS OFFICE BRANCH,2000 Pittsburgh Mills Blvd,Tarentum,15084,40.57097401030873,-79.8007799777206,FULL SERVICE - BRICK AND MORTAR
First National Bank of Pennsylvania,WEXFORD FLATS BRANCH,10583 Perry Hwy,Wexford,15090,40.611796980077315,-80.05487603137962,FULL SERVICE - BRICK AND MORTAR
KeyBank National Association,COLLIER TOWNSHIP BRANCH,1593 Washington Pike,Bridgeville,15017,40.38178598991678,-80.0948390178824,FULL SERVICE - BRICK AND MORTAR
The Huntington National Bank,MT LEBANON BRANCH,327 Cochran Rd.,Mount Lebanon,15228,40.381874,-80.05243,FULL SERVICE - BRICK AND MORTAR
"Citizens Bank, National Association",HTTP:/WWW.CITIZENSBANK.COM/ BRANCH,525 William Penn Pl,Pittsburgh,15219,40.440198006313,-79.997727964072,FULL SERVICE - HOME BANKING
First National Bank of Pennsylvania,BRIDGEVILLE BRANCH,1029 Washington Pike,Bridgeville,15017,40.3652129975917,-80.10936804120865,FULL SERVICE - BRICK AND MORTAR
S&T Bank,SQUIRREL HILL BRANCH,6306 Forbes Ave,Pittsburgh,15217,40.437954087014,-79.918972272388,FULL SERVICE - BRICK AND MORTAR
Woodforest National Bank,0297 TARENTUN WALMART BRANCH,2010 Village Center Dr,Tarentum,15084,40.5641160209496,-79.80411203568993,FULL SERVICE - RETAIL
"Dollar Bank, Federal Savings Bank",SOUTH HILLS BRANCH,25 Highland Rd,Bethel Park,15102,40.3486350180342,-80.0514550414176,FULL SERVICE - BRICK AND MORTAR
"Dollar Bank, Federal Savings Bank",MASONIC VILLAGE BRANCH,1190 Merriman Road 1st Floor,Sewickley,15143,40.529412,-80.140579,FULL SERVICE - BRICK AND MORTAR
First Commonwealth Bank,GIBSONIA OFFICE BRANCH,5167 William Flynn Hwy,Gibsonia,15044,40.61426201398217,-79.94773896408628,FULL SERVICE - BRICK AND MORTAR
The Huntington National Bank,OHARA TOWNSHIP BRANCH,1340 Freeport Rd,Pittsburgh,15238,40.489237001393576,-79.87393697717876,FULL SERVICE - BRICK AND MORTAR
"PNC Bank, National Association",RICHLAND BRANCH,505 Grandview Crossing Dr,Gibsonia,15044,40.64174501720896,-79.93897300210733,FULL SERVICE - BRICK AND MORTAR
S&T Bank,O'HARA TOWNSHIP BRANCH,1077 Freeport Rd,Pittsburgh,15238,40.48805699706452,-79.88427395926988,FULL SERVICE - BRICK AND MORTAR
Woodforest National Bank,NATRONA HEIGHTS PENNSYLVANIA BRANCH,100 Highlands Mall,Natrona Heights,15065,40.64689800173366,-79.71302899518658,FULL SERVICE - RETAIL
KeyBank National Association,SQUIRREL HILL DRIVE UP BRANCH,2001 Murray Ave,Pittsburgh,15217,40.43452702017245,-79.92266500365113,LIMITED SERVICE - DRIVE THRU/DETACHED FACILITY
First National Bank of Pennsylvania,BLOOMFIELD BRANCH,4724 Liberty Ave,Pittsburgh,15224,40.46146100874128,-79.94929397476338,FULL SERVICE - BRICK AND MORTAR
First National Bank of Pennsylvania,EAST LIBERTY BRANCH,5585 Penn Avenue,Pittsburgh,15206,40.463683020095,-79.930819104377,FULL SERVICE - BRICK AND MORTAR
First Commonwealth Bank,MCCANDLESS BRANCH,11 Pine Creek Rd,Wexford,15090,40.58714198907239,-80.04473200069961,FULL SERVICE - BRICK AND MORTAR
S&T Bank,WEXFORD BRANCH,12550 Perry Hwy,Wexford,15090,40.63765200815985,-80.06235796961111,FULL SERVICE - BRICK AND MORTAR
"NEXTIER BANK, NATIONAL ASSOCIATION",BABCOCK BRANCH,1626 Babcock Blvd,Pittsburgh,15209,40.49920300045014,-79.97895803301546,FULL SERVICE - BRICK AND MORTAR
"PNC Bank, National Association",PINE TOWNSHIP BRANCH,11970 Perry Hwy,Wexford,15090,40.631578984033126,-80.05737098867883,FULL SERVICE - BRICK AND MORTAR
First Commonwealth Bank,GREEN TREE OFFICE BRANCH,339 Mansfield Ave,Pittsburgh,15220,40.421108012283725,-80.05070603454985,FULL SERVICE - BRICK AND MORTAR
First National Bank of Pennsylvania,ONE OLIVER PLAZA BRANCH,210 6th Ave,Pittsburgh,15222,40.44200200142433,-80.00003701075913,FULL SERVICE - RETAIL
"PNC Bank, National Association",3 PNC BRANCH,225 5th Ave,Pittsburgh,15222,40.44130399843738,-80.0013060308999,FULL SERVICE - BRICK AND MORTAR
"Dollar Bank, Federal Savings Bank",PLEASANT HILLS BRANCH,500 Clairton Blvd,Pittsburgh,15236,40.33429601245294,-79.94725599882531,FULL SERVICE - BRICK AND MORTAR
"Dollar Bank, Federal Savings Bank",PINE TOWNSHIP BRANCH,11974 Perry Hwy,Wexford,15090,40.63216299313686,-80.05780600945363,FULL SERVICE - BRICK AND MORTAR
KeyBank National Association,OLIVER AVENUE BRANCH,300 6th Ave,Pittsburgh,15222,40.441655996461236,-79.99944097362433,FULL SERVICE - BRICK AND MORTAR
The Huntington National Bank,VILLAGE AT PINE BRANCH,11940 Perry Hwy,Wexford,15090,40.63067998300804,-80.05674603397806,FULL SERVICE - BRICK AND MORTAR
"BNY Mellon, National Association","BNY Mellon, National Association",500 Grant St,Pittsburgh,15258,40.439645010251,-79.995911018921,Full Service - Brick and Mortar
First Commonwealth Bank,GRANT STREET BRANCH,501 Grant St,Pittsburgh,15219,40.439949524794,-79.997035535051,FULL SERVICE - BRICK AND MORTAR
First National Bank of Pennsylvania,HILL DISTRICT BRANCH,2125 Centre Ave,Pittsburgh,15219,40.44497200308598,-79.97842301613578,FULL SERVICE - BRICK AND MORTAR
TriState Capital Bank,TRISTATE CAPITAL DIRECT BRANCH,301 Grant St,Pittsburgh,15219,40.43815898263742,-79.998898999765,FULL SERVICE - BRICK AND MORTAR
"Dollar Bank, Federal Savings Bank",MCKNIGHT BRANCH,7703 Mcknight Rd,Pittsburgh,15237,40.54601199019049,-80.01759801992104,FULL SERVICE - BRICK AND MORTAR
"Dollar Bank, Federal Savings Bank",SOUTH SIDE BRANCH,1712 E Carson St,Pittsburgh,15203,40.428606001859805,-79.98155902138984,FULL SERVICE - BRICK AND MORTAR
"Dollar Bank, Federal Savings Bank",PROVIDENCE POINT BRANCH,500 Providence Point Blvd,Pittsburgh,15243,40.37900399434335,-80.0892190356223,FULL SERVICE - BRICK AND MORTAR
"WesBanco Bank, Inc.",MCCANDLESS CROSSING BRANCH,617 Duncan Ave,Pittsburgh,15237,40.567910005602954,-80.02265297808808,FULL SERVICE - BRICK AND MORTAR
"Citizens Bank, National Association",WHITE OAK GIANT EAGLE BRANCH,2001 Lincoln Way,White Oak,15131,40.335517004288505,-79.80402402570658,FULL SERVICE - RETAIL
KeyBank National Association,RICHLAND MALL BRANCH,5375 William Flynn Hwy,Gibsonia,15044,40.61979298043056,-79.94676599276568,FULL SERVICE - BRICK AND MORTAR
"Dollar Bank, Federal Savings Bank",OAKLAND BRANCH,3714 5th Ave,Pittsburgh,15213,40.441708006170444,-79.95787796562439,FULL SERVICE - BRICK AND MORTAR
First National Bank of Pennsylvania,SHADYSIDE,800 S Aiken Ave,Pittsburgh,15232,40.4507480144737,-79.93618995879599,FULL SERVICE - BRICK AND MORTAR
First National Bank of Pennsylvania,SEWICKLEY BRANCH,604 Beaver St,Sewickley,15143,40.53878301779682,-80.17933497213727,FULL SERVICE - BRICK AND MORTAR
"The Bank of New York Mellon Trust Company, National Association",PITTSBURGH TRUST OFFICE BRANCH,500 Ross St,Pittsburgh,15219,40.439726105165,-79.994885493067,LIMITED SERVICE - TRUST
"Dollar Bank, Federal Savings Bank",MARKET SQUARE BRANCH,225 Forbes Ave,Pittsburgh,15222,40.44077698627524,-80.00155396759583,FULL SERVICE - BRICK AND MORTAR
"PNC Bank, National Association",PNC MOBILE BANKING CENTER II,225 5th Ave,Pittsburgh,15222,40.44130399843738,-80.0013060308999,LIMITED SERVICE - MOBILE/SEASONAL
"PNC Bank, National Association",PNC MOBILE BANKING CENTER II,225 5th Ave,Pittsburgh,15222,40.44130399843738,-80.0013060308999,LIMITED SERVICE - MOBILE/SEASONAL
KeyBank National Association,WEXFORD BRANCH,270 Market Ln,Wexford,15090,40.63081501546819,-80.05618796686464,FULL SERVICE - BRICK AND MORTAR
The Bank of New York Mellon,500 ROSS STREET TRUST OFFICE,500 Ross St,Pittsburgh,15219,40.43947598917384,-79.99402198940237,LIMITED SERVICE - TRUST
Brentwood Bank,FRIENDSHIP VILLAGE BRANCH,1290 Boyce Rd,Pittsburgh,15241,40.31442101128138,-80.1122759748773,LIMITED SERVICE - MOBILE/SEASONAL
Brentwood Bank,BETHEL PARK RETIREMENT BRANCH,2960 Bethel Church Rd,Bethel Park,15102,40.33708098360202,-80.04800999539346,LIMITED SERVICE - MOBILE/SEASONAL
"Dollar Bank, Federal Savings Bank",ROBINSON BRANCH,6460 Steubenville Pike,Pittsburgh,15205,40.44931399656895,-80.15924296349252,FULL SERVICE - BRICK AND MORTAR
First National Bank of Pennsylvania,HOMESTEAD BRANCH,116 W 8th Ave,Homestead,15120,40.40544399544851,-79.91255500349801,FULL SERVICE - BRICK AND MORTAR
First National Bank of Pennsylvania,WILKINSBURG BRANCH,732 Penn Ave,Pittsburgh,15221,40.443141982165685,-79.88381697790875,FULL SERVICE - BRICK AND MORTAR
Brentwood Bank,BROOKDALE MT. LEBANON BRANCH,1050 Mcneilly Rd,Pittsburgh,15226,40.38812501374079,-80.02497199923963,LIMITED SERVICE - MOBILE/SEASONAL
Brentwood Bank,VANADIUM WOODS RETIREMENT BRANCH,50 Vanadium Rd,Bridgeville,15017,40.37179601861715,-80.09125701156037,LIMITED SERVICE - MOBILE/SEASONAL
S&T Bank,MCCANDLESS BRANCH,9100 Covenant Ave,Pittsburgh,15237,40.571227143785,-80.022045457746,FULL SERVICE - BRICK AND MORTAR
Brentwood Bank,BRIDGEVILLE BRANCH,3039 Washington Pike,Bridgeville,15017,40.35322302037534,-80.1131359581431,FULL SERVICE - BRICK AND MORTAR
The Huntington National Bank,EAST LIBERTY BRANCH,6134 Centre Ave,Pittsburgh,15206,40.460061985282266,-79.9232519883305,FULL SERVICE - BRICK AND MORTAR
"Dollar Bank, Federal Savings Bank",SOUTH FAYETTE BRANCH,160 Millers Run Rd,Bridgeville,15017,40.35786001494054,-80.12039602739755,FULL SERVICE - BRICK AND MORTAR
The Farmers National Bank of Canfield,ASPINWALL BRANCH,319 Freeport Rd,Aspinwall,15215,40.48937299777259,-79.9023170116834,FULL SERVICE - BRICK AND MORTAR
SSB Bank,2470 CALIFORNIA AVENUE,2470 California Ave,Pittsburgh,15212,40.46551898143511,-80.03316204065139,FULL SERVICE - BRICK AND MORTAR
The Huntington National Bank,SQUIRREL HILL BRANCH,5823 Forbes Ave,Pittsburgh,15217,40.43828601038004,-79.92194902148188,FULL SERVICE - BRICK AND MORTAR
Washington Financial Bank,SOUTH FAYETTE BRANCH,173 Millers Run Rd,Bridgeville,15017,40.356462290677,-80.120186395999,FULL SERVICE - BRICK AND MORTAR
Union Savings Bank,GIBSONIA BRANCH,5556 William Flynn Hwy,Gibsonia,15044,40.63281699113213,-79.93990699757818,FULL SERVICE - BRICK AND MORTAR
Union Savings Bank,UPPER ST CLAIR BRANCH,1614 Washington Rd,Pittsburgh,15241,40.35258901321916,-80.05102798345081,FULL SERVICE - BRICK AND MORTAR
"Bank of America, National Association",SOUTH HILLS BRANCH,1801 Washington Rd,Pittsburgh,15241,40.34651100186002,-80.05536301995411,FULL SERVICE - BRICK AND MORTAR
"Citizens Bank, National Association",NORTH SHORE BRANCH,106 Isabella St,Pittsburgh,15212,40.44807301389429,-80.00239400193206,FULL SERVICE - BRICK AND MORTAR
"Bank of America, National Association",WEXFORD BRANCH,10638 Perry Hwy,Wexford,15090,40.61318401741477,-80.05417396316965,FULL SERVICE - BRICK AND MORTAR
"Bank of America, National Association",ROSS TOWN CENTER BRANCH,7225 Mcknight Rd,Pittsburgh,15237,40.53696100159408,-80.01274297014473,FULL SERVICE - BRICK AND MORTAR
"Bank of America, National Association",TERRY LAUGHLIN BRANCH,5860 Baum Blvd,Pittsburgh,15206,40.45954398366601,-79.9290759861139,FULL SERVICE - BRICK AND MORTAR
Enterprise Bank,Enterprise Bank,4091 Mount Royal Blvd,Allison Park,15101,40.5662010193645,-79.9658069945713,Full Service - Brick and Mortar
First Commonwealth Bank,NATRONA HEIGHTS BRANCH OFFICE,4021 Freeport Rd,Natrona Heights,15065,40.647741011645536,-79.7097319735725,FULL SERVICE - BRICK AND MORTAR
"Bank of America, National Association",WATERFRONT BRANCH,159 E Bridge St,Homestead,15120,40.40918500647376,-79.91558103818241,FULL SERVICE - BRICK AND MORTAR
"JPMorgan Chase Bank, National Association",ONE OXFORD CENTER,301 Grant St,Pittsburgh,15219,40.43815898263742,-79.998898999765,FULL SERVICE - BRICK AND MORTAR
"JPMorgan Chase Bank, National Association",WALNUT ST SHADYSIDE BRANCH,5401 Walnut St,Pittsburgh,15232,40.450881412463,-79.935366520628,FULL SERVICE - BRICK AND MORTAR
"Bank of America, National Association",ROBINSON BRANCH,6491 Robinson Center Dr,Pittsburgh,15205,40.454510986085296,-80.16187597073701,FULL SERVICE - BRICK AND MORTAR
"JPMorgan Chase Bank, National Association",WATERFRONT,146 W Bridge St,Homestead,15120,40.40790400021146,-79.91620196956964,FULL SERVICE - BRICK AND MORTAR
"Citizens Bank, National Association",WATERFRONT GIANT EAGLE BRANCH,205 E Waterfront Dr,Homestead,15120,40.411521000979,-79.914676966106,FULL SERVICE - BRICK AND MORTAR
Brentwood Bank,CHARTIERS BEND RETIREMENT RESORT BRANCH,1001 Hastings Park Dr,Bridgeville,15017,40.32608598020212,-80.10945999068649,LIMITED SERVICE - MOBILE/SEASONAL
"JPMorgan Chase Bank, National Association",MCCANDLESS BRANCH,8990 Duncan Ave,Pittsburgh,15237,40.56804202057796,-80.02554800362584,FULL SERVICE - BRICK AND MORTAR
The Huntington National Bank,SEWICKLEY BRANCH,419 Beaver St,Sewickley,15143,40.54113200425223,-80.18107002609459,FULL SERVICE - BRICK AND MORTAR
"JPMorgan Chase Bank, National Association",ROSS PARK BRANCH,4868 Mcknight Rd,Pittsburgh,15237,40.52988298727661,-80.00866701826857,FULL SERVICE - BRICK AND MORTAR
"JPMorgan Chase Bank, National Association",SOUTH HILLS PITTSBURGH BRANCH,1815 Washington Rd,Pittsburgh,15241,40.34631599688265,-80.0556810293606,FULL SERVICE - BRICK AND MORTAR
"JPMorgan Chase Bank, National Association",SQUIRREL HILL BRANCH,5832 Forbes Ave,Pittsburgh,15217,40.437797010148785,-79.92160402234718,FULL SERVICE - BRICK AND MORTAR
"JPMorgan Chase Bank, National Association",FORBES AND CRAIG BRANCH,420 S Craig St,Pittsburgh,15213,40.4446930114388,-79.94891502892082,FULL SERVICE - BRICK AND MORTAR
"JPMorgan Chase Bank, National Association",FOX CHAPEL BRANCH,50 Fox Chapel Rd,Pittsburgh,15238,40.488894013915626,-79.8826659749647,FULL SERVICE - BRICK AND MORTAR
"JPMorgan Chase Bank, National Association",E OHIO ST BRANCH,540 E Ohio St,Pittsburgh,15212,40.453903004738464,-79.999484978616,FULL SERVICE - BRICK AND MORTAR
"JPMorgan Chase Bank, National Association",OAKLAND BRANCH,3618 5th Ave,Pittsburgh,15213,40.441473019514916,-79.95835598556248,FULL SERVICE - BRICK AND MORTAR
"JPMorgan Chase Bank, National Association",SEWICKLEY BRANCH,431broad St,Sewickley,15143,40.54008099741307,-80.18082602889315,FULL SERVICE - BRICK AND MORTAR
First National Bank of Pennsylvania,CARSON STREET BRANCH,1114 E Carson St,Pittsburgh,15203,40.42851501630085,-79.98686200007184,FULL SERVICE - BRICK AND MORTAR
"Bank of America, National Association",MARKET SQUARE BRANCH,430 Market St,Pittsburgh,15222,40.44101901372943,-80.00217800028723,FULL SERVICE - BRICK AND MORTAR
"JPMorgan Chase Bank, National Association",WILKINSBURG BRANCH,501 Penn Ave,Wilkinsburg,15221,40.444904989770095,-79.88686203951336,FULL SERVICE - BRICK AND MORTAR
Brentwood Bank,SOUTH HILLS SQUARE RETIREMENT RESORT BRANCH,3603 Mcroberts Rd,Pittsburgh,15234,40.36123301850688,-80.01226997934853,LIMITED SERVICE - MOBILE/SEASONAL
"Bank of America, National Association",PENN HILLS BRANCH,12012 Frankstown Rd,Penn Hills,15235,40.47009600348309,-79.82157103709018,FULL SERVICE - BRICK AND MORTAR
The Huntington National Bank,STRIP DISTRICT BRANCH,1800 Smallman St,Pittsburgh,15222,40.45095701722937,-79.98540204017675,FULL SERVICE - BRICK AND MORTAR
"Bank of America, National Association",COLLIER TOWNSHIP BRANCH,1112 Washington Pike,Bridgeville,15017,40.367297996006585,-80.10410303254802,FULL SERVICE - BRICK AND MORTAR
"JPMorgan Chase Bank, National Association",COLLIER BRANCH,1163 Washington Pike,Bridgeville,15017,40.36868499143455,-80.1035370026266,FULL SERVICE - BRICK AND MORTAR
Peoples Security Bank and Trust Company,NORTH ALLEGHENY BRANCH OFFICE,300 Warrendale Drive,Warrendale,15086,40.656540380934,-80.090023439029,FULL SERVICE - BRICK AND MORTAR
"JPMorgan Chase Bank, National Association",BETHEL PARK BRANCH,5045 Library Road,Pittsburgh,15102,40.33969721333883,-80.02590034960247,FULL SERVICE - BRICK AND MORTAR
"JPMorgan Chase Bank, National Association",MCKEES ROCKS BRANCH,200 Chartiers Ave,Mc Kees Rocks,15136,40.464881998703,-80.058018993613,FULL SERVICE - BRICK AND MORTAR
The Huntington National Bank,ROBINSON TOWNSHIP BRANCH,1951 Park Manor Blvd,Pittsburgh,15205,40.45282199068592,-80.1657680236575,FULL SERVICE - BRICK AND MORTAR
First Commonwealth Bank,WEXFORD BRANCH OFFICE,12449 Perry Hwy,Wexford,15090,40.636927015444684,-80.06328199061718,FULL SERVICE - BRICK AND MORTAR
"JPMorgan Chase Bank, National Association",MARKET SQUARE BRANCH,26 Market Sq,Pittsburgh,15222,40.441109999288386,-80.0031020212933,FULL SERVICE - BRICK AND MORTAR
"JPMorgan Chase Bank, National Association",MONROEVILLE BRANCH,4163 William Penn Hwy,Monroeville,15146,40.43936899417983,-79.76492596779248,FULL SERVICE - BRICK AND MORTAR
"JPMorgan Chase Bank, National Association",MCKEESPORT BRANCH,4313 Walnut St,Mckeesport,15132,40.32207000084318,-79.83301602296206,FULL SERVICE - BRICK AND MORTAR
"JPMorgan Chase Bank, National Association",HARMAR BRANCH,10 Anchor Dr,Pittsburgh,15238,40.538517018099554,-79.8389700240637,FULL SERVICE - BRICK AND MORTAR
The Huntington National Bank,SOUTH HILLS VILLAGE MALL BRANCH,2600 Oxford Drive,Bethel Park,15102,40.34468898565726,-80.05011502655694,FULL SERVICE - BRICK AND MORTAR
Univest  Bank and Trust Co.,FOREST HILLS BRANCH,1501 Ardmore Blvd,Pittsburg,15221,40.431864005715,-79.86314100207,FULL SERVICE - BRICK AND MORTAR
"JPMorgan Chase Bank, National Association",EAST LIBERTY BRANCH,6100 Penn Ave,Pittsburgh,15206,40.460707014641,-79.923790022695,FULL SERVICE - BRICK AND MORTAR
First National Bank of Pennsylvania,MOUNT LEBANON BRANCH,315 Cochran Rd,Pittsburgh,15228,40.381246991633,-80.053204009334,FULL SERVICE - BRICK AND MORTAR
Brentwood Bank,WEXFORD BRANCH OFFICE,1001 Village Run Road,Wexford,15090,40.634260019583,-80.057182982591,FULL SERVICE - RETAIL
"JPMorgan Chase Bank, National Association",PLEASANT HILLS CLAIRTON BRANCH,603 Clairton Blvd,Pittsburgh,15236,40.33103700277,-79.945195978482,FULL SERVICE - BRICK AND MORTAR
"JPMorgan Chase Bank, National Association",ALLEGHENY VERONA BRANCH,74 Allegheny River Blvd,Verona,15147,40.497499001444,-79.845028966593,FULL SERVICE - BRICK AND MORTAR
"Bank of America, National Association",FOX CHAPEL BRANCH,843 Freeport Road,Pittsburgh,15238,40.487162019353,-79.892863985101,FULL SERVICE - BRICK AND MORTAR
"Bank of America, National Association",SEWICKLEY BRANCH,"400 Broad Street, Ste 1004",Sewickley,15143,40.539301019413,-80.180972963656,FULL SERVICE - BRICK AND MORTAR
"Bank of America, National Association",PWM US STEEL TOWER BRANCH,600 Grant Street,Pittsburgh,15219,40.441435049494,-79.994500428436,FULL SERVICE - BRICK AND MORTAR
"Bank of America, National Association",MONROEVILLE BRANCH,4032 William Penn Hwy,Monroeville,15146,40.438360022585,-79.76793532249,FULL SERVICE - BRICK AND MORTAR
The Huntington National Bank,MARKET SQUARE BRANCH,500 Liberty Avenue,Pittsburgh,15222,40.441236985121,-80.003485996278,FULL SERVICE - BRICK AND MORTAR
S&T Bank,EAST LIBERTY NEIGHBORHOOD BRANCH,5817 Penn Avenue,Pittsburgh,15206,40.46255099143,-79.927450483631,FULL SERVICE - BRICK AND MORTAR
The Huntington National Bank,PITTSBURGH PRIVATE BANKING BRANCH,116 15th Street,Pittsburgh,15222,40.448593991086,-79.990354990582,FULL SERVICE - BRICK AND MORTAR
First National Bank of Pennsylvania,STRIP DISTRICT BRANCH,1636 Penn Ave,Pittsburgh,15222,40.449311062903,-79.986304519692,FULL SERVICE - BRICK AND MORTAR
First National Bank of Pennsylvania,FNB FINANCIAL CENTER BRANCH,626 Washington Pl,Pittsburgh,15219,40.44153835645,-79.991474812846,FULL SERVICE - BRICK AND MORTAR
First National Bank of Pennsylvania,HOMEWOOD BRANCH,6914 5th Ave,Pittsburgh,15208,40.457441886169,-79.90844887677,FULL SERVICE - BRICK AND MORTAR
SSB Bank,PITTSBURGH BRANCH,4028 Beechwood Blvd,Pittsburgh,15217,40.427177138825,-79.937769193173,FULL SERVICE - BRICK AND MORTAR
"Bank of America, National Association",SOUTH SIDE FLATS BRANCH,1327 E Carson St,Pittsburgh,15203,40.428977152532,-79.984300155185,FULL SERVICE - BRICK AND MORTAR
First National Bank of Pennsylvania,NORTHSIDE PITTSBURGH BRANCH,100 Federal St,Pittsburgh,15212,40.44780097922674,-80.00376997515735,FULL SERVICE - BRICK AND MORTAR
