district,address,coverage,lat,lon
Magisterial District 05-2-20,"5100 West Library Avenue, Bethel Park 15102","Bethel Park , Upper St Clair",40.332148,-80.031403
Magisterial District 05-2-05,"1010 Broadview Boulevard, Brackenridge 15014","Brackenridge , East Deer  , Fawn , Harrison , Tarentum",40.613197,-79.743169
Magisterial District 05-2-21,"295 Millers Run Road, Bridgeville 15017","Bridgeville , Collier  ,South Fayette",40.353628,-80.134976
Magisterial District 05-2-22,"301 Lindsay Road, Carnegie 15106","Greentree , Heidelberg , Scott",40.386972,-80.084018
Magisterial District 05-3-03,"721 Gulf Lab Road, Cheswick 15024","Cheswick , Frazier , Harmar, Springdale",40.547528,-79.820195
Magisterial District 05-2-25,"923 Fifth Avenue, Coraopolis 15108","Coraopolis , Crescent , Moon, Neville",40.518144,-80.165712
Magisterial District 05-2-26,"2611 Hayden Boulevard, Suite 3, Elizabeth 15037","Elizabeth , Elizabeth  ,Forward  ,West Elizabeth",40.22763,-79.854129
Magisterial District 05-2-08,"2065 Ardmore Blvd, Forest Hills 15221","Braddock Hills , Chalfant ,Churchill ,Forest Hills ,Swissvale",40.420517,-79.850534
Magisterial District 05-3-04,"2060 Saxonburg Boulevard, Gibsonia 15044","Creighton, Hampton  ,Richland  ,West Deer",40.625766,-79.861663
Magisterial District 05-3-09,"800 Monongahela Avenue, Glassport 15045","Clairton, Glassport , Liberty, Port Vue",40.322597,-79.892611
Magisterial District 05-3-02,"190 Ohio River Blvd, Leetsdale 15056","Aleppo , Bell Acres ,Edgeworth ,Franklin Park ,Haysville ,Leet  ,Leetsdale ,Osborne ,Sewickley ,Sewickley Heights ,Sewickley Hills",40.5772,-80.222505
Magisterial District 05-3-06,"301 Chartiers Avenue, Pittsburgh' 15136","McKees Rocks , Stowe",40.464097,-80.057947
Magisterial District 05-2-43,"5624 Steubenville Pike, McKees Rocks 15136","Kennedy , Robinson",40.451808,-80.130996
Magisterial District 05-2-13,"687 Oneil Boulevard, McKeesport 15132",McKeesport,40.351746,-79.830701
Magisterial District 05-2-07,"339 Old Haymaker Road, Monroeville 15146","Monroeville , Pitcairn",40.446626,-79.760268
Magisterial District 05-2-15,"510 East Eighth Avenue, Munhall 15120","Homestead , Munhall , West Homestead",40.408656,-79.90488
Magisterial District 05-2-11,"371 Lincoln Highway, North Versailles 15137","East McKeesport , North Versailles  , Trafford , Wall , Wilmerding",40.381574,-79.816578
Magisterial District 05-3-17,"8052 Steubenville Pike, Oakdale 15071","Findlay  , McDonald , North Fayette, Oakdale",40.441553,-80.245578
Magisterial District 05-2-03,"1007 Mount Royal Blvd, Pittsburgh 15223","Etna , Millvale , Reserve  , Shaler",40.517074,-79.959299
Magisterial District 05-2-28,"1030 5th Avenue, Pittsburgh 15219","Pittsburgh Wards 1, 2, 3 , 5",40.43852,-79.989889
Magisterial District 05-2-04,"1205 Main Street, Pittsburgh 15215","Aspinwall , Blawnox , Fox Chapel , Indiana  ,Indianola,O'Hara , Sharpsburg",40.494055,-79.93017
Magisterial District 05-2-23,"136 Bradford Avenue, Pittsburgh 15205","Carnegie , Crafton ,Ingram ,Pennsbury Village ,Rosslyn Farms ,Thornburg",40.434388,-80.0667
Magisterial District 05-2-27,"1700 East Carson Street, Pittsburgh 15203","Pittsburgh Wards 4, 16 , 17",40.428585,-79.981869
Magisterial District 05-3-13,"22 Wabash Avenue, Pittsburgh 15220","Pittsburgh Ward 20, Pittsburgh Ward 28",40.44065,-80.035055
Magisterial District 05-3-14,"2213 Brownsville Road, Pittsburgh 15210","Pittsburgh Wards 18, 29, 30 , 32",40.391004,-79.986262
Magisterial District 05-2-16,"343 Old Curry Hollow Road, Pittsburgh 15236","Jefferson Hills , Pleasant Hills , South Park",40.33461,-79.972995
Magisterial District 05-2-42,"3874 Perrysville Avenue, Pittsburgh 15214","Pittsburgh Wards 26 , 27",40.48904,-80.017702
Magisterial District 05-2-18,"41 Macek Drive, Pittsburgh 15227","Baldwin , Brentwood",40.357669,-79.964054
Magisterial District 05-2-40,"421 East Ohio Street, Pittsburgh 15212","Pittsburgh Wards 21, 22, 23, 24 , 25",40.453244,-80.000836
Magisterial District 05-3-10,"4211 Butler Street, Pittsburgh 15201","Pittsburgh Wards 6 , 9",40.470625,-79.960613
Magisterial District 05-2-36,"4371 Murray Avenue, Pittsburgh 15217","Pittsburgh Wards 15 , 31",40.420006,-79.928072
Magisterial District 05-2-02,"439 Perry Highway, Pittsburgh 15229","Ross  , West View",40.519751,-80.032872
Magisterial District 05-2-17,"5301 Grove Rd, Pittsburgh 15236","Baldwin , Castle Shannon , Whitehall",40.359275,-80.001673
Magisterial District 05-3-12,"566 Brushton Avenue, Pittsburgh 15208","Pittsburgh Wards 12 , 13",40.451651,-79.889072
Magisterial District 05-2-35,"5801 Forward Avenue, Pittsburgh 15217","Pittsburgh Wards 7 , 14",40.429992,-79.923171
Magisterial District 05-2-01,"660 Lincoln Avenue, Pittsburgh 15202","Avalon , Bellevue , Ben Avon, Ben Avon Heights, Emsworth, Kilbuck, Ohio",40.497981,-80.05979
Magisterial District 05-2-19,"680 Washington Road, Pittsburgh 15228","Dormont , Mount Lebanon",40.380484,-80.044969
Magisterial District 05-2-31,"1800 Morningside Avenue, Pittsburgh 15206","Pittsburgh Wards 8, 10 , 11",40.486508,-79.926811
Magisterial District 05-2-38,"736 Brookline Blvd, Pittsburgh 15226",Pittsburgh Ward 19,40.393849,-80.020604
Magisterial District 05-2-12,"8105 Perry Highway, Pittsburgh 15237","Bradford Woods , Marshall , McCandless, Pine",40.554623,-80.039027
Magisterial District 05-2-06,"85 Universal Road, Pittsburgh 15235","Penn Hills  , Verona , Wilkins",40.466136,-79.825034
Magisterial District 05-2-10,"907 West St., Pittsburgh 15221",Wilkinsburg,40.444763,-79.890503
Magisterial District 05-2-32,"10101 Saltsburg Road, Plum 15239","Oakmont, Plum",40.490303,-79.704806
Magisterial District 05-2-47,"100 Penn Plaza Shopping Center, Turtle Creek 15145","Braddock , Duquesne, East Pittsburgh , North Braddock , Turtle Creek",40.405241,-79.825808
Magisterial District 05-2-14,"2629 Skyline Drive, West Mifflin 15122","Dravosburg , Rankin ,West Mifflin ,Whitaker",40.358177,-79.874956
Magisterial District 05-3-05,"1985 Lincoln Way, White Oak 15131","Lincoln , South Versailles  ,Versailles ,White Oak",40.33897,-79.80955
