NAME,STREET,CITY,ZIP_CODE,TELEPHONE,WEBSITE,LATITUDE,LONGITUDE
LGAR Health and Rehabilitation Center,800 ELSIE STREET,TURTLE CREEK,15145,NA,https://www.lgar.org,40.411881,-79.822023
Southwestern Nursing and Rehabilitation Center,500 NORTH LEWIS RUN ROAD,PITTSBURGH,15122,NA,https://southwesternhc.com,40.327515,-79.940336
"Seneca PID, LLC",5360 SALTSBURG ROAD,VERONA,15147,NA,https://www.upmc.com,40.479942,-79.836241
Providence Point Healthcare Residence,200 ADAMS AVENUE,PITTSBURGH,15243,NA,https://baptistseniorfamily.org,40.378784,-80.089227
South Hills Post Acute,60 HIGHLAND ROAD,BETHEL PARK,15102,NA,https://southhillspa.com,40.348701,-80.046116
Harmony Hills Healthcare and Rehabilitation Center,194 SWINDERMAN ROAD,WEXFORD,15090,NA,https://harmonyhillshc.com,40.638409,-80.060464
The Willows of Presbyterian SeniorCare,1215 HULTON ROAD,OAKMONT,15139,NA,https://oakmont.srcare.org,40.525916,-79.828742
Harmar Village Health & Rehab Center,715 FREEPORT ROAD,CHESWICK,15024,NA,https://www.saberhealth.com,40.54226,-79.819013
Corner View Nursing and Rehabilitation Center,6655 FRANKSTOWN AVENUE,PITTSBURGH,15206,NA,,40.459802,-79.908591
Highland Hills Post Acute,1105 PERRY HIGHWAY,PITTSBURGH,15237,NA,https://highlandhillspa.com,40.546492,-80.037337
Vincentian Home,111 PERRYMONT ROAD,PITTSBURGH,15237,NA,https://vincentian.us,40.5592129044707,-80.0265747439418
Woodhaven Health & Rehab Center,2400 MCGINLEY ROAD,MONROEVILLE,15146,NA,https://www.saberhealth.com,40.423174,-79.744825
Asbury Health Center,700 BOWER HILL ROAD,PITTSBURGH,15243,NA,https://www.asburyheights.org,40.384546,-80.058242
Monroeville Post Acute,885 MACBETH DR,MONROEVILLE,15146,NA,https://monroevillepa.com,40.425373,-79.757204
Canterbury Place,310 FISK STREET,PITTSBURGH,15201,NA,https://www.upmc.com,40.46596,-79.958135
Concordia at Rebecca Residence,3746 CEDAR RIDGE RD,ALLISON PARK,15101,NA,https://www.concordialm.org,40.602641,-79.897481
John J Kane Regional Center - Glen Hazel,955 RIVERMONT DRIVE,PITTSBURGH,15207,NA,https://www.alleghenycounty.us,40.407619,-79.930132
Cedar Hill Healthcare and Rehabilitation Center,951 BRODHEAD ROAD,CORAOPOLIS,15108,NA,https://cedarhillhrc.com,40.51945,-80.224556
Bridgeville Rehabilitation & Care Center,3590 WASHINGTON PIKE,BRIDGEVILLE,15017,NA,https://www.genesishcc.com/bridgeville,40.326345,-80.140275
Southwestern Veterans Center,7060 HIGHLAND DR,PITTSBURGH,15206,NA,https://www.pa.gov/agencies/dmva,40.4781660382942,-79.897446052935
John J Kane Regional Center-McKeesport,100 NINTH AVENUE,MCKEESPORT,15132,NA,https://www.alleghenycounty.us,40.346007,-79.866829
"Sycamore Creek Healthcare Group, Inc.",234 CORAOPOLIS ROAD,CORAOPOLIS,15108,NA,https://www.saberhealth.com,40.501402,-80.114424
Baldwin Health Center,1717 SKYLINE DRIVE,PITTSBURGH,15227,NA,https://www.communicarehealth.com,40.366522,-79.960013
Wecare at Mt Lebanon Rehabilitation and Nursing Center,350 OLD GILKESON ROAD,PITTSBURGH,15228,NA,https://wecarehcc.com,40.360885,-80.060369
John J. Kane Regional Center - Ross Township,110 MCINTYRE ROAD,PITTSBURGH,15237,NA,https://www.alleghenycounty.us,40.54931,-80.013897
Wexford Healthcare Center,9850 OLD PERRY HIGHWAY,WEXFORD,15090,NA,https://www.communicarehealth.com,40.588242,-80.043875
Little Sisters of the Poor,1028 BENTON AVENUE,PITTSBURGH,15212,NA,https://thelittlesistersofthepoor.com,40.4875370232689,-80.0341948357943
Reformed Presbyterian Home,2344 PERRYSVILLE AVE,PITTSBURGH,15214,NA,https://rphome.org,40.467176,-80.009639
Masonic Village at Sewickley,1000 MASONIC DRIVE,SEWICKLEY,15143,NA,https://masonicvillages.org,40.5275,-80.143469
UPMC Magee-Womens Hospital Transitional Care Unit,300 HALKET STREET,PITTSBURGH,15213,NA,https://www.upmc.com,40.437159,-79.96103
John J Kane Regional Center - Scott Township,300 KANE BLVD,PITTSBURGH,15243,NA,https://www.alleghenycounty.us,40.374421,-80.087671
The Rehabilitation Center at Jefferson Hills,540 COAL VALLEY ROAD,JEFFERSON HILLS,15025,NA,,40.323878,-79.930219
Concordia of The South Hills,1300 BOWER HILL ROAD,PITTSBURGH,15243,NA,https://www.concordialm.org,40.376112,-80.074649
Concordia at the Cedars,4363 NORTHERN PIKE,MONROEVILLE,15146,NA,https://www.concordialm.org,40.435031,-79.747302
Harmony Physical Rehabilitation,4365 NORTHERN PIKE,MONROEVILLE,15146,NA,https://www.concordialm.org,40.436466,-79.747051
Wecare at Monroeville Rehabilitation and Nursing Center,4142 MONROEVILLE BOULEVARD,MONROEVILLE,15146,NA,https://wecarehcc.com,40.433065,-79.764079
Ivy Park Post Acute,5609 5TH AVENUE,PITTSBURGH,15232,NA,https://ivyparkpa.com,40.449875,-79.930818
Heritage Care Center,5701 PHILLIPS AVENUE,PITTSBURGH,15217,NA,https://www.upmc.com,40.431863,-79.924939
Meadowcrest Rehabilitation & Healthcare Center,1200 BRAUN ROAD,BETHEL PARK,15102,NA,https://www.meadowcrestrhc.com,40.290755,-80.04232
Whitehall Borough Post Acute,505 WEYMAN ROAD,PITTSBURGH,15236,NA,https://whitehallboroughpa.com,40.361785,-79.999869
Eldercrest Rehabilitation & Healthcare Center,2600 WEST RUN ROAD,MUNHALL,15120,NA,https://www.eldercrestrhc.com,40.391272,-79.903941
East End Health & Rehab Center,745 NORTH HIGHLAND AVENUE,PITTSBURGH,15206,NA,https://www.saberhealth.com,40.469418,-79.921506
Carnegie Park Post Acute,1848 GREENTREE ROAD,PITTSBURGH,15220,NA,https://carnegieparkpa.com,40.397409,-80.067816
Riverside Health & Rehab Center,100 8TH STREET,MCKEESPORT,15132,NA,https://riverrehab.com,40.347479,-79.867191
Friendship Village of South Hills,1290 BOYCE ROAD,PITTSBURGH,15241,NA,https://www.lifespacecommunities.com,40.314764,-80.110199
St. Barnabas Nursing Home,5827 MERIDIAN ROAD,GIBSONIA,15044,NA,https://stbarnabashealthsystem.com,40.650416,-79.960352
Spring Hill Rehabilitation and Nursing Center,2170 RHINE STREET,PITTSBURGH,15212,NA,https://springhillsnf.com,40.46831,-79.993681
Longwood at Oakmont,500 ROUTE 909,VERONA,15147,NA,https://www.longwoodatoakmont.com,40.526344,-79.80711
Platinum Ridge Center for Rehabilitation and Healing,1050 BROADVIEW BOULEVARD,BRACKENRIDGE,15014,NA,,40.613862,-79.741544
Burgh Care Center,909 WEST STREET,PITTSBURGH,15221,NA,https://theburghcarecenter.com,40.445144,-79.890546
Kadima Rehabilitation & Nursing at Cheswick,3876 SAXONBURG BLVD,CHESWICK,15024,NA,,40.596953,-79.871606
Squirrel Hill Wellness and Rehabilitation Center,2025 WIGHTMAN STREET,PITTSBURGH,15217,NA,https://squirrelhillwr.com,40.433352,-79.926784
