site_name,health_center,address,site_type,hc_type,lon,lat,website
North Side Christian Health Center,NORTH SIDE CHRISTIAN HEALTH CENTER,816 Middle St,Permanent,Service Delivery Site,-79.99942186,40.45524515,www.nschc.org
Cornerstone Care Dental Center of West Mifflin,CORNERSTONE CARE INC,"500 N Lewis Run Rd, Ste 128",Permanent,Service Delivery Site,-79.93829222,40.32853634,
HAZELWOOD HEALTH CENTER,PRIMARY CARE HEALTH SERVICES INC,4918 2nd Ave,Permanent,Service Delivery Site,-79.94412351,40.40941932,N/A
East End Community Health Center,PRIMARY CARE HEALTH SERVICES INC,745 N Negley Ave,Permanent,Service Delivery Site,-79.92686777,40.47111658,
WEST END DENTAL OFFICE,PRIMARY CARE HEALTH SERVICES INC,441 S Main St,Permanent,Service Delivery Site,-80.03439476,40.44089336,Not Applicable
LINCOLN-LEMINGTON MEDICAL AND DENTAL OFFICE,"East Liberty Family Health Care Center, Inc.",7157 Mary Peck Bond Pl,Permanent,Administrative/Service Delivery Site,-79.89286591,40.47187564,www.elfhcc.com
Squirrel Hill Health Center,SQUIRREL HILL HEALTH CENTER,4516 Browns Hill Rd,Permanent,Administrative/Service Delivery Site,-79.92546875,40.41694337,www.squirrelhillhealthcenter.org
Pleasant Valley,PRIMARY CARE HEALTH SERVICES INC,1601 Brighton Rd,Permanent,Service Delivery Site,-80.01633947,40.45806176,
Sto-Rox Family Health Center of Cornerstone Care,CORNERSTONE CARE INC,710 Thompson Ave,Permanent,Administrative/Service Delivery Site,-80.06289063,40.46500919,
Birmingham Clinic / Program for Health Care to Underserved Populations,PRIMARY CARE HEALTH SERVICES INC,1515 Locust St,Permanent,Service Delivery Site,-79.98463090,40.43694909,
North Side Christian Health Center at Northview,NORTH SIDE CHRISTIAN HEALTH CENTER,525 Mount Pleasant Rd,Permanent,Service Delivery Site,-80.00006039,40.47807192,www.nschc.org
SHHC Brentwood,SQUIRREL HILL HEALTH CENTER,103 Towne Square Way,Permanent,Service Delivery Site,-79.98244985,40.36727347,www.squirrelhillhealthcenter.org
BRADDOCK HEALTH CENTER,PRIMARY CARE HEALTH SERVICES INC,404 Braddock Ave,Permanent,Service Delivery Site,-79.87143724,40.40470580,N/A
Cornerstone Care Community Health Center of Clairton,CORNERSTONE CARE INC,559 Miller Ave,Permanent,Service Delivery Site,-79.88354272,40.29315616,
STEEL VALLEY FAMILY HLTH CENTER,PRIMARY CARE HEALTH SERVICES INC,1800 West St,Permanent,Service Delivery Site,-79.90577672,40.39989043,N/A
COMMUNITY HUMAN SERVICES/WOOD STREET COMMONS,PRIMARY CARE HEALTH SERVICES INC,301 3rd Ave,Permanent,Service Delivery Site,-80.00134089,40.43877396,
East Liberty Family Healthcare Center- Uptown/Hill District,"East Liberty Family Health Care Center, Inc.",1425 Forbes Ave,Permanent,Service Delivery Site,-79.98537505,40.43793338,
WEST END HEALTH CENTER,PRIMARY CARE HEALTH SERVICES INC,415 Neptune St,Permanent,Service Delivery Site,-80.03297981,40.44049602,N/A
HILL HOUSE HEALTH CENTER,PRIMARY CARE HEALTH SERVICES INC,1835 Centre Ave,Permanent,Service Delivery Site,-79.98187669,40.44312894,N/A
AbsoluteCare Pittsburgh,PRIMARY CARE HEALTH SERVICES INC,7301 Penn Ave,Permanent,Service Delivery Site,-79.89876375,40.44877181,
Metro Community Health Center,"METRO FAMILY PRACTICE, INC","1789 S Braddock Ave, Suite 395",Permanent,Service Delivery Site,-79.88731994,40.42437418,metrocommunityhealthcenter.org
"PRIMARY CARE HEALTH SERVICES, INC. Alma Illery Medical Center",PRIMARY CARE HEALTH SERVICES INC,7227 Hamilton Ave,Permanent,Administrative/Service Delivery Site,-79.89621691,40.45459962,N/A
Hilltop Community Health Center of Cornerstone Care,CORNERSTONE CARE INC,151 Ruth St,Permanent,Service Delivery Site,-80.00473062,40.42291049,
EAST LIBERTY MEDICAL OFFICE,"East Liberty Family Health Care Center, Inc.",6023 Harvard St,Permanent,Service Delivery Site,-79.92301218,40.46305885,WWW.ELFHCC.com
WILKINSBURG FAMILY HEALTH CENTER,PRIMARY CARE HEALTH SERVICES INC,807 Wallace Ave,Permanent,Service Delivery Site,-79.88056848,40.44371622,N/A
Sto-Rox Mobile Health Unit of Cornerstone Care,CORNERSTONE CARE INC,710 Thompson Ave,Mobile Van,Service Delivery Site,-80.06289063,40.46500919,
Metro Community Health Center Mobile Clinic,"METRO FAMILY PRACTICE, INC","1789 S Braddock Ave, Suite 410",Mobile Van,Service Delivery Site,-79.88731994,40.42437418,metrocommunityhealthcenter.org
"Primary Care Health Services, Inc. Dr. Robert G. Edwards Medical Associates",PRIMARY CARE HEALTH SERVICES INC,1539 Lincoln Ave,Permanent,Service Delivery Site,-79.89500346,40.46967975,
Salvation Army Harbor Light,PRIMARY CARE HEALTH SERVICES INC,865 W North Ave,Permanent,Service Delivery Site,-80.01668011,40.45340101,
McKeesport Downtown Housing,PRIMARY CARE HEALTH SERVICES INC,523 Sinclair St,Permanent,Service Delivery Site,-79.86190358,40.35037225,
Family Links,PRIMARY CARE HEALTH SERVICES INC,1601 5th Ave,Permanent,Service Delivery Site,-79.98382674,40.43851336,
Mobile Medical Unit,SQUIRREL HILL HEALTH CENTER,4516 Browns Hill Rd,Mobile Van,Service Delivery Site,-79.92546875,40.41694337,
Metro Community Health Center,"METRO FAMILY PRACTICE, INC","1789 S Braddock Ave, Suite 410",Permanent,Administrative/Service Delivery Site,-79.88731994,40.42437418,www.metrofamilypractice.org
WILKINSBURG DENTAL OFFICE,"East Liberty Family Health Care Center, Inc.",807 Wallace Ave,Permanent,Service Delivery Site,-79.88056848,40.44371622,www.elfhcc.com
MCKEESPORT FAMILY HEALTH CENTER,PRIMARY CARE HEALTH SERVICES INC,627 Lysle Blvd,Permanent,Service Delivery Site,-79.85847806,40.35234442,N/A
