npi,name,kind,address,city,zip,lat,lon
1063151884,"Baum Consultant Services, Llc",primary_care_clinic,5548 KINGS SCHOOL RD,BETHEL PARK,15102,40.311311,-80.020259
1528603818,Greenleaf Compassion Llc,primary_care_clinic,330 E 8TH AVE,HOMESTEAD,15120,40.408103,-79.908656
1649640103,Allegheny Health Network,primary_care_clinic,2027 LEBANON CHURCH RD,WEST MIFFLIN,15122,40.348264,-79.947871
1508915729,Raphael Family Medicine Llc,primary_care_clinic,3025 JACKS RUN RD,MCKEESPORT,15131,40.352608,-79.789261
1366295198,Divine Wellness Walk In Clinic,urgent_care,3019 MARYLAND AVE,N VERSAILLES,15137,40.380461,-79.831192
1447499322,Richard H. Katz M.D. Llc,primary_care_clinic,357 LINCOLN HWY,NORTH VERSAILLES,15137,40.381318,-79.816472
1184748964,Forbes Regional Campus,primary_care_clinic,2570 HAYMAKER RD,MONROEVILLE,15146,40.426618,-79.750816
1215752548,Ahn Primary Care Mobile Clinic,primary_care_clinic,100 S JACKSON AVE,PITTSBURGH,15202,40.495474,-80.059831
1437357639,"East Side Pediatrics, P.C.",primary_care_clinic,5808 EVA ST,PITTSBURGH,15206,40.46139,-79.928395
1285755249,"Malathi Venkatesan, M.D.",primary_care_clinic,490 E NORTH AVE,PITTSBURGH,15212,40.456458,-80.001702
1649238825,Greater Pittsburgh Pediatric Center,primary_care_clinic,1811 BOULEVARD OF THE ALLIES,PITTSBURGH,15219,40.43589,-79.98129
1821221748,Highmark Health Center At Hand By Take Care Health Systems,primary_care_clinic,501/515 PEN AVE,PITTSBURGH,15222,40.442474,-80.003387
1225910755,Redmed Management Llc,primary_care_clinic,355 5TH AVE STE 100,PITTSBURGH,15222,40.440433,-79.999403
1265580948,"Rocco J. Adams, Md, Llc",primary_care_clinic,3000 BROWNSVILLE RD,PITTSBURGH,15227,40.381228,-79.976189
1558856682,Mamatas Medical Associates,primary_care_clinic,10 DUFF RD STE 212,PITTSBURGH,15235,40.463872,-79.828518
1154547214,"Malik Medical Associates,Inc",primary_care_clinic,3 WIDGEON DR,PITTSBURGH,15238,40.5546,-79.907786
1720336829,Medexpress Urgent Care - Bridgeville,urgent_care,3024 WASHINGTON PIKE,BRIDGEVILLE,15017,40.353217,-80.115031
1972300622,Ucmg Llc,urgent_care,4655 WILLIAM FLYNN HWY STE 110,ALLISON PARK,15101,40.592331,-79.948041
1194070748,Upmc Urgent Care At Natrona Heights,urgent_care,1870 BROADVIEW BLVD,NATRONA HEIGHTS,15065,40.624259,-79.723501
1417279670,Medexpress Urgent Care - Tarentum,urgent_care,303 E 10TH AVE,TARENTUM,15084,40.605241,-79.755988
1770875494,Medexpress Urgent Care - Wexford,urgent_care,10632 PERRY HWY,WEXFORD,15090,40.61305,-80.054505
1659626208,Upmc Urgent Care At Wexford,urgent_care,11360 PERRY HWY,WEXFORD,15090,40.62291,-80.053789
1750788378,Ahn Urgent Care Center Braddock,urgent_care,501 BRADDOCK AVENUE,BRADDOCK,15104,40.404303,-79.870039
1811141005,"Medexpress Urgent Care, Pc - Moon Township",urgent_care,8702 UNIVERSITY BLVD,MOON TOWNSHIP,15108,40.505841,-80.223201
1801574181,Online Care Group Pa-Pc,urgent_care,90 MARYLAND AVE,WEST MIFFLIN,15122,40.361256,-79.860161
1306187976,Medexpress Urgent Care - Mckeesport,urgent_care,3711 WALNUT ST,MCKEESPORT,15132,40.326906,-79.839897
1629466628,"Medexpress Urgent Care - Robinson Township, Steubenville Pike",urgent_care,5944 STEUBENVILLE PIKE,MC KEES ROCKS,15136,40.447695,-80.143007
1396025813,Medexpress Urgent Care - Monroeville Mosside Boulevard,urgent_care,2644 MOSSIDE BLVD,MONROEVILLE,15146,40.43172,-79.751459
1740535384,Upmc Urgent Care At Monroeville,urgent_care,4145 WILLIAM PENN HWY,MONROEVILLE,15146,40.438891,-79.766569
1649669375,Essential Care Clinic,urgent_care,168 ALLEGHENY RIVER BLVD,VERONA,15147,40.499051,-79.843629
1821304890,Allegheny Urgent Care Associates,urgent_care,100 S JACKSON AVE,PITTSBURGH,15202,40.495474,-80.059831
1275713109,American Current Care Pa Pc,urgent_care,4390 CAMPBELLS RUN ROAD,PITTSBURGH,15205,40.425729,-80.118255
1053844274,"Occupational Health Centers Of The Southwest, P.A.",urgent_care,4390 CAMPBELLS RUN RD,PITTSBURGH,15205,40.425729,-80.118255
1487909032,Upmc Urgent Care At Robinson,urgent_care,6500 STEUBENVILLE PIKE,PITTSBURGH,15205,40.447669,-80.154634
1174703003,American Current Care Pa Pc,urgent_care,120 LYTTON STREET,PITTSBURGH,15213,40.445734,-79.954699
1790218147,Concentra Medical Center,urgent_care,120 LYTTON AVE,PITTSBURGH,15213,40.445734,-79.954699
1821278755,Concentra Urgent Care,urgent_care,15 FREEPORT ROAD,PITTSBURGH,15215,40.492653,-79.909947
1073798153,"Medexpress Urgent Care, Llc - Fox Chapel",urgent_care,50 FREEPORT RD,PITTSBURGH,15215,40.496655,-79.942264
1891228243,Concentra - Aspinwall,urgent_care,15 FREEPORT RD,PITTSBURGH,15215,40.492653,-79.909947
1538553037,Steel Valley Urgent Care,urgent_care,4630 BROWNS HILL RD,PITTSBURGH,15217,40.414905,-79.924242
1528248465,American Current Care Pa Pc,urgent_care,1600 WEST CARSON STREET,PITTSBURGH,15219,40.440812,-80.01894
1821521014,Concentra Medical Center,urgent_care,1600 W CARSON ST,PITTSBURGH,15219,40.440812,-80.01894
1790447258,Greentree Medical Center Pc,urgent_care,995 GREENTREE RD,PITTSBURGH,15220,40.417396,-80.045102
1730373879,Medexpress Urgent Care Llc - Greentree,urgent_care,1984 GREENTREE RD,PITTSBURGH,15220,40.394852,-80.066385
1760750541,Doctors Express,urgent_care,874 BUTLER ST,PITTSBURGH,15223,40.508685,-79.945944
1417281098,Medexpress Urgent Care - Shadyside,urgent_care,5201 BAUM BLVD.,PITTSBURGH,15224,40.456013,-79.941942
1245536416,Medexpress Urgent Care - Brentwood,urgent_care,3516 SAW MILL RUN BLVD,PITTSBURGH,15227,40.373494,-79.982244
1770830580,Medexpress Urgent Care - Mt. Lebanon,urgent_care,1535 WASHINGTON RD,PITTSBURGH,15228,40.356333,-80.050328
1164421517,"Medexpress Urgent Care, Pc - Monroeville",urgent_care,3433 WILLIAM PENN HWY,PITTSBURGH,15235,40.430183,-79.812252
1548290240,"Medexpress Urgent Care, Llc - Pleasant Hills",urgent_care,695 CLAIRTON BLVD,PLEASANT HILLS,15236,40.328883,-79.944951
1073161394,Upmc Urgent Care At Pleasant Hills,urgent_care,617 CLAIRTON BLVD,PLEASANT HILLS,15236,40.334146,-79.94647
1841426244,Medexpress Urgent Care - Ross Township,urgent_care,7219 MCKNIGHT RD,PITTSBURGH,15237,40.537423,-80.011366
1053514968,"Medexpress Urgent Care, Llc - South Hills",urgent_care,2600 OLD WASHINGTON RD,UPPER ST CLAIR,15241,40.313466,-80.088861
1902056476,"Medexpress Urgent Care, Pc - Norwin",urgent_care,12120 STATE ROUTE 30,NORTH HUNTINGDON,15642,40.332833,-79.742292
1043583602,Medexpress Urgent Care - North Huntingdon,urgent_care,12116 STATE ROUTE 30,NORTH HUNTINGDON,15642,40.332809,-79.742265
1013223171,Medexpress Urgent Care - Murrysville,urgent_care,4620 WILLIAM PENN HIGHWAY,MURRYSVILLE,15668,40.42505,-79.669522
1063970671,Cornerstone Care Community Health Center Of Clairton,fqhc_clinic,559 MILLER AVE,CLAIRTON,15025,40.293121,-79.883335
1699701136,"Community Health Clinic, Inc.",fqhc_clinic,943 FOURTH AVENUE,NEW KENSINGTON,15068,40.56585,-79.766499
1932274768,Rankin Family Health Facility,fqhc_clinic,300 RANKIN BLVD,RANKIN,15104,40.412071,-79.88115
1144390683,Braddock Family Health Center,fqhc_clinic,404 BRADDOCK AVE,BRADDOCK,15104,40.404837,-79.871252
1750452751,Duquesne Family Health Center,fqhc_clinic,2 DUQUESNE PLZ,DUQUESNE,15110,40.3736,-79.844921
1417027806,Steel Valley Family Health Center,fqhc_clinic,1800 WEST ST,HOMESTEAD,15120,40.399995,-79.905114
1235780529,Cornerstone Care Dental Center Of West Mifflin,fqhc_clinic,500 N LEWIS RUN RD STE 128,WEST MIFFLIN,15122,40.328648,-79.938278
1629148093,Mckeesport Family Health Services,fqhc_clinic,627 LYSLE BLVD,MCKEESPORT,15132,40.352191,-79.859259
1912897950,Sto-Rox Family Health Center,fqhc_clinic,710 THOMPSON AVE,MC KEES ROCKS,15136,40.465342,-80.061985
1750504395,"Sto-Rox Neighborhood Health Council, Inc.",fqhc_clinic,710 THOMPSON AVENUE,MCKEES ROCKS,15136,40.465342,-80.061985
1992469506,Squirrel Hill Health Center,fqhc_clinic,519 PENN AVE STE 2,TURTLE CREEK,15145,40.405378,-79.828248
1891565446,Squirrel Hill Health Center,fqhc_clinic,100 S JACKSON AVE FL 3,PITTSBURGH,15202,40.495474,-80.059831
1255156048,Mercy Primary Care,fqhc_clinic,249 S 9TH ST,PITTSBURGH,15203,40.429891,-79.989778
1164948733,East Liberty Family Health Care Center,fqhc_clinic,1425 FORBES AVE FL 2,PITTSBURGH,15219,40.437765,-79.98615
1760642896,"East Liberty Family Health Care Center, Inc.",fqhc_clinic,6023 HARVARD SQ,PITTSBURGH,15206,40.46288,-79.923307
1669709655,"East Liberty Family Health Care Center, Inc.",fqhc_clinic,807 WALLACE AVE,PITTSBURGH,15221,40.443556,-79.881302
1184615577,"East Liberty Family Health Care Center, Inc.",fqhc_clinic,7171 CHURCHLAND ST,PITTSBURGH,15206,40.470209,-79.895182
1134299514,East End Health Center,fqhc_clinic,745 N NEGLEY AVE,PITTSBURGH,15206,40.470718,-79.926712
1760552129,Hazelwood Family Health Center,fqhc_clinic,4918 2ND AVE,PITTSBURGH,15207,40.409195,-79.943935
1326206228,Primary Care Health Services Inc,fqhc_clinic,7227 HAMILTON AVE,PITTSBURGH,15208,40.454484,-79.896634
1376615815,Westinghouse School Based Health Center,fqhc_clinic,1101 N MURTLAND ST,PITTSBURGH,15208,40.460424,-79.90044
1134299506,Manchester Health Center,fqhc_clinic,1014 SHEFFIELD ST,PITTSBURGH,15233,40.454071,-80.019981
1003986498,West End Health Center,fqhc_clinic,415 NEPTUNE ST,PITTSBURGH,15220,40.440526,-80.033338
1326815754,Absolute Care,fqhc_clinic,7301 PENN AVE,PITTSBURGH,15208,40.448628,-79.899455
1366512725,Hill House Health Center,fqhc_clinic,1835 CENTRE AVE,PITTSBURGH,15219,40.442691,-79.98226
1295031029,West End Dental,fqhc_clinic,441 S MAIN ST,PITTSBURGH,15220,40.441104,-80.034145
1407873847,"Sto-Rox Neighborhood Health Council, Inc.",fqhc_clinic,317 CLIMAX STREET,PITTSBURGH,15210,40.419982,-80.001533
1588554554,Hilltop Community Health Center Of Cornerstone Care,fqhc_clinic,151 RUTH ST,PITTSBURGH,15211,40.423132,-80.004912
1114339371,"Sto-Rox Neighborhood Health Council, Inc.",fqhc_clinic,151 RUTH STREET,PITTSBURGH,15211,40.423132,-80.004912
1609091578,North Side Christian Health Center,fqhc_clinic,816 MIDDLE ST,PITTSBURGH,15212,40.455038,-79.999463
1649208398,North Side Christian Health Center,fqhc_clinic,620 E OHIO ST,PITTSBURGH,15212,40.453949,-79.998394
1669687216,Matilda Theiss Health Center,fqhc_clinic,373 BURROWS ST,PITTSBURGH,15213,40.441168,-79.971255
1952552986,North Side Christian Health Center,fqhc_clinic,525 MOUNT PLEASANT RD,PITTSBURGH,15214,40.477821,-80.000158
1982658308,Squirrel Hill Health Center,fqhc_clinic,4516 BROWNS HILL RD,PITTSBURGH,15217,40.418387,-79.926233
1538531710,Squirrel Hill Health Center,fqhc_clinic,103 TOWNE SQUARE WAY,BRENTWOOD,15227,40.367033,-79.981786
1114121506,Community Human Services Corporation,community_health_clinic,374 LAWN ST,PITTSBURGH,15213,40.433579,-79.961264
1447642194,The Programfooffenders,community_health_clinic,2410 5TH AVE,PITTSBURGH,15213,40.436871,-79.970286
1417110776,Catholic Charities Free Health Care Center,community_health_clinic,212 9TH ST,PITTSBURGH,15222,40.443241,-79.998194
1982467221,Hugh Lane Wellness Foundation,community_health_clinic,925 BRIGHTON RD,PITTSBURGH,15233,40.452633,-80.014185
1538689039,Mercy Behavioral Health,community_health_clinic,1200 REEDSDALE ST,PITTSBURGH,15233,40.448039,-80.01816
