name,address,lat,lon,sources,osm_id
Banksville Laundromat,3144 Banksville Road,40.400126,-80.044286,OSM,node/4177118442
,4950 Library Road,40.343592,-80.027335,OSM,node/4589870547
NEIGHBORHOOD LAUNDROMAT,5844 Library Road,40.308873,-80.033308,OSM+County_Assets,node/4591623191
,3235 West Liberty Avenue,40.389883,-80.0409,OSM,node/6189870807
Bethel Park Laundromat,4790 Library Road,40.347849,-80.027171,OSM+County_Assets,way/465940426
Painters Run Laundromat,1952 Painters Run Road,40.363915,-80.085914,OSM+County_Assets,way/534125512
,3360 Library Road,40.368475,-80.012995,OSM,node/4591605574
Coin Laundry,,40.323093,-79.833411,OSM,node/4952713915
Dana Dunkin' Duds Laundry,,40.436545,-79.953883,OSM,node/7876902015
,,40.396305,-79.996292,OSM,node/8526493311
Kennywood Laundromat,1801 Hoffman Boulevard,40.383779,-79.867016,OSM+County_Assets,node/10090357513
Dirty Franky's Laundromat,118 S 23RD ST,40.427275,-79.973338,OSM+County_Assets,node/12120255359
Laundromat,100 Penn Plaza,40.405303,-79.825833,OSM,node/13414334453
Monroeville 24hr Laundromat,Northern Pike,40.434114,-79.755991,OSM+County_Assets,node/13969222161
P&W Laundromat,310 Scenery Drive,40.278506,-79.83736,OSM,way/464608606
Blvd Laundromat,3518 Boulevard of the Allies,40.434581,-79.955829,OSM,way/535398570
Sudzburgh,3005 Sussex Avenue,40.385024,-80.015924,OSM,way/562839875
,,40.503538,-80.22193,OSM,node/2570067450
Larry's Laundromutt,201 Ohio River Boulevard,40.544223,-80.193404,OSM,node/2643051291
Steel City Canine Rehabilitation,988 PERRY HWY,40.53928,-80.035938,OSM+County_Assets,node/3634657112
Trey's Laundromat,3800 BRIGHTON RD,40.484561,-80.036181,OSM+County_Assets,node/3714217846
Center Laundromat,,40.516948,-80.044738,OSM,node/3785300958
Bellevue Speed Wash,,40.496318,-80.055449,OSM,node/4529303907
Snowy White Laundromat,434 US-30,40.449474,-80.246421,OSM+County_Assets,node/12593991670
Wash Bored,638 Center Avenue,40.518793,-80.030469,OSM,way/262788393
Hallmark Cleaners,3461 Babcock Boulevard,40.541406,-80.027099,OSM,way/339559577
,,40.503725,-80.061853,OSM,way/422061285
Bubbles on 4th Laundromat,805 4th Avenue,40.520703,-80.168907,OSM+County_Assets,way/455411169
,,40.441585,-79.920534,OSM,node/1371572674
,,40.450435,-79.914591,OSM,node/1371572675
Butler Street Coin-Operated Laundromat,4019 Butler Street,40.469338,-79.961763,OSM+County_Assets,node/3855656228
,,40.480727,-79.974897,OSM,node/3889244053
HOLIDAY PARK LAUNDRY,932 PRESQUE ISLE DR,40.462234,-79.706388,OSM+County_Assets,node/3924536837
The Laundry Club,3824 Penn Avenue,40.464639,-79.960477,OSM+County_Assets,node/6076838343
,,40.659022,-79.804804,OSM,node/12121301461
The Laundry Factory,5859;5863 Ellsworth Avenue,40.457545,-79.92904,OSM+County_Assets,node/13457081749
M & G Community Laundry Mat,5511 Penn Avenue,40.464176,-79.931972,OSM,way/167704128
Duds 'n' Suds,5430 Centre Avenue,40.455911,-79.937351,OSM+County_Assets,way/167875831
,,40.503278,-79.948697,OSM,way/386886284
Olde Towne Laundry,824 JAMES ST,40.45503,-80.00088,OSM+County_Assets,way/528928555
COIN OP LAUNDROMAT,807 LINCOLN HWY,40.37890866,-79.80499959,County_Assets,
IMPERIAL CLEANERS OF OAKMONT,600 ALLEGHENY RIVER BLVD,40.51919073,-79.8422419,County_Assets,
BRITE & WHITE LAUNDROMAT,494 PITTSBURGH ST,40.54059101,-79.78660516,County_Assets,
CENTER LAUNDROMAT,224 CENTER RD,40.44043097,-79.76722242,County_Assets,
COIN UP LAUNDROMAT,2375 NOBLESTOWN RD,40.42631104,-80.05587918,County_Assets,
CRAFTON INGRAM LAUNDROMAT,35 WALSH RD,40.4400794,-80.07100932,County_Assets,
BALDWIN LAUNDROMAT,5255 BROWNSVILLE RD,40.3419897589307,-79.9842526290239,County_Assets,
BLOOMERS LAUNDROMAT,4430 HOWLEY ST,40.4645709867643,-79.9517880301669,County_Assets,
BLOOMFIELD LAUNDROMAT,4507 LIBERTY AVE,40.4631592328483,-79.9513993048797,OSM+County_Assets,
BOULEVARD LAUNDROMAT,726 BROOKLINE BLVD,40.3941379808538,-80.0209565263112,County_Assets,
CHESWICK LAUNDROMAT,1226 PITTSBURGH ST ,40.5405472047501,-79.802816494743,County_Assets,
CLAIRTON LAUNDRY ROOM,601 MILLER AVE,40.2924513674408,-79.8837575453932,County_Assets,
DEER LAKES PLAZA LAUNDROMAT,908 LITTLE DEER CREEK VALLEY RD,40.608662894695,-79.8335038589574,County_Assets,
DORMONT LAUNDROMAT,3019 W LIBERTY AVE,40.3927143518201,-80.0370474012427,County_Assets,
DRAVOSBURG LAUNDROMAT,209 3RD ST,40.3491043443964,-79.8916095008281,County_Assets,
DROP UR LOAD WASHERY,814 MAIN ST,40.4947631608505,-79.9339786478152,County_Assets,
ECONOWASH LAUNDRY,250 S HIGHLAND AVE,40.4574468131524,-79.9253378349171,County_Assets,
ELLIOTS COIN OP,1000 CHARTIERS AVE,40.4442002729254,-80.0406072964364,County_Assets,
FLUFF N PUFF LAUNDRY,5150 CLAIRTON BLVD,40.3439648132613,-79.9720115143558,County_Assets,
HOHMANNS PLAZA LAUNDROMAT,1224 JAMES ST,40.4189085073463,-79.8095374972885,County_Assets,
HOMESTEAD LAUNDROMAT,212 E 8TH AVE,40.4070804154053,-79.9102004301296,County_Assets,
JAYS LAUNDROMAT,2813 BROWNSVILLE RD,40.383239880869,-79.9768342230002,County_Assets,
LAUNDRY BASKET,1608 POTOMAC AVE,40.3978105589362,-80.0362420664262,County_Assets,
SELF SERV LAUNDROMAT,510 STATION ST,40.35723572,-80.11057878,County_Assets,
PLAZA LAUNDRY,1711 UNION AVE,40.62236807,-79.72499329,County_Assets,
MIKES LAUNDROMAT,215 3RD ST,40.40360063,-80.09042097,County_Assets,
MCKEESPORT CITY,500 5TH AVE,40.3510232519855,-79.8618472580569,County_Assets,
WEST HOMESTEAD LAUNDROMAT,405 W 8TH AVE,40.40307727,-79.91681084,County_Assets,
WHITE OAK LAUNDROMAT,1618 LINCOLN WAY,40.34715488,-79.81715824,County_Assets,
MONONGAHELA AVE COIN LAUNDROMAT,48 MONONGAHELA AVE,40.3347768174267,-79.8913343271228,County_Assets,
MCKEES ROCKS LAUNDROMAT,1201 CHARTIERS AVE,40.46478766,-80.07043352,County_Assets,
REGENT LAUNDRY SERVICES,1740 GREENSBURG AVE,40.38705055,-79.82150971,County_Assets,
SPIN CYCLE LAUNDROMAT,600 EAST PITTSBURGH MCKEESPORT BLVD,40.37155493,-79.82788646,County_Assets,
SPRINGDALE LAUNDRY BASKET,726 PITTSBURGH ST,40.54101677,-79.78110051,County_Assets,
OLYMPIA COIN LAUNDROMAT,4313 WALNUT ST,40.3219335875616,-79.8336933908244,County_Assets,
P & W CAR WASH & LAUNDROMAT,410 SCENERY DR,40.277032597588,-79.8377906651918,County_Assets,
SNOWY WHITE XI,8131 OHIO RIVER BLVD,40.50990432,-80.09434459,County_Assets,
SNOWY WHITE XI,53 CRENNELL AVE,40.43611022,-80.06920959,County_Assets,
ROBINSON LAUNDROMAT,6080 STEUBENVILLE PIKE,40.443975246701,-80.1453860040091,County_Assets,
RONNIES LAUNDROMAT,23 BRILLIANT AVE,40.489582239769,-79.9012474612768,County_Assets,
SQUARE WASH LAUNDROMAT,1111 S BRADDOCK AVE,40.4325677248907,-79.8935903988554,County_Assets,
THE LAUNDROMAT,1939 BABCOCK BLVD,40.5062775106,-79.9905412235987,County_Assets,
THE LAUNDRY ROOM,11575 FRANKSTOWN RD,40.4650646224548,-79.8296187204601,County_Assets,
THE SOAP OPERA,264 YOST BLVD,40.4141131273255,-79.8555893310453,County_Assets,
TOWNE CLEANER LAUNDRYROOM,1637 S BRADDOCK AVE,40.4277180656065,-79.8875532646398,County_Assets,
TROY HILL COIN LAUNDRY,1603 LOWRIE ST,40.4625977874977,-79.9829850558124,County_Assets,
TWIN CLOTHES LINE,214 BROWNSVILLE RD,40.4155516744402,-79.9874863057566,County_Assets,
URBANS CARRICK LAUNDRY,1223 BROWNSVILLE RD,40.4033783807779,-79.9896642491386,County_Assets,
WASH MONSTER,251 EDGEWOOD AVE,40.4303073660273,-79.8840176610792,County_Assets,
WASH N SAVE COIN LAUNDRY,2206 WOODSTOCK AVE,40.4192642301655,-79.8850012966861,County_Assets,
WASH WORKS LAUNDRY HOUSE,900 SLEEPY HOLLOW RD,40.3720595991444,-80.0176183095672,County_Assets,
