Program_Na,Program_Ty,Street,City,Zip_Code,Latitude,Longitude
Lighthouse City Church - Food Pantry,Food Pantry,536 Shaw Ave.,McKeesport,15132,40.349313,-79.859955
Pittsburgh Community Services - K. Leroy Irvis,Food Pantry,715 Mercer St,Pittsburgh,15219,40.443812,-79.987412
Direct Distribution - Hilltop Alliance,Walk-up Distribution - Agency Led,206 Allen Street,Pittsburgh,15210,40.420062,-79.992845
Direct Distribution - Homewood,Walk-up Distribution - Food Bank Led,7430 Tioga Street,Pittsburgh,15208,40.452139,-79.894113
Salvation Army Steel Valley Food Pantry,Food Pantry,104 East 9th Avenue,Homestead,15120,40.405507,-79.910896
Greater Valley Community Services - Food Pantry,Food Pantry,300 Holland Avenue,Braddock,15104,40.40624,-79.871728
The Community Builders - New Pennley Place Pantry,Food Pantry,5601 Penn Avenue,Pittsburgh,15206,40.463778,-79.929544
Feeding the Flock Cupboard,Food Pantry,490 Nixon Road,Harmar,15024,40.556175,-79.82069
West Ridge Christian Community Food Pantry,Food Pantry,100 Gorwood Drive,Coraopolis,15108,40.443535,-80.232828
Pine Run United Methodist Church Food Pantry,Food Pantry,901 N. 6th Street,Clairton,15025,40.310074,-79.898848
Direct Distribution- Wilkinsburg Fresh Market,Walk-up Distribution - Food Bank Led,619 Penn Ave,Wilkinsburg,15221,40.443896,-79.885151
First Presbyterian Church -- Fresh Market,Fresh Market,320 Sixth Avenue,Pittsburgh,15222,40.441522,-79.999121
Lighthouse Foundation Food Pantry - Allegheny,Food Pantry,116 Browns Hill Road,Valencia,16059,40.713223,-79.929152
Direct Distribution - Wilkinsburg,Drive-up Distribution - Food Bank Led,225 Penn Ave (Intersection of N Trenton and Penn Ave),Pittsburgh,15221,40.446813,-79.891946
Direct Distribution - McKeesport,Drive-up Distribution - Food Bank Led,1960 Eden Park Boulevard,McKeesport,15132,40.345804,-79.831748
Direct Distribution - Southside,Walk-up Distribution - Food Bank Led,49 S 12th Street,Pittsburgh,15203,40.429224,-79.986435
Direct Distribution - Northside,Walk-up Distribution - Food Bank Led,50 Montgomery Place,Pittsburgh,15212,40.454661,-80.004756
Direct Distribution - Allegheny Valley,Drive-up Distribution - Food Bank Led,167 Pittsburgh Mills Circle,Tarentum,15084,40.571863,-79.798001
Lincoln Park Community Center - Fresh Market,Fresh Market,7300 Ridgeview Avenue,Penn Hills,15235,40.467361,-79.885758
Urban League of Greater Pittsburgh -- Fresh Market,Fresh Market,"332 Fifth Ave, 4th Floor",Pittsburgh,15222,40.440134,-79.99947
"BTC Center, Inc.",Food Pantry,7241 Race Street,Pittsburgh,15208,40.45861,-79.893687
Calvary Baptist Church Food Pantry,Food Pantry,2629 Wylie Avenue,Pittsburgh,15219,40.449147,-79.969576
Catholic Community of Bloomfield Food Pantry,Food Pantry,4921 Mend Way,Pittsburgh,15224,40.462286,-79.945129
St. Benedict the Moor Food Pantry,Food Pantry,91 Crawford Street,Pittsburgh,15219,40.441484,-79.986014
Smithfield United Church of Christ,Food Pantry,620 Smithfield Street,Pittsburgh,15222,40.441881,-79.997006
LifeBuilders - Shiloh Food Bank,Food Pantry,2624 Brandis Avenue,South Park,15129,40.290676,-80.011112
Swissvale Community Food Pantry - Swissvale Towers,Food Pantry,1826 Monongahela Avenue,Swissvale,15218,40.421977,-79.890857
Northside Common Ministries - Food Pantry,Food Pantry,1601 Brighton Road,Pittsburgh,15212,40.458071,-80.016331
Urban League of Greater Pittsburgh - Hunger Services,Food Pantry,332 Fifth Avenue 4th floor,Pittsurgh,15222,40.440134,-79.99947
West Deer TECH,Food Pantry,292 East Union Road,Cheswick,15024,40.609619,-79.85204
North Hills Community Outreach - North Boroughs,Food Pantry,939 California Avenue,Avalon,15202,40.499119,-80.062276
North Hills Community Outreach - Allison Park,Food Pantry,1975 Ferguson Road,Allison Park,15101,40.563757,-79.989011
North Hills Community Outreach - Millvale,Food Pantry,416 Lincoln Avenue,Millvale,15209,40.480988,-79.972697
Sixth Mt. Zion Church - J.C. Hairston Food Pantry,Food Pantry,6556 Shetland Avenue,Pittsburgh,15221,40.461785,-79.908294
Swissvale Community Food Pantry,Food Pantry,2028 Noble St.,Swissvale,15218,40.420923,-79.886054
North Hills Food Pantry,Food Pantry,845 Perry Highway,Pittsburgh,15229,40.530949,-80.03664
St. Michael the Archangel Food Pantry,Food Pantry,310 Kane Boulevard,Pittsburgh,15243,40.373264,-80.085202
Westinghouse Valley Food Pantry,Food Pantry,413 Penn Ave,Turtle Creek,15145,40.404915,-79.829416
North Way Christian Community - Food Pantry,Food Pantry,12121 Perry Highway,Wexford,15090,40.633703,-80.062398
Lower Valley Cooperative Ministries,Food Pantry,325 School Street,Springdale,15144,40.542188,-79.778448
St. James Ministries Center - Food Pantry,Food Pantry,723 Rebecca Avenue,Pittsburgh,15221,40.440204,-79.885254
Duquesne Food Pantry,Food Pantry,100 South 7th Street,Duquesne,15110,40.37047,-79.851766
Lincoln Park Community Center Food Pantry,Food Pantry,7300 Ridgeview Avenue,Penn Hills,15235,40.467361,-79.885758
Zion Lutheran Church Food Pantry,Food Pantry,11609 Frankstown Road,Penn Hills,15235,40.465506,-79.827865
St. Philip - Food Pantry,Food Pantry,10 W. Crafton Ave,Pittsburgh,15205,40.43703,-80.067724
Bethany Community Ministries Food Pantry,Food Pantry,7745 Tioga Street,Pittsburgh,15208,40.450697,-79.887913
Borough of Leetsdale Food Pantry,Food Pantry,373 Beaver St.,LEETSDALE,15056,40.566222,-80.209303
The Pneuma Center,Food Pantry,700 Sherwood Ave,Pittsburgh,15204,40.455099,-80.056023
Network Of Hope - Food Pantry,Food Pantry,2326 Duncan avenue,Allison Park,15101,40.565401,-79.975658
Central Food Pantry of Elizabeth Township,Food Pantry,425 Scenery Drive,Elizabeth,15037,40.275994,-79.837509
Salvation Army Pittsburgh Temple Corps,Food Pantry,1060 McNeilly Rd.,Pittsburgh,15226,40.38957,-80.025983
St. Winifred Food Pantry,Food Pantry,2840 Library Road,Pittsburgh,15234,40.376973,-80.004699
St. Catherine of Siena Food Pantry,Food Pantry,1810 Belasco Avenue,Pittsburgh,15216,40.406592,-80.027304
Salvation Army North Borough Corps - Food Pantry,Food Pantry,327 S. Home Ave.,Pittsburgh,15202,40.497782,-80.062791
Washington Heights Ecumenical Food Bank,Food Pantry,403 Grandview Avenue,Pittsburgh,15211,40.434142,-80.011506
New Light Baptist Church - Food Pantry,Food Pantry,3803 Frazier Street,Pittsburgh,15213,40.428647,-79.952391
St. Paul Cathedral Parish - St. Rosalia,Food Pantry,411 Greenfield Avenue,Pittsburgh,15207,40.425683,-79.943185
Inter Church Food Bank,Food Pantry,618 Russellwood Avenue,McKees Rocks,15136,40.471585,-80.07318
Penn Hills Service Association - Food Pantry,Food Pantry,2519 Universal Road,Penn Hills,15235,40.471038,-79.789002
Baldwin Community United Methodist Church,Food Pantry,5001 Baptist Rd.,Pittsburgh,15236,40.357201,-79.999907
Community Human Services - Food Pantry,Food Pantry,370 Lawn St.,Pittsburgh,15213,40.433459,-79.961298
Salvation Army Allegheny Valley - Food Pantry,Food Pantry,917 Brackenridge Avenue,Brackenridge,15014,40.604891,-79.740117
Bread of Life Food Pantry,Food Pantry,94 Locust Street,Etna,15223,40.497999,-79.944543
South Park Baptist Church,Food Pantry,2400 Jenny Lind Street,McKeesport,15132,40.338533,-79.848164
Trinity Cathedral,Food Pantry,325 Oliver Avenue,Pittsburgh,15222,40.441189,-79.998833
Union Baptist Church,Food Pantry,2117 Collingwood ave.,Pittsburgh,15218,40.417259,-79.888526
Saint Pio Of Pietrelcina Parish - Food Pantry,Food Pantry,225 37th Street,Pittsburgh,15201,40.465217,-79.963926
East End Cooperative Ministry Food Pantry,Food Pantry,6140 Station St.,Pittsburgh,15206,40.462826,-79.921937
Mt. Carmel Baptist Church - Food Pantry,Food Pantry,2000 Brighton Road,Pittsburgh,15212,40.461398,-80.01858
Crossroads Presbyterian Church,Food Pantry,2310 Haymaker Rd.,Monroeville,15146,40.411515,-79.75201
First Presbyterian Church Food Pantry,Food Pantry,320 Sixth Ave,Pittsburgh,15222,40.441522,-79.999121
Salvation Army McKeesport Food Pantry,Food Pantry,821 Walnut Street,McKeesport,15132,40.347336,-79.863772
Elizabeth Boro Food Pantry,Food Pantry,735 Bunola River Road,Elizabeth,15037,40.26386,-79.897973
The Father's Heart Ministries,Food Pantry,536 Shaw Avenue,Mckeesport,15132,40.34944,-79.860002
Focus on Renewal Food Pantry,Food Pantry,11 Robb Street,McKees Rocks,15136,40.471264,-80.054067
Riverview Community Action Corporation - Food Pantry,Food Pantry,501 2nd Street,Oakmont,15139,40.517941,-79.846326
Ma's Pantry,Food Pantry,1000 Broadway Street,East McKeesport,15035,40.383782,-79.81037
Better Living Community Services,Food Pantry,1205 Wood Street,Wilkinsburg,15221,40.445516,-79.883877
Lighthouse Memorial Christian Center,Food Pantry,810 Fisher Street,Pittsburgh,15210,40.41021,-79.974959
Allegheny Valley Association of Churches,Food Pantry,1913 Freeport Road,Natrona Heights,15065,40.625814,-79.722748
Council of Three Rivers American Indian Center,Food Pantry,120 Charles Street,Dorseyville,15238,40.580853,-79.894321
Beulah Baptist Church Food Pantry,Food Pantry,201 Chalfont Street,Pittsburgh,15210,40.416779,-80.003751
Holy Rosary - Senior Pantry,Food Pantry,7113 Mary Peck Bond Place Eva Mitchell Apartments,Pittsburgh,15206,40.47274,-79.894006
Holy Angels Parish Food Pantry,Food Pantry,201 Caldwell ave.,Wilmerding,15148,40.392472,-79.810545
Coraopolis Community Development Corporation Inc.,Food Pantry,923 5th Avenue,Coraopolis,15108,40.518305,-80.165783
Olivet Presbyterian Church,Food Pantry,726 4th St.,West Elizabeth,15088,40.272226,-79.896727
Unity Baptist Church,Food Pantry,420 5th. St.,Braddock,15104,40.404599,-79.869431
St. Michaels and All Angels,Food Pantry,1308 Spring Garden Avenue,Pittsburgh,15212,40.460885,-79.988232
Cloverleaf Area Ecumenical Assistance Program,Food Pantry,St. Elizabeth Pius X Hall 2 Grove Place,Pittsburgh,15236,40.314757,-79.964815
Round Hill Church Food Pantry,Food Pantry,2150 Round Hill Church Road,Elizabeth,15037,40.243041,-79.859946
"Jubilee Association, Inc. Food Pantry",Food Pantry,3103 Brereton Street,Pittsburgh,15219,40.456844,-79.967108
Salvation Army West Side - Food Pantry,Food Pantry,1821 Broadhead Fording Road,Pittsburgh,15205,40.45082,-80.07894
Garden City Food Pantry,Food Pantry,500 Laurel Drive,Monroeville,15146,40.448884,-79.781996
Salvation Army Homewood Food Pantry,Food Pantry,8020 Frankstown Avenue,Pittsburgh,15221,40.455275,-79.883539
Brookline Christian Food Pantry,Food Pantry,1036 Brookline Blvd,Pittsburgh,15226,40.391468,-80.016506
Grandview Church of God,Food Pantry,1901 Fallowfield Avenue,Pittsburgh,15216,40.405057,-80.022664
Pittsburgh Community Services,Food Pantry,249 N. Craig Street,Pittsburgh,15213,40.451273,-79.951927
West Allegheny Ministerial Association,Food Pantry,105 West Allegheny Road,Imperial,15126,40.443756,-80.24054
Walnut Grove Assembly of God,Food Pantry,44 Adams Avenue,West Mifflin,15122,40.355013,-79.908513
Brown Chapel AME Food Pantry,Food Pantry,1400 Boyle Street,Pittsburgh,15212,40.457601,-80.006176
Verona United Methodist Church,Food Pantry,798 Herron Avenue,Verona,15147,40.506282,-79.840634
Dravosburg United Methodist,Food Pantry,109 Maple Avenue,Dravosburg,15034,40.348305,-79.88933
Rankin Christian Center,Food Pantry,230 Third Avenue,Rankin,15104,40.412213,-79.879801
Petra Int'l Ministries - Joseph's Harvest Food Pantry,Food Pantry,235 Eastgate Drive,Pittsburgh,15235,40.459638,-79.870011
South Hills Interfaith Movement - Baldwin,Food Pantry,201 Knoedler Rd.,Pittsburgh,15236,40.342267,-79.982503
South Hills Interfaith Movement - Whitehall (Prospect Park),Food Pantry,41 Macek Drive,Pittsburgh,15227,40.35721,-79.963335
South Hills Interfaith Movement - Bethel Park,Food Pantry,5301 Park Avenue,Bethel Park,15102,40.328442,-80.028662
Islamic Center of Pittsburgh - Food Pantry,Food Pantry,4100 Bigelow Blvd,Pittsburgh,15213,40.448773,-79.955774
Christian and Missionary Alliance,Food Pantry,938 Summit Street,McKeesport,15132,40.353096,-79.829015
Good Samaritan Food Pantry,Food Pantry,1565 Washington Boulevard,Port Vue,15133,40.332707,-79.87969
South Hills Assembly of God,Food Pantry,2727 Bethel Church Rd.,Bethel Park,15102,40.3417,-80.03959
Plum Food Pantry,Food Pantry,81 Sanddune Dr,Plum,15239,40.463923,-79.703965
"Mary, Queen of Peace Parish",Food Pantry,81 S. 13th Street,Pittsburgh,15203,40.428114,-79.985168
Rosedale Food Pantry,Food Pantry,5501 Third Street,Verona,15147,40.48279,-79.840931
"Veterans Place of Washington Boulevard, Inc. Food Pantry",Food Pantry,945 Washington Boulevard,Pittsburgh,15206,40.461149,-79.90653
"Mt. Ararat Community Activity Center, Inc. - Food Pantry",Food Pantry,745 North Negley Avenue,Pittsburgh,15206,40.471196,-79.926809
Rainbow Kitchen Methouse,Food Pantry,111 Caroline Street,Homestead,15120,40.382735,-79.903921
Rainbow Kitchen Food Pantry,Food Pantry,135 East 9th Avenue,Homestead,15120,40.406299,-79.910704
Salvation Army Chartiers Valley - Food Pantry,Food Pantry,39 W. Main St,Carnegie,15106,40.405923,-80.088986
St. Mary of the Assumption - Food Pantry,Food Pantry,2510 Middle Road,Glenshaw,15116,40.554213,-79.932372
Wilkinsburg Community Ministry,Food Pantry,702 Wood Street,Pittsburgh,15221,40.441403,-79.885723
Stewart Avenue Lutheran Church,Food Pantry,2801 Brownsville Rd.,Pittsburgh,15227,40.383316,-79.977097
Sampson's Mills Cupboard Stretchers,Food Pantry,1665 Lincoln Way,White Oak,15131,40.345951,-79.815192
LifeSpan Steel Valley - Food Pantry,Food Pantry,530 Miller Avenue,Clairton,15025,40.293974,-79.882644
Northview Heights Family Support Center - Food Pantry,Food Pantry,437 Mt. Pleasant Road,Pittsburgh,15214,40.479059,-80.000853
Unity Food Pantry,Food Pantry,1146 Greentree Road,Pittsburgh,15220,40.408928,-80.05048
JFCS Squirrel Hill Community Food Pantry,Food Pantry,828 Hazelwood Ave.,Pittsburgh,15217,40.419477,-79.927903
Lincoln Place Church of the Nazarene - Food Pantry,Food Pantry,1202 Muldowney Avenue,Pittsburgh,15207,40.368517,-79.915379
West Hills Food Pantry,Food Pantry,522 Carnot Road,Moon Township,15108,40.514274,-80.220633
St. Therese Parish,Food Pantry,529 Grant Ave Ext,West Mifflin,15122,40.370555,-79.865843
St. John the Evangelist - Food Pantry,Food Pantry,4537 Chatsworth Avenue,Pittsburgh,15207,40.415075,-79.945371
Good Samaritan COGIC - Food Pantry,Food Pantry,1030 N. Lang Ave.,Pittsburgh,15208,40.459757,-79.897615
Brashear Center,Food Pantry,320 Brownsville Road,Pittsburgh,15210,40.413974,-79.988694
Valley View Presbyterian Church - Isaiah's Kitchen,Food Pantry,601 N. Aiken Ave,Pittsburgh,15206,40.470953,-79.932774
Holy Rosary - Food Pantry,Food Pantry,7114 Kelly Street,Pittsburgh,15208,40.45569,-79.898944
Brentwood Presbyterian Church,Food Pantry,3725 Brownsville Rd,Pittsburgh,15227,40.372185,-79.974967
Chain of Hope Food Pantry,Food Pantry,611 South Ave.,Wilkinsburg,15221,40.442528,-79.886185
St. Vincent DePaul of Sharpsburg - Food Pantry,Food Pantry,210 Garnier Street,Sharpsburg,15215,40.495954,-79.936493
Swissvale Community Food Pantry -- Fresh Market,Fresh Market,2028 Noble Street,Swissvale,15218,40.420923,-79.886054
Onala Recovery Center Food Pantry,Food Pantry,1625 West Carson Street,Pittsburgh,15219,40.441954,-80.022908
Direct Distribution - West End,Walk-up Distribution - Food Bank Led,2940 Sheraden Blvd,Pittsburgh,15204,40.454288,-80.05585
Hugh Lane Wellness Foundation Food Pantry,Food Pantry,925 Brighton Road,Pittsburgh,15212,40.452984,-80.014701
GPCFB - The Market,The Market Food Pantry,1 N Linden Street,Duquesne,15110,40.375776,-79.842442
Presentation of Christ Greek Orthodox Church - Food Pantry,Food Pantry,1672 Electric Avenue,East Pittsburgh,15112,40.402926,-79.837771
Bridge City Church,Food Pantry,1200 Wolfe Avenue,Braddock,15104,40.40611,-79.845693
Repairer of the Breach Ministries,Fresh Market,754 Bajo Street,Pittsburgh,15210,40.40986,-79.963078
McKeesport Agape Center - Food Pantry,Food Pantry,1201 Prescott Street,White Oak,15131,40.346849,-79.822538
Light of Life Rescue Mission - Food Pantry,Food Pantry,10 E North Ave,Pittsburgh,15212,40.455744,-80.006086
Direct Distribution - Oakland,Walk-up Distribution - Food Bank Led,4100 Forbes Ave,Pittsburgh,15260,40.442392,-79.952867
Dormont Free Pantry,Food Pantry,1444 Hillsdale Avenue,Pittsburgh,15216,40.39457,-80.037212
Penn Hills Library - Community Pantry,Food Pantry,1037 Stotler Road,Penn Hills,15235,40.482719,-79.810501
Pittsburgh Higher Ground Food Pantry,Food Pantry,3505 Perrysville Avenue,Pittsburgh,15214,40.484078,-80.01447
Network Of Hope - Northside Food Pantry,Food Pantry,3035 Perrysville Avenue,Pittsburgh,15214,40.477103,-80.012793
Ebenezer Outreach Ministries - Food Pantry,Food Pantry,2001 Wylie Avenue,Pittsburgh,15219,40.444367,-79.98112
Direct Distribution - Clairton,Drive-up Distribution - Food Bank Led,435 Fremont St.,Clairton,15025,40.301837,-79.892438
Direct Distribution - MilitaryShare Allegheny,Drive-up Distribution - Agency Led,2934 Smallman Street,Pittsburgh,15201,40.459021,-79.973804
Direct Distribution - Gateway School District,Drive-up Distribution - Agency Led,3000 Gateway Campus Blvd,Monroeville,15146,40.432057,-79.755282
Direct Distribution - Hill District,Walk-up Distribution - Agency Led,2145 Centre Ave,Pittsburgh,15219,40.445173,-79.977533
Reclamation Community Center Food Pantry,Food Pantry,2456 Tilbrook Road,Monroeville,15146,40.420761,-79.761846
Direct Distribution- Special Distribution Requests,Walk-up Distribution - Agency Led,Faison K-5 School 7430 Tioga St.,Pittsburgh,15208,40.452316,-79.893715
BTC Center EFP,Food Pantry,7241 Race Street,Pittsburgh,15208,40.458626,-79.893691
Direct Distribution - Carrick,Walk-up Distribution - Agency Led,1529 Brownsville Road,Pittsburgh,15210,40.400033,-79.988762
Clairton Community Food Pantry,Fresh Market,501 Mitchell Avenue,Clairton,15025,40.291641,-79.886463
