station_id,name,lat,lon,capacity
1,Pierce St & Summerlea St,40.456598,-79.932147,19
2,Eliza Furnace Trail & Swineburne St,40.42583,-79.953476,15
3,Centre Ave & Addison St,40.4445,-79.978292,15
4,Burns White Center at 3 Crossings,40.456379,-79.980205,15
5,Allegheny Station,40.448301,-80.018007,19
6,10th St & Penn Ave,40.444603,-79.995819,15
7,Liberty Ave & Gross St,40.459707,-79.945209,15
8,Glasshouse,40.432913,-80.003054,15
9,South Side Trail & S 4th St,40.431336,-79.995106,4
10,Zulema St & Coltart Ave,40.436055,-79.95696,19
11,Ellsworth Ave & N Neville St,40.448203,-79.947507,15
12,O'Hara St & University Place,40.445117,-79.957118,23
13,S Bouquet Ave & Sennott St,40.441638,-79.955764,23
14,Tioga St & N Homewood Ave,40.454226388904914,-79.89754441335296,15
15,Ivy St & Walnut St,40.451789,-79.932291,19
16,Penn Ave & Putnam St (Bakery Square),40.455876,-79.91532,19
17,Taylor St & Liberty Ave,40.462778,-79.950868,15
18,21st St & Penn Ave,40.451747,-79.983278,19
19,42nd St & Butler St,40.470239,-79.960409,15
20,Boulevard of the Allies & Parkview Ave,40.4344,-79.9519,23
21,Liberty Ave & Stanwix St,40.441316,-80.004793,15
22,Forbes Ave & Market Square,40.44092,-80.003426,19
23,North Shore Trail & Fort Duquesne Bridge,40.445751,-80.009073,23
24,Penn Ave & 33rd St,40.461939,-79.968189,11
25,Penn Ave & S Whitfield St,40.461604,-79.925619,15
26,S 27th St & Sidney St. (Southside Works),40.428067,-79.965886,23
27,W Commons & Children's Way,40.451585,-80.007373,15
28,Fifth Ave & S Bouquet St,40.442248,-79.957653,23
29,Filmore St & S Bellefield Ave,40.44514530135404,-79.95108338623047,27
30,Shady Ave & Ellsworth Ave,40.459404,-79.921757,15
31,First Ave & B St,40.435829,-79.996952,15
32,Ross St & Fourth Ave,40.437794,-79.996417,15
33,Schenley Dr & Schenley Dr Ext,40.442435,-79.951498,19
34,N Dithridge St & Centre Ave,40.451095,-79.953051,19
35,Butler St & 36th St,40.46514380310981,-79.96541328339767,15
36,S Pacific Ave & Penn Ave,40.4641041217729,-79.94005556812286,15
37,S Negley Ave & Centre Ave,40.457633,-79.934357,15
38,Allequippa St & Darragh St,40.443593,-79.965497,23
39,S 12th St & E Carson St,40.4285997029226,-79.98637115129013,19
40,Penn Ave & 7th St,40.443362,-79.999971,19
41,S 22nd St & Sidney St,40.429061,-79.974511,19
42,Second Ave & Tecumseh St,40.408899,-79.943682,19
43,Eliza St & Lytle St,40.413491,-79.948282,15
44,Hamilton Ave & Fifth Ave,40.457512,-79.909847,15
45,N Braddock Ave & Hamilton Ave,40.452988,-79.891233,15
46,Bennett St & N Homewood Ave,40.45662202406714,-79.8975031968811,15
47,17th St & Penn Ave,40.44962630517585,-79.98591785796661,19
48,Centre Ave & S Millvale Ave,40.45320538961576,-79.94783227634825,19
49,Technology Dr & Bates St,40.430455,-79.960123,23
50,Atwood St & Bates St,40.438026,-79.953765,19
51,Coltart Ave & Forbes Ave,40.438988,-79.960229,19
52,Bedford Ave & Memory Ln,40.448365,-79.97823,19
53,Centre Ave & Heldman St,40.442833,-79.981646,19
54,W Ohio St & Brighton Rd,40.452513,-80.01379,19
55,Brighton Rd & Pennsylvania Ave,40.456356,-80.015368,19
56,Rosetta St & N Aiken Ave,40.466997,-79.935242,15
57,52nd St & Butler St,40.480274,-79.954344,19
58,W North Ave & Federal St,40.455277,-80.006981,19
59,Forbes Ave at TCS Hall (CMU Campus),40.444784,-79.947571,19
60,Wilkinsburg Park & Ride,40.446951,-79.888593,19
