meeting_date,year,cases,case_types,item_kinds,residential_item,units_stated,action,outcome_marker,opposed_count,item_description,source_file
"January 28, 2020",2020,DCP-ZDR-2019-06033,DCP-ZDR,PDP|site_plan,False,,approve,MOTION CARRIED,0,"d Action: DCP-ZDR-2019-06033, 300 S Craig Street, exterior renovations",https://www.pittsburghpa.gov/files/assets/city/v/1/dcp/documents/planning-commission/minutes-2020-21-22-23-24/planning-commission-minutes-2020.pdf
"January 28, 2020",2020,DCP-MPZC-2019-00026,DCP-MPZC,PDP|master_development_plan|site_plan,False,,approve,MOTION CARRIED,0,"ment Plan DCP-MPZC-2019-00026. This phase will include approximately 11,000sq. ft. of retail space on the ground floor with 604 integral car parking spaces and distributed bike parking spaces. There w",https://www.pittsburghpa.gov/files/assets/city/v/1/dcp/documents/planning-commission/minutes-2020-21-22-23-24/planning-commission-minutes-2020.pdf
"February 11, 2020",2020,DCP-ZDR-2019-07920|ZDR-2019-07920,DCP-ZDR|ZDR,PDP,True,13,approve,MOTION CARRIED,0,"d Action: DCP-ZDR-2019-07920, 611 William Penn Place, new residential units",https://www.pittsburghpa.gov/files/assets/city/v/1/dcp/documents/planning-commission/minutes-2020-21-22-23-24/planning-commission-minutes-2020.pdf
"February 11, 2020",2020,DCP-ZDR-2019-05793,DCP-ZDR,FLDP|PLDP|PUD|site_plan,False,,approve,MOTION CARRIED,0,"d Action: DCP-ZDR-2019-05793, 4165 Blair Street, renovation",https://www.pittsburghpa.gov/files/assets/city/v/1/dcp/documents/planning-commission/minutes-2020-21-22-23-24/planning-commission-minutes-2020.pdf
"March 10, 2020",2020,DCP-MPZC-2019-00691,DCP-MPZC,map_amendment,False,,approve,MOTION CARRIED,0,"2. DCP-MPZC-2019-00691, Council Bill 2019-2418 East Carson Street Zone Change",https://www.pittsburghpa.gov/files/assets/city/v/1/dcp/documents/planning-commission/minutes-2020-21-22-23-24/planning-commission-minutes-2020.pdf
"March 10, 2020",2020,DCP-ZDR-2019-04261,DCP-ZDR,PDP|site_plan,False,,approve,MOTION CARRIED,0,"5. DCP-ZDR-2019-04261, North Shore Dr. and W. General Robinson St., New Construction",https://www.pittsburghpa.gov/files/assets/city/v/1/dcp/documents/planning-commission/minutes-2020-21-22-23-24/planning-commission-minutes-2020.pdf
"March 10, 2020",2020,DCP-ZDR-2019-01876|DCP-ZDR-2019-01897|ZDR-2019-01897,DCP-ZDR|ZDR,FLDP|PUD|site_plan,False,,approve,MOTION CARRIED,0,"6. DCP-ZDR-2019-01876 Penn Ave at Bakery Square Blvd, New Construction",https://www.pittsburghpa.gov/files/assets/city/v/1/dcp/documents/planning-commission/minutes-2020-21-22-23-24/planning-commission-minutes-2020.pdf
"March 10, 2020",2020,DCP-ZDR-2019-00502,DCP-ZDR,,False,,approve,MOTION CARRIED,0,"11. DCP-ZDR-2019-00502 SD Properties Consolidation Plan South Side Flats, Ward 17",https://www.pittsburghpa.gov/files/assets/city/v/1/dcp/documents/planning-commission/minutes-2020-21-22-23-24/planning-commission-minutes-2020.pdf
"March 10, 2020",2020,DCP-ZDR-2020-00206,DCP-ZDR,,False,,approve,MOTION CARRIED,0,"12. DCP-ZDR-2020-00206 Murthy Dentistry Consolidation Plan, Crafton Heights, Ward 20",https://www.pittsburghpa.gov/files/assets/city/v/1/dcp/documents/planning-commission/minutes-2020-21-22-23-24/planning-commission-minutes-2020.pdf
"June 2, 2020",2020,DCP-ZDR-2020-00045,DCP-ZDR,,False,,approve,MOTION CARRIED,0,"4. DCP-ZDR-2020-00045 143 46TH Street Subdivision, Central Lawrenceville, ward 9",https://www.pittsburghpa.gov/files/assets/city/v/1/dcp/documents/planning-commission/minutes-2020-21-22-23-24/planning-commission-minutes-2020.pdf
"June 16, 2020",2020,DCP-ZDR-2019-01147,DCP-ZDR,site_plan|steep_slope_SSO,True,,approve,MOTION CARRIED,0,"2. DCP-ZDR-2019-01147 Steep Slope Overlay , West Jefferson Street Townhomes",https://www.pittsburghpa.gov/files/assets/city/v/1/dcp/documents/planning-commission/minutes-2020-21-22-23-24/planning-commission-minutes-2020.pdf
"June 16, 2020",2020,DCP-ZDR-2019-05643|ZDR-2019-05643,DCP-ZDR|ZDR,PDP|site_plan,False,52,approve,MOTION CARRIED,0,"3. DCP-ZDR-2019-05643 1707 Fifth Avenue, New Mixed use Building",https://www.pittsburghpa.gov/files/assets/city/v/1/dcp/documents/planning-commission/minutes-2020-21-22-23-24/planning-commission-minutes-2020.pdf
"June 16, 2020",2020,DCP-ZDR-2020-00517|ZDR-2020-00517,DCP-ZDR|ZDR,PDP,False,,approve,MOTION CARRIED,0,"4. DCP-ZDR-2020-00517 823 Penn Avenue, Demolition",https://www.pittsburghpa.gov/files/assets/city/v/1/dcp/documents/planning-commission/minutes-2020-21-22-23-24/planning-commission-minutes-2020.pdf
"June 16, 2020",2020,DCP-ZDR-2020-00245,DCP-ZDR,,False,,approve,MOTION CARRIED,0,"11. DCP-ZDR-2020-00245 1212 Madison Ave, East Allegheny",https://www.pittsburghpa.gov/files/assets/city/v/1/dcp/documents/planning-commission/minutes-2020-21-22-23-24/planning-commission-minutes-2020.pdf
"July 14, 2020",2020,DCP-ZDR-2020-01500,DCP-ZDR,PDP,False,,approve,MOTION CARRIED,0,"2. DCP-ZDR-2020-01500 500 1st Avenue, Façade Renovation",https://www.pittsburghpa.gov/files/assets/city/v/1/dcp/documents/planning-commission/minutes-2020-21-22-23-24/planning-commission-minutes-2020.pdf
"July 14, 2020",2020,DCP-ZDR-2020-03151,DCP-ZDR,PDP,False,,approve,MOTION CARRIED,0,"3. DCP-ZDR-2020-03151 612 Smithfield Street, Façade Renovation.",https://www.pittsburghpa.gov/files/assets/city/v/1/dcp/documents/planning-commission/minutes-2020-21-22-23-24/planning-commission-minutes-2020.pdf
"July 14, 2020",2020,DCP-ZDR-2019-05356,DCP-ZDR,PDP|site_plan,False,,approve,MOTION CARRIED,0,"4. DCP-ZDR-2019-05356 12 W North Avenue, LEED bonusing.",https://www.pittsburghpa.gov/files/assets/city/v/1/dcp/documents/planning-commission/minutes-2020-21-22-23-24/planning-commission-minutes-2020.pdf
"July 14, 2020",2020,DCP-ZDR-2019-05655,DCP-ZDR,PDP|site_plan,False,,approve,MOTION CARRIED,0,"5. DCP-ZDR-2019-05655 27 51st Street, Interior and Exterior renovations",https://www.pittsburghpa.gov/files/assets/city/v/1/dcp/documents/planning-commission/minutes-2020-21-22-23-24/planning-commission-minutes-2020.pdf
"July 14, 2020",2020,DCP-ZDR-2020-00078,DCP-ZDR,,False,,approve,MOTION CARRIED,0,"9. 10.DCP-ZDR-2020-00078 Boulevard and Market, Central Business District",https://www.pittsburghpa.gov/files/assets/city/v/1/dcp/documents/planning-commission/minutes-2020-21-22-23-24/planning-commission-minutes-2020.pdf
"July 28, 2020",2020,DCP-ZDR-2019-07652|ZDR-2019-07652,DCP-ZDR|ZDR,PDP|site_plan,True,46,approve,MOTION CARRIED,0,"2. DCP-ZDR-2019-07652, 2647 Penn Ave",https://www.pittsburghpa.gov/files/assets/city/v/1/dcp/documents/planning-commission/minutes-2020-21-22-23-24/planning-commission-minutes-2020.pdf
"July 28, 2020",2020,DCP-MPZC-2019-00075,DCP-MPZC,IMP,False,,recommend_approval_to_council,MOTION CARRIED,1,"3. DCP-MPZC-2019-00075, West Penn Hospital Institutional Master Plan",https://www.pittsburghpa.gov/files/assets/city/v/1/dcp/documents/planning-commission/minutes-2020-21-22-23-24/planning-commission-minutes-2020.pdf
"August 11, 2020",2020,DCP-ZDR-2020-06745,DCP-ZDR,PDP,False,,approve,MOTION CARRIED,0,"3. DCP-ZDR-2020-06745 249 Fifth Avenue, Exterior Renovations",https://www.pittsburghpa.gov/files/assets/city/v/1/dcp/documents/planning-commission/minutes-2020-21-22-23-24/planning-commission-minutes-2020.pdf
"August 11, 2020",2020,DCP-ZDR-2020-02190,DCP-ZDR,PDP|site_plan,True,,approve,MOTION CARRIED,0,4. DCP-ZDR-2020-02190 515-525 Grandview Avenue Townhomes,https://www.pittsburghpa.gov/files/assets/city/v/1/dcp/documents/planning-commission/minutes-2020-21-22-23-24/planning-commission-minutes-2020.pdf
"September 29, 2020",2020,DCP-ZDR-2020-07478,DCP-ZDR,,True,,approve,MOTION CARRIED,0,"1. DCP-ZDR-2020-07478, 908 Penn Avenue, New residential units, Downtown",https://www.pittsburghpa.gov/files/assets/city/v/1/dcp/documents/planning-commission/minutes-2020-21-22-23-24/planning-commission-minutes-2020.pdf
"September 29, 2020",2020,DCP-ZDR-2019-01580,DCP-ZDR,site_plan,False,,approve,MOTION CARRIED,0,"3. DCP-ZDR-2019-01580, 1204 Grandview Ave, Demo and New construction.",https://www.pittsburghpa.gov/files/assets/city/v/1/dcp/documents/planning-commission/minutes-2020-21-22-23-24/planning-commission-minutes-2020.pdf
"September 29, 2020",2020,DCP-ZDR-2020-06058|ZDR-2020-06058,DCP-ZDR|ZDR,,False,,approve,MOTION CARRIED,0,"2. DCP-ZDR-2020-06058, Fisk Park Extension, New Construction",https://www.pittsburghpa.gov/files/assets/city/v/1/dcp/documents/planning-commission/minutes-2020-21-22-23-24/planning-commission-minutes-2020.pdf
"September 29, 2020",2020,DCP-ZDR-2020-08370,DCP-ZDR,PDP|site_plan,False,,approve,MOTION CARRIED,0,"3. DCP-ZDR-2020-08370, 700 2ND Avenue, New Construction.",https://www.pittsburghpa.gov/files/assets/city/v/1/dcp/documents/planning-commission/minutes-2020-21-22-23-24/planning-commission-minutes-2020.pdf
"September 29, 2020",2020,DCP-ZDR-2020-00822,DCP-ZDR,,False,,approve,MOTION CARRIED,0,"8. DCP-ZDR-2020-00822, 2517 Penn Ave, Strip District, minor",https://www.pittsburghpa.gov/files/assets/city/v/1/dcp/documents/planning-commission/minutes-2020-21-22-23-24/planning-commission-minutes-2020.pdf
"October 27, 2020",2020,DCP-ZDR-2020-03908,DCP-ZDR,site_plan,False,,approve,MOTION CARRIED,0,"ction DCP-ZDR-2020-03908, 304 Jumonville Street, Renovation",https://www.pittsburghpa.gov/files/assets/city/v/1/dcp/documents/planning-commission/minutes-2020-21-22-23-24/planning-commission-minutes-2020.pdf
"October 27, 2020",2020,DCP-ZDR-2020-09961,DCP-ZDR,,False,,approve,MOTION CARRIED,0,"2. DCP-ZDR-2020-09961, 235 McKee Place, Demolition 2",https://www.pittsburghpa.gov/files/assets/city/v/1/dcp/documents/planning-commission/minutes-2020-21-22-23-24/planning-commission-minutes-2020.pdf
"October 27, 2020",2020,DCP-ZDR-2020-05367,DCP-ZDR,PDP|conditional_use,True,87|103,approve,MOTION CARRIED,0,"3. DCP-ZDR-2020-05367, 429 Forbes Ave, TDR & Residential units.",https://www.pittsburghpa.gov/files/assets/city/v/1/dcp/documents/planning-commission/minutes-2020-21-22-23-24/planning-commission-minutes-2020.pdf
"October 27, 2020",2020,DCP-ZDR-2020-01129,DCP-ZDR,,False,,approve,MOTION CARRIED,0,"6. DCP-ZDR-2020-01129, Flavian Street Consolidation, Minor, Polish Hill",https://www.pittsburghpa.gov/files/assets/city/v/1/dcp/documents/planning-commission/minutes-2020-21-22-23-24/planning-commission-minutes-2020.pdf
"November 24, 2020",2020,DCP-ZDR-2019-06193,DCP-ZDR,site_plan,False,,approve,MOTION CARRIED,0,"1. DCP-ZDR-2019-06193, 120 Fifth Ave, Exterior renovations",https://www.pittsburghpa.gov/files/assets/city/v/1/dcp/documents/planning-commission/minutes-2020-21-22-23-24/planning-commission-minutes-2020.pdf
"November 24, 2020",2020,DCP-ZDR-2020-07085,DCP-ZDR,site_plan,False,,approve,MOTION CARRIED,0,"2. DCP-ZDR-2020-07085, 1807 5TH Avenue, Fifth and Dinwiddie East",https://www.pittsburghpa.gov/files/assets/city/v/1/dcp/documents/planning-commission/minutes-2020-21-22-23-24/planning-commission-minutes-2020.pdf
"December 8, 2020",2020,DCP-ZDR-2020-06979,DCP-ZDR,site_plan,True,,approve,MOTION CARRIED,0,"1. DCP-ZDR-2020-06979, 926 Liberty Avenue, Renovation & Dwelling units",https://www.pittsburghpa.gov/files/assets/city/v/1/dcp/documents/planning-commission/minutes-2020-21-22-23-24/planning-commission-minutes-2020.pdf
"December 8, 2020",2020,DCP-ZDR-2020-06481,DCP-ZDR,site_plan,True,,approve,MOTION CARRIED,0,"3. DCP-ZDR-2020-06481, 32nd and Penn, residential new construction.",https://www.pittsburghpa.gov/files/assets/city/v/1/dcp/documents/planning-commission/minutes-2020-21-22-23-24/planning-commission-minutes-2020.pdf
"December 8, 2020",2020,DCP-ZDR-2019-02015,DCP-ZDR,site_plan,False,,approve,MOTION CARRIED,0,"4. DCP-ZDR-2019-02015, 1501 Penn Ave, Demo and Mixed use, new construction.",https://www.pittsburghpa.gov/files/assets/city/v/1/dcp/documents/planning-commission/minutes-2020-21-22-23-24/planning-commission-minutes-2020.pdf
"January 12, 2021",2021,DCP-ZDR-2020-11756,DCP-ZDR,site_plan,False,,approve,MOTION CARRIED,0,"1. DCP-ZDR-2020-11756, 428 Smithfield Street, Exterior Renovations",https://www.pittsburghpa.gov/files/assets/city/v/1/dcp/documents/planning-commission/minutes-2020-21-22-23-24-25untilnov/planning-commission-minutes-2021.pdf
"January 12, 2021",2021,DCP-ZDR-2020-09567|ZDR-2020-09567,DCP-ZDR|ZDR,site_plan,False,,approve,MOTION CARRIED,0,"2. DCP-ZDR-2020-09567, 20 Stanwix Street, Addition",https://www.pittsburghpa.gov/files/assets/city/v/1/dcp/documents/planning-commission/minutes-2020-21-22-23-24-25untilnov/planning-commission-minutes-2021.pdf
"January 12, 2021",2021,DCP-ZDR-2020-12234,DCP-ZDR,,False,,approve,MOTION CARRIED,0,"3. DCP-ZDR-2020-12234, 1323 Forbes Avenue, Demolition",https://www.pittsburghpa.gov/files/assets/city/v/1/dcp/documents/planning-commission/minutes-2020-21-22-23-24-25untilnov/planning-commission-minutes-2021.pdf
"January 12, 2021",2021,DCP-ZDR-2020-03970,DCP-ZDR,site_plan,False,,approve,MOTION CARRIED,0,"1. DCP-ZDR-2020-03970, 3300 Preble Ave 2",https://www.pittsburghpa.gov/files/assets/city/v/1/dcp/documents/planning-commission/minutes-2020-21-22-23-24-25untilnov/planning-commission-minutes-2021.pdf
"January 12, 2021",2021,DCP-ZDR-2020-07329,DCP-ZDR,,False,,approve,MOTION CARRIED,0,"2. DCP-ZDR-2020-07329, 5230 Centre Ave",https://www.pittsburghpa.gov/files/assets/city/v/1/dcp/documents/planning-commission/minutes-2020-21-22-23-24-25untilnov/planning-commission-minutes-2021.pdf
"February 9, 2021",2021,DCP-ZDR-2020-00360,DCP-ZDR,conditional_use,True,,unclassified_motion_carried,MOTION CARRIED,0,"1. DCP-ZDR-2020-00360, 2142 Wightman Street",https://www.pittsburghpa.gov/files/assets/city/v/1/dcp/documents/planning-commission/minutes-2020-21-22-23-24-25untilnov/planning-commission-minutes-2021.pdf
"February 23, 2021",2021,DCP-ZDR-2020-11318,DCP-ZDR,site_plan,False,,approve,MOTION CARRIED,0,"1. DCP-ZDR-2020-11318, 255 Atwood Street",https://www.pittsburghpa.gov/files/assets/city/v/1/dcp/documents/planning-commission/minutes-2020-21-22-23-24-25untilnov/planning-commission-minutes-2021.pdf
"March 9, 2021",2021,DCP-MPZC-2020-01245,DCP-MPZC,map_amendment|site_plan,False,,recommend_approval_to_council,MOTION CARRIED,0,1. DCP-MPZC-2020-01245 Zone Change Petition,https://www.pittsburghpa.gov/files/assets/city/v/1/dcp/documents/planning-commission/minutes-2020-21-22-23-24-25untilnov/planning-commission-minutes-2021.pdf
"March 9, 2021",2021,DCP-ZDR-2020-12921,DCP-ZDR,site_plan,False,,approve,MOTION CARRIED,0,"2. DCP-ZDR-2020-12921, 121 N Beatty Street",https://www.pittsburghpa.gov/files/assets/city/v/1/dcp/documents/planning-commission/minutes-2020-21-22-23-24-25untilnov/planning-commission-minutes-2021.pdf
"March 9, 2021",2021,DCP-MPZC-2019-00422,DCP-MPZC,IMP|PUD|map_amendment,True,,continue_or_table,MOTION CARRIED,0,"3. DCP-MPZC-2019-00422, Chatham University Zone Change Petition and New Institutional Master Plan",https://www.pittsburghpa.gov/files/assets/city/v/1/dcp/documents/planning-commission/minutes-2020-21-22-23-24-25untilnov/planning-commission-minutes-2021.pdf
"March 23, 2021",2021,DCP-ZDR-2020-00242|DCP-ZDR-2021-00242,DCP-ZDR,site_plan,True,,approve,MOTION CARRIED,0,"1. DCP-ZDR-2020-00242, 725 Penn Ave",https://www.pittsburghpa.gov/files/assets/city/v/1/dcp/documents/planning-commission/minutes-2020-21-22-23-24-25untilnov/planning-commission-minutes-2021.pdf
"March 23, 2021",2021,DCP-ZDR-2020-07260,DCP-ZDR,site_plan,False,,approve,MOTION CARRIED,0,"2. DCP-ZDR-2020-07260, 925 Technology Drive",https://www.pittsburghpa.gov/files/assets/city/v/1/dcp/documents/planning-commission/minutes-2020-21-22-23-24-25untilnov/planning-commission-minutes-2021.pdf
"March 23, 2021",2021,DCP-ZDR-2020-09427,DCP-ZDR,site_plan,False,,approve,MOTION CARRIED,0,"3. DCP-ZDR-2020-09427, 3500 Forbes Avenue, continued",https://www.pittsburghpa.gov/files/assets/city/v/1/dcp/documents/planning-commission/minutes-2020-21-22-23-24-25untilnov/planning-commission-minutes-2021.pdf
"April 6, 2021",2021,DCP-ZDR-2020-09488,DCP-ZDR,site_plan,False,,approve,MOTION CARRIED,0,"1. DCP-ZDR-2020-09488, 3300 Preble Avenue",https://www.pittsburghpa.gov/files/assets/city/v/1/dcp/documents/planning-commission/minutes-2020-21-22-23-24-25untilnov/planning-commission-minutes-2021.pdf
"April 6, 2021",2021,DCP-ZDR-2020-09718,DCP-ZDR,site_plan,False,,continue_or_table,MOTION CARRIED,0,"2. DCP-ZDR-2020-09718, South Side Works Town Square",https://www.pittsburghpa.gov/files/assets/city/v/1/dcp/documents/planning-commission/minutes-2020-21-22-23-24-25untilnov/planning-commission-minutes-2021.pdf
"April 6, 2021",2021,DCP-ZDR-2020-04557,DCP-ZDR,site_plan,False,,approve,MOTION CARRIED,0,"3. DCP-ZDR-2020-04557, South Side Works Dog Park",https://www.pittsburghpa.gov/files/assets/city/v/1/dcp/documents/planning-commission/minutes-2020-21-22-23-24-25untilnov/planning-commission-minutes-2021.pdf
"April 20, 2021",2021,DCP-ZDR-2021-00044,DCP-ZDR,site_plan,True,17,approve,MOTION CARRIED,0,"1. DCP-ZDR-2021-00044, 921 Penn Avenue, New dwelling units and interior renovations to retail space",https://www.pittsburghpa.gov/files/assets/city/v/1/dcp/documents/planning-commission/minutes-2020-21-22-23-24-25untilnov/planning-commission-minutes-2021.pdf
"April 20, 2021",2021,DCP-MPZC-2019-00675,DCP-MPZC,IMP,False,,recommend_approval_to_council,MOTION CARRIED,0,"2. DCP-MPZC-2019-00675, University of Pittsburgh Institutional Master Plan (IMP)",https://www.pittsburghpa.gov/files/assets/city/v/1/dcp/documents/planning-commission/minutes-2020-21-22-23-24-25untilnov/planning-commission-minutes-2021.pdf
"April 20, 2021",2021,DCP-ZDR-2021-00265,DCP-ZDR,FLDP|PLDP|PUD|site_plan,False,,approve,MOTION CARRIED,0,1. DCP-ZDR-2021-00265 FLDP Specially Planned District- 11 Lower Hill 3 Final Land Development Plan (FLDP) for new construction for a 26 story mixed use tower at the corner of Washington Place and Bedf,https://www.pittsburghpa.gov/files/assets/city/v/1/dcp/documents/planning-commission/minutes-2020-21-22-23-24-25untilnov/planning-commission-minutes-2021.pdf
"May 18, 2021",2021,DCP-ZDR-2021-02021,DCP-ZDR,,False,,approve,MOTION CARRIED,0,"1. DCP-ZDR-2021-02021, 429 4th Avenue Exterior Renovation.",https://www.pittsburghpa.gov/files/assets/city/v/1/dcp/documents/planning-commission/minutes-2020-21-22-23-24-25untilnov/planning-commission-minutes-2021.pdf
"May 18, 2021",2021,DCP-ZDR-2020-13554|ZDR-2020-13554,DCP-ZDR|ZDR,site_plan,False,,approve,MOTION CARRIED,0,"2. DCP-ZDR-2020-13554, 3420 Fifth Avenue Exterior renovation.",https://www.pittsburghpa.gov/files/assets/city/v/1/dcp/documents/planning-commission/minutes-2020-21-22-23-24-25untilnov/planning-commission-minutes-2021.pdf
"May 18, 2021",2021,DCP-MPZC-2021-00368,DCP-MPZC,map_amendment,False,,recommend_approval_to_council,MOTION CARRIED,0,"3. DCP-MPZC-2021-00368, Banksville Road Zone Change Petition for split-zoned parcel to change the P (Parks) portion to NDI (Neighborhood Industrial)",https://www.pittsburghpa.gov/files/assets/city/v/1/dcp/documents/planning-commission/minutes-2020-21-22-23-24-25untilnov/planning-commission-minutes-2021.pdf
"June 1, 2021",2021,DCP-ZDR-2021-03743,DCP-ZDR,,False,,approve,MOTION CARRIED,0,"1. DCP-ZDR-2021-03743, 200 Technology Drive",https://www.pittsburghpa.gov/files/assets/city/v/1/dcp/documents/planning-commission/minutes-2020-21-22-23-24-25untilnov/planning-commission-minutes-2021.pdf
"June 1, 2021",2021,DCP-MPZC-2019-00470,DCP-MPZC,IMP|map_amendment,False,,continue_or_table,MOTION CARRIED,0,"2. DCP-MPZC-2019-00470, Institutional Master Plan and Zone Change Petition for Duquesne University",https://www.pittsburghpa.gov/files/assets/city/v/1/dcp/documents/planning-commission/minutes-2020-21-22-23-24-25untilnov/planning-commission-minutes-2021.pdf
"June 29, 2021",2021,DCP-ZDR-2020-10824,DCP-ZDR,site_plan,False,,approve,MOTION CARRIED,0,1. DCP-ZDR-2020-10824 – 1001 Liberty Ave New High Wall Sign,https://www.pittsburghpa.gov/files/assets/city/v/1/dcp/documents/planning-commission/minutes-2020-21-22-23-24-25untilnov/planning-commission-minutes-2021.pdf
"June 29, 2021",2021,DCP-ZDR-2020-13024,DCP-ZDR,PLDP|site_plan,True,,approve,MOTION CARRIED,0,2. DCP-ZDR-2020-13024 – 2613 S Water Street New Multi-Unit Residential Structure,https://www.pittsburghpa.gov/files/assets/city/v/1/dcp/documents/planning-commission/minutes-2020-21-22-23-24-25untilnov/planning-commission-minutes-2021.pdf
"June 15, 2021",2021,DCP-ZDR-2021-04099,DCP-ZDR,site_plan,False,,approve,MOTION CARRIED,0,"1. DCP-ZDR-2021-04099, 600 Penn Avenue Exterior renovation replacement doors for Heinz Hall",https://www.pittsburghpa.gov/files/assets/city/v/1/dcp/documents/planning-commission/minutes-2020-21-22-23-24-25untilnov/planning-commission-minutes-2021.pdf
"July 13, 2021",2021,DCP-ZDR-2021-06780,DCP-ZDR,,False,,approve,MOTION CARRIED,0,"1. DCP-ZDR-2021-06780 , 20Stanwix Street New High Wall Signs Central Business District Neighborhood",https://www.pittsburghpa.gov/files/assets/city/v/1/dcp/documents/planning-commission/minutes-2020-21-22-23-24-25untilnov/planning-commission-minutes-2021.pdf
"July 27, 2021",2021,DCP-ZDR-2021-04751,DCP-ZDR,site_plan,False,,approve,MOTION CARRIED,0,"1. DCP-ZDR-2021-04751, 4339 Lytle Street",https://www.pittsburghpa.gov/files/assets/city/v/1/dcp/documents/planning-commission/minutes-2020-21-22-23-24-25untilnov/planning-commission-minutes-2021.pdf
"July 27, 2021",2021,DCP-ZDR-2019-00563|ZDR-2019-00563,DCP-ZDR|ZDR,site_plan,True,,approve,MOTION CARRIED,0,"3. DCP-ZDR-2019-00563, 3112 Smallman Street",https://www.pittsburghpa.gov/files/assets/city/v/1/dcp/documents/planning-commission/minutes-2020-21-22-23-24-25untilnov/planning-commission-minutes-2021.pdf
"July 27, 2021",2021,DCP-ZDR-2021-06286,DCP-ZDR,,True,,approve,MOTION CARRIED,0,"4. DCP-ZDR-2021-06286, 3401 Bates Street",https://www.pittsburghpa.gov/files/assets/city/v/1/dcp/documents/planning-commission/minutes-2020-21-22-23-24-25untilnov/planning-commission-minutes-2021.pdf
"July 27, 2021",2021,DCP-MPZC-2019-00584,DCP-MPZC,IMP|PDP,False,,recommend_approval_to_council,MOTION CARRIED,0,"DCP-MPZC-2019-00584, 616 N Highland Avenue",https://www.pittsburghpa.gov/files/assets/city/v/1/dcp/documents/planning-commission/minutes-2020-21-22-23-24-25untilnov/planning-commission-minutes-2021.pdf
"September 14, 2021",2021,DCP-ZDR-2021-05574|DCP-ZDR-2021-05214,DCP-ZDR,PDP|site_plan,False,,approve,MOTION CARRIED,0,"1. DCP-ZDR-2021-05574, 115 Federal Street, New High Wall Sign-Riverwalk North Shore",https://www.pittsburghpa.gov/files/assets/city/v/1/dcp/documents/planning-commission/minutes-2020-21-22-23-24-25untilnov/planning-commission-minutes-2021.pdf
"September 14, 2021",2021,DCP-ZDR-2021-05214|DCP-ZDR-2021-05574,DCP-ZDR,PDP|site_plan,False,,approve,MOTION CARRIED,0,"2. DCP-ZDR-2021-05214, 115 Federal Street, New High Wall Sign-Rotunda North Shore",https://www.pittsburghpa.gov/files/assets/city/v/1/dcp/documents/planning-commission/minutes-2020-21-22-23-24-25untilnov/planning-commission-minutes-2021.pdf
"September 14, 2021",2021,DCP-ZDR-2021-03476,DCP-ZDR,PDP,False,,approve,MOTION CARRIED,0,"3. DCP-ZDR-2021-03476, 3441 Forbes Ave Demolition in the Oakland Public Ream Central Oakland Neighborhood",https://www.pittsburghpa.gov/files/assets/city/v/1/dcp/documents/planning-commission/minutes-2020-21-22-23-24-25untilnov/planning-commission-minutes-2021.pdf
"September 28, 2021",2021,DCP-ZDR-2020-05904,DCP-ZDR,site_plan,False,,approve,MOTION CARRIED,0,1. DCP-ZDR-2020-05904 – 110 Sweetbriar Street Demolition within the Grandview Public Realm Duquesne Heights,https://www.pittsburghpa.gov/files/assets/city/v/1/dcp/documents/planning-commission/minutes-2020-21-22-23-24-25untilnov/planning-commission-minutes-2021.pdf
"September 28, 2021",2021,DCP-ZDR-2020-13267,DCP-ZDR,PUD,False,,approve,MOTION CARRIED,0,"2. DCP-ZDR-2020-13267 - 200 Technology Drive High Wall Sign in the Pittsburgh Technology Center (PTC, SP-1)South Oakland",https://www.pittsburghpa.gov/files/assets/city/v/1/dcp/documents/planning-commission/minutes-2020-21-22-23-24-25untilnov/planning-commission-minutes-2021.pdf
"October 12, 2021",2021,DCP-ZDR-2020-03210,DCP-ZDR,site_plan,False,,approve,MOTION FAILED,3,3. DCP-ZDR-2020-03210 6112 Penn Avenue Demolition and New Construction East Liberty Neighborhood,https://www.pittsburghpa.gov/files/assets/city/v/1/dcp/documents/planning-commission/minutes-2020-21-22-23-24-25untilnov/planning-commission-minutes-2021.pdf
"October 26, 2021",2021,DCP-ZDR-2021-04973,DCP-ZDR,,False,,approve,MOTION CARRIED,0,1. DCP-ZDR-2021-04973 4304 Second Avenue,https://www.pittsburghpa.gov/files/assets/city/v/1/dcp/documents/planning-commission/minutes-2020-21-22-23-24-25untilnov/planning-commission-minutes-2021.pdf
"October 26, 2021",2021,DCP-ZDR-2021-09621,DCP-ZDR,PDP,False,,approve,MOTION CARRIED,0,2. DCP-ZDR-2021-09621 4951 Centre Avenue Exterior renovations to existing structure Bloomfield Neighborhood,https://www.pittsburghpa.gov/files/assets/city/v/1/dcp/documents/planning-commission/minutes-2020-21-22-23-24-25untilnov/planning-commission-minutes-2021.pdf
"October 26, 2021",2021,DCP-ZDR-2021-01197,DCP-ZDR,site_plan,False,,approve,MOTION CARRIED,0,3. DCP-ZDR-2021-01197 719 Liberty Ave New and replacement signage and high wall sign on Public Destination Facility Central Business District,https://www.pittsburghpa.gov/files/assets/city/v/1/dcp/documents/planning-commission/minutes-2020-21-22-23-24-25untilnov/planning-commission-minutes-2021.pdf
"October 26, 2021",2021,DCP-ZDR-2020-11315,DCP-ZDR,site_plan,False,,approve,MOTION CARRIED,0,"3. DCP-ZDR-2020-11315 113 Dinwiddie Street New construction of 6 story, mixed-use structure with plaza. Uptown Neighborhood",https://www.pittsburghpa.gov/files/assets/city/v/1/dcp/documents/planning-commission/minutes-2020-21-22-23-24-25untilnov/planning-commission-minutes-2021.pdf
"October 26, 2021",2021,DCP-ZDR-2021-10064,DCP-ZDR,master_development_plan|site_plan,False,,approve,MOTION CARRIED,0,"ment Plan DCP-ZDR-2021-10064 and amendments to the Master Development Plan based on the application filed by Strada on behalf of Stadium Authority of the City of Pittsburgh, the property owner, with t",https://www.pittsburghpa.gov/files/assets/city/v/1/dcp/documents/planning-commission/minutes-2020-21-22-23-24-25untilnov/planning-commission-minutes-2021.pdf
"October 26, 2021",2021,DCP-ZDR-2021-02539,DCP-ZDR,site_plan,True,,approve,MOTION CARRIED,0,1. DCP-ZDR-2021-02539 419 Melwood Avenue New construction of Multi-unit residential North Oakland Neighborhood,https://www.pittsburghpa.gov/files/assets/city/v/1/dcp/documents/planning-commission/minutes-2020-21-22-23-24-25untilnov/planning-commission-minutes-2021.pdf
"January 11, 2022",2022,DCP-ZDR-2021-12271|ZDR-2021-1227,DCP-ZDR|ZDR,PDP|site_plan,True,,approve,MOTION CARRIED,0,1. DCP-ZDR-2021-12271 1014 5th Ave Renovation to include new residential units in the UPR-A Bluff Neighborhood,https://www.pittsburghpa.gov/files/assets/city/v/1/dcp/documents/planning-commission/minutes-2020-21-22-23-24-25untilnov/planning-commission-minutes-2022.pdf
"January 11, 2022",2022,DCP-ZDR-2021-07477|ZDR-2021-07477,DCP-ZDR|ZDR,PDP|site_plan,True,,approve,MOTION CARRIED,0,2. DCP-ZDR-2021-07477 250 44th Street New construction of townhomes and renovation of former church as multi-unit residential.,https://www.pittsburghpa.gov/files/assets/city/v/1/dcp/documents/planning-commission/minutes-2020-21-22-23-24-25untilnov/planning-commission-minutes-2022.pdf
"January 25, 2022",2022,DCP-ZDR-2021-13047,DCP-ZDR,,False,,approve,MOTION CARRIED,0,1. DCP-ZDR-2021-13047 - 1163 Murray Hill Change of use of office in EMI Squirrel Hill Neighborhood,https://www.pittsburghpa.gov/files/assets/city/v/1/dcp/documents/planning-commission/minutes-2020-21-22-23-24-25untilnov/planning-commission-minutes-2022.pdf
"January 25, 2022",2022,DCP-ZDR-2021-08485,DCP-ZDR,PDP|site_plan,False,,approve,MOTION CARRIED,0,2. DCP-ZDR-2021-08485 – 757 Casino Drive Two New High Wall Signs North Shore/Chateau Neighborhood,https://www.pittsburghpa.gov/files/assets/city/v/1/dcp/documents/planning-commission/minutes-2020-21-22-23-24-25untilnov/planning-commission-minutes-2022.pdf
"January 25, 2022",2022,DCP-MPZC-2021-01300,DCP-MPZC,map_amendment|site_plan,True,,recommend_approval_to_council,MOTION CARRIED,0,4. DCP-MPZC-2021-01300 – 234 Ella Street Zone Change Petition from R1A-H to LNC. Bloomfield Neighborhood,https://www.pittsburghpa.gov/files/assets/city/v/1/dcp/documents/planning-commission/minutes-2020-21-22-23-24-25untilnov/planning-commission-minutes-2022.pdf
"February 8, 2022",2022,DCP-ZDR-2021-03233|ZDR-2021-03233,DCP-ZDR|ZDR,site_plan,False,,approve,MOTION CARRIED,0,"1. DCP-ZDR-2021-03233, 6100 Penn Ave Demolition and new construction of bank. East Liberty Neighborhood",https://www.pittsburghpa.gov/files/assets/city/v/1/dcp/documents/planning-commission/minutes-2020-21-22-23-24-25untilnov/planning-commission-minutes-2022.pdf
"February 22, 2022",2022,DCP-ZDR-2021-14048,DCP-ZDR,PDP|site_plan,False,,approve,MOTION CARRIED,0,1. DCP-ZDR-2021-14048 414 1st Ave Demolition of single story structure in rear of parcel and exterior alterations. Downtown Neighborhood,https://www.pittsburghpa.gov/files/assets/city/v/1/dcp/documents/planning-commission/minutes-2020-21-22-23-24-25untilnov/planning-commission-minutes-2022.pdf
"February 22, 2022",2022,DCP-ZDR-2021-14042|ZDR-2021-14042,DCP-ZDR|ZDR,site_plan,False,,approve,MOTION CARRIED,0,"2. DCP-ZDR-2021-14042, 407 Cinema Drive Exterior renovation to existing structure in South Side Works. South Side Flats Neighborhood",https://www.pittsburghpa.gov/files/assets/city/v/1/dcp/documents/planning-commission/minutes-2020-21-22-23-24-25untilnov/planning-commission-minutes-2022.pdf
"March 8, 2022",2022,DCP-ZDR-2021-13829,DCP-ZDR,site_plan,False,,approve,MOTION CARRIED,0,1. DCP-ZDR-2021-13829 – 330 North Shore Drive New enclosure over existing outdoor dining area adjacent to North Shore Drive. North Shore Neighborhood,https://www.pittsburghpa.gov/files/assets/city/v/1/dcp/documents/planning-commission/minutes-2020-21-22-23-24-25untilnov/planning-commission-minutes-2022.pdf
"March 22, 2022",2022,DCP-ZDR-2021-12955|ZDR-2021-12955,DCP-ZDR|ZDR,site_plan,False,,approve,MOTION CARRIED,0,2. DCP-ZDR-2021-12955 – 3701 5th Avenue New construction of UPMC Presbyterian Hospital bed tower. West Oakland Neighborhood,https://www.pittsburghpa.gov/files/assets/city/v/1/dcp/documents/planning-commission/minutes-2020-21-22-23-24-25untilnov/planning-commission-minutes-2022.pdf
"March 22, 2022",2022,DCP-ZDR-2020-05391,DCP-ZDR,site_plan,False,,approve,MOTION CARRIED,0,3. DCP-ZDR-2020-05391 – 1323 Forbes Avenue New construction of Duquesne University's College of Osteopathic Medicine Uptown Neighborhood,https://www.pittsburghpa.gov/files/assets/city/v/1/dcp/documents/planning-commission/minutes-2020-21-22-23-24-25untilnov/planning-commission-minutes-2022.pdf
"March 22, 2022",2022,DCP-MPZC-2021-01666,DCP-MPZC,master_development_plan,False,,recommend_approval_to_council,MOTION CARRIED,0,-1906 and DCP-MPZC-2021-01666 Zoning Code Text & Map Amendment OPR-E Oakland Crossings Central and South Oakland Neighborhoods,https://www.pittsburghpa.gov/files/assets/city/v/1/dcp/documents/planning-commission/minutes-2020-21-22-23-24-25untilnov/planning-commission-minutes-2022.pdf
"April 5, 2022",2022,DCP-ZDR-2022-00182,DCP-ZDR,site_plan,True,,approve,MOTION CARRIED,0,"Plan No. DCP-ZDR-2022-00182 filed by Strada LLC on behalf of 300 SIXTH AVENUE PROPERTY LLC, property owner, for 216 residential dwelling units allowed by right, exterior and interior alterations, use ",https://www.pittsburghpa.gov/files/assets/city/v/1/dcp/documents/planning-commission/minutes-2020-21-22-23-24-25untilnov/planning-commission-minutes-2022.pdf
"April 5, 2022",2022,DCP-ZDR-2022-00182,DCP-ZDR,,True,,approve,MOTION CARRIED,0,"Plan No. DCP-ZDR-2022-00182 filed by Strada LLC on behalf of 300 SIXTH AVENUE PROPERTY LLC, property owner, for 38 additional dwelling units, with the following conditions: 1. The applicant shall rece",https://www.pittsburghpa.gov/files/assets/city/v/1/dcp/documents/planning-commission/minutes-2020-21-22-23-24-25untilnov/planning-commission-minutes-2022.pdf
"April 19, 2022",2022,DCP-ZDR-2021-05131|DCP-ZDR-2021-05218|DCP-ZDR-2021-05219,DCP-ZDR,site_plan|steep_slope_SSO,True,,approve,MOTION CARRIED,1,"1. DCP-ZDR-2021-05131, DCP-ZDR-2021-05218, DCP-ZDR-2021-05219 Duffield Street, parcel 82-E-50 Construction of 6 single unit attached dwelling units. Stanton Heights Neighborhood",https://www.pittsburghpa.gov/files/assets/city/v/1/dcp/documents/planning-commission/minutes-2020-21-22-23-24-25untilnov/planning-commission-minutes-2022.pdf
"April 19, 2022",2022,DCP-ZDR-2021-02959,DCP-ZDR,PDP|site_plan,False,,approve,MOTION CARRIED,1,2. DCP-ZDR-2021-02959 – 4808 Baum Boulevard Demolition and new construction of automatic car wash. Bloomfield Neighborhood,https://www.pittsburghpa.gov/files/assets/city/v/1/dcp/documents/planning-commission/minutes-2020-21-22-23-24-25untilnov/planning-commission-minutes-2022.pdf
"April 19, 2022",2022,DCP-ZDR-2019-08238|ZDR-2019-08238,DCP-ZDR|ZDR,PDP|site_plan,True,,approve,MOTION CARRIED,0,2. DCP-ZDR-2019-08238 – 5546 Baum Boulevard New construction of a 7 and 9-story residential structure Friendship Neighborhood,https://www.pittsburghpa.gov/files/assets/city/v/1/dcp/documents/planning-commission/minutes-2020-21-22-23-24-25untilnov/planning-commission-minutes-2022.pdf
"May 17, 2022",2022,DCP-ZDR-2022-01078|ZDR-2022-01078,DCP-ZDR|ZDR,PDP,False,,approve,MOTION CARRIED,0,2. DCP-ZDR-2022-01078 – 3300 Preble Avenue New construction of ALCOSAN CSO & Disinfectant building Marshall-Shadeland Neighborhood,https://www.pittsburghpa.gov/files/assets/city/v/1/dcp/documents/planning-commission/minutes-2020-21-22-23-24-25untilnov/planning-commission-minutes-2022.pdf
"May 17, 2022",2022,DCP-ZDR-2021-00263,DCP-ZDR,site_plan,True,,approve, CARRIED,0,DCP-ZDR-2021-00263 – 305 Wood Street New construction of 20-story multi-unit residential tower and renovation of existing 4-story structure for mixed-use development Central Business District Neighbor,https://www.pittsburghpa.gov/files/assets/city/v/1/dcp/documents/planning-commission/minutes-2020-21-22-23-24-25untilnov/planning-commission-minutes-2022.pdf
"June 14, 2022",2022,DCP-ZDR-2022-03745,DCP-ZDR,PDP,True,4,approve, CARRIED,0,DCP-ZDR-2022-03745 – 1 Market Street Change of use to multi-unit residential. Central Business District Neighborhood,https://www.pittsburghpa.gov/files/assets/city/v/1/dcp/documents/planning-commission/minutes-2020-21-22-23-24-25untilnov/planning-commission-minutes-2022.pdf
"September 6, 2022",2022,DCP-MPZC-2021-01727|DCP-MPZC-2021-10110|DCP-ZDR-2020-04322|DCP-MPZC-2022-00702|DCP-ZDR-2021-14139,DCP-MPZC|DCP-ZDR,IMP|PDP|site_plan,False,,deny_or_negative_recommendation, CARRIED,0,:,https://www.pittsburghpa.gov/files/assets/city/v/1/dcp/documents/planning-commission/minutes-2020-21-22-23-24-25untilnov/planning-commission-minutes-2022.pdf
"September 6, 2022",2022,DCP-ZDR-2022-05156,DCP-ZDR,PDP,False,,approve, CARRIED,0,"d Action: DCP-ZDR-2022-05156 – 429-433 Wood Street Demolition, new construction, and exterior alterations Central Business District Neighborhood",https://www.pittsburghpa.gov/files/assets/city/v/1/dcp/documents/planning-commission/minutes-2020-21-22-23-24-25untilnov/planning-commission-minutes-2022.pdf
"September 6, 2022",2022,DCP-MPZC-2021-01727,DCP-MPZC,IMP|map_amendment,False,,unclassified_motion_carried, CARRIED,0,"d Action: DCP-MPZC-2021-01727 – Carnegie Mellon University Institutional Master Plan and Zone Change (revised to remove parcel 53-C-93) Squirrel Hill North, North Oakland, Shadyside Neighborhoods",https://www.pittsburghpa.gov/files/assets/city/v/1/dcp/documents/planning-commission/minutes-2020-21-22-23-24-25untilnov/planning-commission-minutes-2022.pdf
"September 20, 2022",2022,DCP-MPZC-2022-00702,DCP-MPZC,map_amendment,False,,recommend_approval_to_council, CARRIED,0,d Action: DCP-MPZC-2022-00702 – Larimer Zone Change Petition Zone change petition for three parcels from LNC (Local Neighborhood Commercial) to UI (Urban Industrial) Larimer Neighborhood,https://www.pittsburghpa.gov/files/assets/city/v/1/dcp/documents/planning-commission/minutes-2020-21-22-23-24-25untilnov/planning-commission-minutes-2022.pdf
"September 20, 2022",2022,DCP-ZDR-2022-08738,DCP-ZDR,PDP,True,,approve, CARRIED,0,d Action: DCP-ZDR-2022-08738 – 965 Liberty Avenue Exterior alterations and change of use to three-unit residential Central Business District Neighborhood,https://www.pittsburghpa.gov/files/assets/city/v/1/dcp/documents/planning-commission/minutes-2020-21-22-23-24-25untilnov/planning-commission-minutes-2022.pdf
"September 20, 2022",2022,DCP-ZDR-2022-10789,DCP-ZDR,PDP,False,,approve, CARRIED,0,d Action: DCP-ZDR-2022-10789 – 2 PPG Place Exterior alterations Central Business District Neighborhood,https://www.pittsburghpa.gov/files/assets/city/v/1/dcp/documents/planning-commission/minutes-2020-21-22-23-24-25untilnov/planning-commission-minutes-2022.pdf
"October 4, 2022",2022,DCP-ZDR-2021-14139,DCP-ZDR,IMP,False,,unclassified_motion_carried, CARRIED,0,"uance for DCP-ZDR-2021-14139, 305 Forbes Ave. MOTION: to allow continuance of DCP-ZDR-2021-14139. No date has been set yet. MOVED BY:",https://www.pittsburghpa.gov/files/assets/city/v/1/dcp/documents/planning-commission/minutes-2020-21-22-23-24-25untilnov/planning-commission-minutes-2022.pdf
"October 4, 2022",2022,DCP-ZDR-2022-09781,DCP-ZDR,PDP,False,,approve, CARRIED,0,nd Action DCP-ZDR-2022-09781 – 1251 Waterfront Place High Wall Sign Strip District Neighborhood,https://www.pittsburghpa.gov/files/assets/city/v/1/dcp/documents/planning-commission/minutes-2020-21-22-23-24-25untilnov/planning-commission-minutes-2022.pdf
"October 4, 2022",2022,DCP-ZDR-2022-03495,DCP-ZDR,,False,,approve, CARRIED,0,nd Action DCP-ZDR-2022-03495 – 100 Art Rooney Avenue Public Destination Facility Signs North Shore Neighborhood,https://www.pittsburghpa.gov/files/assets/city/v/1/dcp/documents/planning-commission/minutes-2020-21-22-23-24-25untilnov/planning-commission-minutes-2022.pdf
"October 4, 2022",2022,DCP-ZDR-2022-10886,DCP-ZDR,,False,,approve, CARRIED,0,nd Action DCP-ZDR-2022-10886– 100 Art Rooney Avenue High Wall/Public Destination Facility Signs North Shore Neighborhood.,https://www.pittsburghpa.gov/files/assets/city/v/1/dcp/documents/planning-commission/minutes-2020-21-22-23-24-25untilnov/planning-commission-minutes-2022.pdf
"October 4, 2022",2022,DCP-ZDR-2021-10110,DCP-ZDR,PDP,True,7|5|3,approve, CARRIED,0,nd Action DCP-ZDR-2021-10110 – 2028 5th Avenue Exterior Alterations and Multi- Unit renovation in Uptown Public Realm Uptown Neighborhood,https://www.pittsburghpa.gov/files/assets/city/v/1/dcp/documents/planning-commission/minutes-2020-21-22-23-24-25untilnov/planning-commission-minutes-2022.pdf
"October 4, 2022",2022,DCP-ZDR-2020-03210,DCP-ZDR,PDP|site_plan,False,,approve, CARRIED,0,nd Action DCP-ZDR-2020-03210 – 6112 Penn Avenue Demolition and new construction of a bank East Liberty Neighborhood,https://www.pittsburghpa.gov/files/assets/city/v/1/dcp/documents/planning-commission/minutes-2020-21-22-23-24-25untilnov/planning-commission-minutes-2022.pdf
"November 15, 2022",2022,DCP-ZDR-2022-04420|DCP-ZDR-2022-07550|DCP-ZDR-2022-00446,DCP-ZDR,PDP|site_plan,True,147|5,approve, CARRIED,0,1. DCP-ZDR-2022-04420 – 642 Fort Duquesne Boulevard New construction of penthouse addition Downtown (CBD) Neighborhood,https://www.pittsburghpa.gov/files/assets/city/v/1/dcp/documents/planning-commission/minutes-2020-21-22-23-24-25untilnov/planning-commission-minutes-2022.pdf
"November 15, 2022",2022,DCP-ZDR-2021-10358,DCP-ZDR,PDP|site_plan,False,,approve, CARRIED,0,2. DCP-ZDR-2021-10358 – 5838 Baum Boulevard Demolition and new construction for use as accessory surface parking East Liberty Neighborhood,https://www.pittsburghpa.gov/files/assets/city/v/1/dcp/documents/planning-commission/minutes-2020-21-22-23-24-25untilnov/planning-commission-minutes-2022.pdf
"November 15, 2022",2022,DCP-ZDR-2022-07506,DCP-ZDR,IMP|PDP,True,226|229|5,approve, CARRIED,0,3. DCP-ZDR-2022-07506 – 1045 Forbes Avenue New construction of dormitory for Duquesne University Bluff Neighborhood,https://www.pittsburghpa.gov/files/assets/city/v/1/dcp/documents/planning-commission/minutes-2020-21-22-23-24-25untilnov/planning-commission-minutes-2022.pdf
"November 15, 2022",2022,DCP-ZDR-2021-14139,DCP-ZDR,PDP,False,,continue_or_table, CARRIED,0,Action DCP-ZDR-2021-14139 – 350 Forbes Avenue Amendment to PDP 15-004 for Point Park Playhouse Urban Open Space Downtown (CBD) Neighborhood,https://www.pittsburghpa.gov/files/assets/city/v/1/dcp/documents/planning-commission/minutes-2020-21-22-23-24-25untilnov/planning-commission-minutes-2022.pdf
"November 29, 2022",2022,DCP-ZDR-2020-07410,DCP-ZDR,site_plan,True,231|35,recommend_approval_to_council, CARRIED,0,"1. DCP-ZDR-2020-07410 – 6320 Shakespeare Street New construction of Grocery, Multi-Unit Residential, and Structured Parking Shadyside Neighborhood",https://www.pittsburghpa.gov/files/assets/city/v/1/dcp/documents/planning-commission/minutes-2020-21-22-23-24-25untilnov/planning-commission-minutes-2022.pdf
"December 13, 2022",2022,DCP-ZDR-2022-09182,DCP-ZDR,IMP|PDP,False,,approve, CARRIED,0,1. DCP-ZDR-2022-09182 – 3960 Forbes Avenue New construction of entrance addition and site work for University of Pittsburgh Hillman Library Central Oakland Neighborhood,https://www.pittsburghpa.gov/files/assets/city/v/1/dcp/documents/planning-commission/minutes-2020-21-22-23-24-25untilnov/planning-commission-minutes-2022.pdf
"January 10, 2023",2023,DCP-ZDR-2022-10883,DCP-ZDR,PDP,False,,approve, CARRIED,0,1. DCP-ZDR-2022-10883 – 100 Art Rooney Avenue Public Destination Facility signs North Shore Neighborhood,https://www.pittsburghpa.gov/files/assets/city/v/1/dcp/documents/planning-commission/minutes-2020-21-22-23-24-25untilnov/planning-commission-minutes-2023.pdf
"January 10, 2023",2023,DCP-ZDR-2021-02885|DCP-ZDR-2021-02914|DCP-ZDR-2021-02944,DCP-ZDR,FLDP|PLDP|site_plan,False,,approve, CARRIED,0,2. DCP-ZDR-2021-02885 – Manilla Street DCP-ZDR-2021-02914 – Manilla Street DCP-ZDR-2021-02944 – Corner of Webster Avenue and Robert Street New construction of 3 single-family detached homes Crawford-R,https://www.pittsburghpa.gov/files/assets/city/v/1/dcp/documents/planning-commission/minutes-2020-21-22-23-24-25untilnov/planning-commission-minutes-2023.pdf
"January 10, 2023",2023,DCP-ZDR-2022-00442,DCP-ZDR,PDP,True,,approve, CARRIED,0,3. DCP-ZDR-2022-00442 – Grandview Avenue (between Augusta Street and Republic Street) New construction of 23 townhomes in the Grandview Public Realm District B Duquesne Heights Neighborhood,https://www.pittsburghpa.gov/files/assets/city/v/1/dcp/documents/planning-commission/minutes-2020-21-22-23-24-25untilnov/planning-commission-minutes-2023.pdf
"January 10, 2023",2023,DCP-MPZC-2022-01041,DCP-MPZC,FLDP|PLDP|PUD,False,,continue_or_table, CARRIED,0,4. DCP-MPZC-2022-01041 – SP-11 Lower Hill PLDP Amendments Preliminary Land Development Amendment for SP-11 Lower Hill Central Business District (Downtown) Neighborhood Acting,https://www.pittsburghpa.gov/files/assets/city/v/1/dcp/documents/planning-commission/minutes-2020-21-22-23-24-25untilnov/planning-commission-minutes-2023.pdf
"January 10, 2023",2023,DCP-ZDR-2022-06099,DCP-ZDR,PLDP|PUD,False,,continue_or_table, CARRIED,0,"5. DCP-ZDR-2022-06099 – SP-11 Lower Hill Block E New construction of parking structure, public safety station, and entertainment venue Central Business District (Downtown) Neighborhood Acting",https://www.pittsburghpa.gov/files/assets/city/v/1/dcp/documents/planning-commission/minutes-2020-21-22-23-24-25untilnov/planning-commission-minutes-2023.pdf
"January 24, 2023",2023,DCP-ZDR-2022-13482,DCP-ZDR,PDP,False,,approve, CARRIED,0,1. DCP-ZDR-2022-13482– 418 1st Avenue Demolition in the GT-C zoning district Central Business District (Downtown) Neighborhood,https://www.pittsburghpa.gov/files/assets/city/v/1/dcp/documents/planning-commission/minutes-2020-21-22-23-24-25untilnov/planning-commission-minutes-2023.pdf
"January 24, 2023",2023,DCP-ZDR-2022-05365,DCP-ZDR,PDP|site_plan,False,,approve, CARRIED,0,2. DCP-ZDR-2022-05365 – 3610 Fifth Avenue Exterior alterations in the Oakland Public Realm zoning district Central Oakland Neighborhood,https://www.pittsburghpa.gov/files/assets/city/v/1/dcp/documents/planning-commission/minutes-2020-21-22-23-24-25untilnov/planning-commission-minutes-2023.pdf
"January 24, 2023",2023,DCP-ZDR-2021-15753,DCP-ZDR,PDP|site_plan,True,228,approve, CARRIED,0,3. DCP-ZDR-2021-15753 – 2121 Smallman Street New construction of multi-unit residential in the RIV-IMU Strip District Neighborhood,https://www.pittsburghpa.gov/files/assets/city/v/1/dcp/documents/planning-commission/minutes-2020-21-22-23-24-25untilnov/planning-commission-minutes-2023.pdf
"January 24, 2023",2023,DCP-MPZC-2022-01041|DCP-ZDR-2021-00265,DCP-MPZC|DCP-ZDR,FLDP|PLDP|PUD,False,,approve, CARRIED,0,4. DCP-MPZC-2022-01041 – SP-11 Lower Hill PLDP Amendments Preliminary Land Development Amendment for SP-11 Lower Hill Central Business District (Downtown) Neighborhood,https://www.pittsburghpa.gov/files/assets/city/v/1/dcp/documents/planning-commission/minutes-2020-21-22-23-24-25untilnov/planning-commission-minutes-2023.pdf
"January 24, 2023",2023,DCP-ZDR-2022-06099|DCP-ZDR-2021-00265,DCP-ZDR,FLDP|PLDP|PUD|site_plan,False,,approve, CARRIED,0,"5. DCP-ZDR-2022-06099 – SP-11 Lower Hill Block E New construction of parking structure, public safety station, and entertainment venue Central Business District (Downtown) Neighborhood",https://www.pittsburghpa.gov/files/assets/city/v/1/dcp/documents/planning-commission/minutes-2020-21-22-23-24-25untilnov/planning-commission-minutes-2023.pdf
"February 21, 2023",2023,DCP-ZDR-2022-11908,DCP-ZDR,site_plan,False,,approve, CARRIED,0,1. DCP-ZDR-2022-11908 – 626 Washington Place High wall signs for FNB tower Central Business District (Downtown) Neighborhood,https://www.pittsburghpa.gov/files/assets/city/v/1/dcp/documents/planning-commission/minutes-2020-21-22-23-24-25untilnov/planning-commission-minutes-2023.pdf
"February 21, 2023",2023,DCP-ZDR-2020-03210,DCP-ZDR,PDP|site_plan,False,,approve, CARRIED,0,2. DCP-ZDR-2020-03210 – 6112 Penn Avenue Demolition and new construction of bank East Liberty Neighborhood,https://www.pittsburghpa.gov/files/assets/city/v/1/dcp/documents/planning-commission/minutes-2020-21-22-23-24-25untilnov/planning-commission-minutes-2023.pdf
"March 21, 2023",2023,DCP-ZDR-2022-13062,DCP-ZDR,PDP|site_plan,False,,approve, CARRIED,0,1. DCP-ZDR-2022-13062 – 600 Penn Avenue Exterior renovations to Heinz Hall Central Business District (Downtown) Neighborhood,https://www.pittsburghpa.gov/files/assets/city/v/1/dcp/documents/planning-commission/minutes-2020-21-22-23-24-25untilnov/planning-commission-minutes-2023.pdf
"March 21, 2023",2023,DCP-ZDR-2022-02743,DCP-ZDR,PDP,True,305,approve, CARRIED,0,2. DCP-ZDR-2022-02743 – 200 West General Robinson Street New construction of multi-unit residential structure North Shore Neighborhood,https://www.pittsburghpa.gov/files/assets/city/v/1/dcp/documents/planning-commission/minutes-2020-21-22-23-24-25untilnov/planning-commission-minutes-2023.pdf
"April 4, 2023",2023,DCP-ZDR-2022-10014,DCP-ZDR,PDP,False,,approve, CARRIED,0,1. DCP-ZDR-2022-10014 – 214 Seneca Street Partial demolition of rear portion of single-family residence Bluff Neighborhood,https://www.pittsburghpa.gov/files/assets/city/v/1/dcp/documents/planning-commission/minutes-2020-21-22-23-24-25untilnov/planning-commission-minutes-2023.pdf
"April 4, 2023",2023,DCP-ZDR-2023-01295,DCP-ZDR,IMP|PDP,False,,approve, CARRIED,0,2. DCP-ZDR-2023-01295 – Minor amendment to University of Pittsburgh Institutional Master Plan Oakland Neighborhood Vice,https://www.pittsburghpa.gov/files/assets/city/v/1/dcp/documents/planning-commission/minutes-2020-21-22-23-24-25untilnov/planning-commission-minutes-2023.pdf
"April 4, 2023",2023,DCP-ZDR-2022-11509,DCP-ZDR,IMP|PDP,False,,approve, CARRIED,0,3. DCP-ZDR-2022-11509 – 3710 Terrace Street new construction for University of Pittsburgh Sports Performance Center North Oakland Neighborhood,https://www.pittsburghpa.gov/files/assets/city/v/1/dcp/documents/planning-commission/minutes-2020-21-22-23-24-25untilnov/planning-commission-minutes-2023.pdf
"April 18, 2023",2023,DCP-ZDR-2023-01460|DCP-ZDR-2022-03469|ZDR-2022-03469|ZDR-2023-01460,DCP-ZDR|ZDR,PDP,False,34,recommend_approval_to_council, CARRIED,1,1. DCP-ZDR-2023-01460 – 1410 Fifth Avenue Exterior alterations to existing structure Bluff Neighborhood 2,https://www.pittsburghpa.gov/files/assets/city/v/1/dcp/documents/planning-commission/minutes-2020-21-22-23-24-25untilnov/planning-commission-minutes-2023.pdf
"April 18, 2023",2023,DCP-ZDR-2022-03469|ZDR-2022-03469,DCP-ZDR|ZDR,PDP,True,,recommend_approval_to_council, CARRIED,1,2. DCP-ZDR-2022-03469 – 1400 Fifth Avenue Demolition and new construction of multi-unit residential structure Bluff Neighborhood MOTION: RECOMMENDED MOTION 2: That the Planning Commission approves Pro,https://www.pittsburghpa.gov/files/assets/city/v/1/dcp/documents/planning-commission/minutes-2020-21-22-23-24-25untilnov/planning-commission-minutes-2023.pdf
"May 2, 2023",2023,DCP-ZDR-2023-02699,DCP-ZDR,PDP,False,,approve, CARRIED,0,1. DCP-ZDR-2023-02699 – 5230 Centre Avenue Exterior alterations to existing structure Shadyside Neighborhood,https://www.pittsburghpa.gov/files/assets/city/v/1/dcp/documents/planning-commission/minutes-2020-21-22-23-24-25untilnov/planning-commission-minutes-2023.pdf
"May 2, 2023",2023,DCP-ZDR-2022-00002,DCP-ZDR,PDP|PLDP|site_plan,False,,approve, CARRIED,0,2. DCP-ZDR-2022-00002 – 2810 South Water Street New construction of a sports court in SP- 5 South Side Flats Neighborhood,https://www.pittsburghpa.gov/files/assets/city/v/1/dcp/documents/planning-commission/minutes-2020-21-22-23-24-25untilnov/planning-commission-minutes-2023.pdf
"May 16, 2023",2023,DCP-MPZC-2021-01229,DCP-MPZC,FLDP|PLDP|PUD|master_development_plan|site_plan,False,,approve, CARRIED,0,nt B) DCP-MPZC-2021-01229 – 31st Street Studio Master Development Plan,https://www.pittsburghpa.gov/files/assets/city/v/1/dcp/documents/planning-commission/minutes-2020-21-22-23-24-25untilnov/planning-commission-minutes-2023.pdf
"May 30, 2023",2023,DCP-ZDR-2022-14438,DCP-ZDR,PDP|site_plan,False,,approve, CARRIED,0,1. DCP-ZDR-2022-14438 – 2114 Tustin Street New construction of single unit detached home in the UPR zoning district Bluff Neighborhood,https://www.pittsburghpa.gov/files/assets/city/v/1/dcp/documents/planning-commission/minutes-2020-21-22-23-24-25untilnov/planning-commission-minutes-2023.pdf
"May 30, 2023",2023,ZDR-2021-06752|DCP-ZDR-2019-01147,DCP-ZDR|ZDR,site_plan|steep_slope_SSO,True,,approve, CARRIED,0,2. DCP- ZDR-2021-06752 – 506 West Jefferson Street New construction of residential accessory space in Steep Slopes Overlay Central Northside Neighborhood,https://www.pittsburghpa.gov/files/assets/city/v/1/dcp/documents/planning-commission/minutes-2020-21-22-23-24-25untilnov/planning-commission-minutes-2023.pdf
"May 30, 2023",2023,DCP-ZDR-2022-10252,DCP-ZDR,PDP|site_plan,False,,approve, CARRIED,0,3. DCP-ZDR-2022-10252 – 4801 Baum Boulevard Exterior alterations to an existing structure in Baum-Centre Overlay Bloomfield Neighborhood,https://www.pittsburghpa.gov/files/assets/city/v/1/dcp/documents/planning-commission/minutes-2020-21-22-23-24-25untilnov/planning-commission-minutes-2023.pdf
"June 13, 2023",2023,DCP-MPZC-2021-01413|ZDR-2022-13515|ZDR-2023-00370|ZDR-2022-10252,DCP-MPZC|ZDR,IMP|PDP|site_plan,False,,approve, CARRIED,0,,https://www.pittsburghpa.gov/files/assets/city/v/1/dcp/documents/planning-commission/minutes-2020-21-22-23-24-25untilnov/planning-commission-minutes-2023.pdf
"June 13, 2023",2023,DCP-MPZC-2021-01413,DCP-MPZC,IMP|PDP|map_amendment,False,,recommend_approval_to_council, CARRIED,0,al Master DCP-MPZC-2021-01413 for Allegheny General Hospital dated March 2023 MOVED BY:,https://www.pittsburghpa.gov/files/assets/city/v/1/dcp/documents/planning-commission/minutes-2020-21-22-23-24-25untilnov/planning-commission-minutes-2023.pdf
"June 27, 2023",2023,DCP-MPZC-2021-01413|DCP-ZDR-2023-02426|DCP-ZDR-2022-13515|DCP-ZDR-2022-13518|DCP-MPZC-2023-00525,DCP-MPZC|DCP-ZDR,IMP,True,,unclassified_motion_carried, CARRIED,0,B) DCP-MPZC-2021-01413 – Allegheny General Institutional Master Plan,https://www.pittsburghpa.gov/files/assets/city/v/1/dcp/documents/planning-commission/minutes-2020-21-22-23-24-25untilnov/planning-commission-minutes-2023.pdf
"June 27, 2023",2023,DCP-MPZC-2023-00525,DCP-MPZC,map_amendment|site_plan,False,,approve, CARRIED,0,"1. DCP-MPZC-2023-00525 / Council Bill 2023-1393 – Fifth Avenue, bounded by Kelly Street, Frankstown Avenue, and AVRR Zone Change Petition for multiple parcels to change from R1D-L to UI Homewood West ",https://www.pittsburghpa.gov/files/assets/city/v/1/dcp/documents/planning-commission/minutes-2020-21-22-23-24-25untilnov/planning-commission-minutes-2023.pdf
"July 11, 2023",2023,DCP-ZDR-2022-13518|DCP-ZDR-2022-13515,DCP-ZDR,,False,,approve, CARRIED,0,B) DCP-ZDR-2022-13518 – 6 30th Street DCP-ZDR-2022-13515 – 2929 Smallman Street,https://www.pittsburghpa.gov/files/assets/city/v/1/dcp/documents/planning-commission/minutes-2020-21-22-23-24-25untilnov/planning-commission-minutes-2023.pdf
"July 11, 2023",2023,DCP-ZDR-2023-03325,DCP-ZDR,IMP|site_plan,False,,approve, CARRIED,0,D. Hearing & Action 1. DCP‐ZDR‐2023‐03325 – 4401 Penn Avenue New Construction for UPMC CHP Heart Institute in the EMI Central Lawrenceville Neighborhood Vice,https://www.pittsburghpa.gov/files/assets/city/v/1/dcp/documents/planning-commission/minutes-2020-21-22-23-24-25untilnov/planning-commission-minutes-2023.pdf
"July 25, 2023",2023,DCP-ZDR-2023-02426,DCP-ZDR,PDP,True,51,approve, CARRIED,0,1. DCP-ZDR-2023-02426 – 2120 Fifth Avenue New Construction for Multi-Unit Residential Bluff Neighborhood,https://www.pittsburghpa.gov/files/assets/city/v/1/dcp/documents/planning-commission/minutes-2020-21-22-23-24-25untilnov/planning-commission-minutes-2023.pdf
"July 25, 2023",2023,DCP-ZDR-2022-04872,DCP-ZDR,FLDP|PDP|steep_slope_SSO,True,123|104|46|53|411|823,approve, CARRIED,0,2. DCP-ZDR-2022-04872 – Colwell Street New Construction for Multi-Unit Residential Bluff Neighborhood,https://www.pittsburghpa.gov/files/assets/city/v/1/dcp/documents/planning-commission/minutes-2020-21-22-23-24-25untilnov/planning-commission-minutes-2023.pdf
"July 25, 2023",2023,DCP-MPZC-2023-00634|DCP-ZDR-2022-13396,DCP-MPZC|DCP-ZDR,FLDP|PLDP|site_plan,False,,approve, CARRIED,0,3. DCP-MPZC-2023-00634 & DCP-ZDR-2022-13396 – Tullymet St/Shared Way PLDP Amendment and New Construction for CMU Robotics Innovation Center at Hazelwood Green Hazelwood Neighborhood,https://www.pittsburghpa.gov/files/assets/city/v/1/dcp/documents/planning-commission/minutes-2020-21-22-23-24-25untilnov/planning-commission-minutes-2023.pdf
"September 5, 2023",2023,DCP-ZDR-2022-13832|DCP-MPZC-2023-00634,DCP-MPZC|DCP-ZDR,PDP,True,267,approve, CARRIED,0,3. DCP-ZDR-2022-13832 – 5303 Butler Street New Construction of Multi-Unit Residential Upper Lawrenceville Neighborhood,https://www.pittsburghpa.gov/files/assets/city/v/1/dcp/documents/planning-commission/minutes-2020-21-22-23-24-25untilnov/planning-commission-minutes-2023.pdf
"September 19, 2023",2023,DCP-ZDR-2022-05441,DCP-ZDR,PDP|PUD|site_plan,False,,approve, CARRIED,0,1. DCP-ZDR-2022-05441 – 2005 Wyandotte Street New addition and accessory parking area 2 Crawford-Roberts Neighborhood,https://www.pittsburghpa.gov/files/assets/city/v/1/dcp/documents/planning-commission/minutes-2020-21-22-23-24-25untilnov/planning-commission-minutes-2023.pdf
"September 19, 2023",2023,DCP-ZDR-2022-03110,DCP-ZDR,PDP,True,48,approve, CARRIED,0,2. DCP-ZDR-2022-03110 – Forbes Avenue at Craft Avenue New Construction of Multi-Unit Residential South Oakland Neighborhood,https://www.pittsburghpa.gov/files/assets/city/v/1/dcp/documents/planning-commission/minutes-2020-21-22-23-24-25untilnov/planning-commission-minutes-2023.pdf
"September 19, 2023",2023,DCP-MPZC-2023-00755|DCP-ZDR-2022-12563,DCP-MPZC|DCP-ZDR,FLDP|PLDP|PUD|site_plan,False,,approve, CARRIED,0,3. DCP-MPZC-2023-00755 and DCP-ZDR-2022-12563 – Beehive Street PLDP Amendment and New Construction for Lab/Research Use Hazelwood Neighborhood,https://www.pittsburghpa.gov/files/assets/city/v/1/dcp/documents/planning-commission/minutes-2020-21-22-23-24-25untilnov/planning-commission-minutes-2023.pdf
"September 19, 2023",2023,DCP-ZDR-2022-12563,DCP-ZDR,,False,,approve, CARRIED,0,"approved DCP-ZDR-2022-12563 filed by Langan Engineering on behalf of ALMONO, property owner, for new construction at Hazelwood Green with the following conditions: 1. The Department of Mobility and In",https://www.pittsburghpa.gov/files/assets/city/v/1/dcp/documents/planning-commission/minutes-2020-21-22-23-24-25untilnov/planning-commission-minutes-2023.pdf
"October 3, 2023",2023,DCP-ZDR-2023-05441,DCP-ZDR,site_plan,True,,approve, CARRIED,0,"1. DCP-ZDR-2023-05441 – 220 North Shore Drive – North Shore Lot 10, High Wall Signage, North Shore Neighborhood",https://www.pittsburghpa.gov/files/assets/city/v/1/dcp/documents/planning-commission/minutes-2020-21-22-23-24-25untilnov/planning-commission-minutes-2023.pdf
"October 3, 2023",2023,DCP-ZDR-2022-04882,DCP-ZDR,PDP|site_plan,False,,approve, CARRIED,0,"2. DCP-ZDR-2022-04882 – 129 Anderson Street - New installation of high wall signage, North Shore Neighborhood",https://www.pittsburghpa.gov/files/assets/city/v/1/dcp/documents/planning-commission/minutes-2020-21-22-23-24-25untilnov/planning-commission-minutes-2023.pdf
"October 3, 2023",2023,DCP-ZDR-2023-07159,DCP-ZDR,PDP,False,,approve, CARRIED,0,3. DCP-ZDR-2023-07159 – 3440 Forbes Avenue - Demolition of existing two-story structure,https://www.pittsburghpa.gov/files/assets/city/v/1/dcp/documents/planning-commission/minutes-2020-21-22-23-24-25untilnov/planning-commission-minutes-2023.pdf
"October 17, 2023",2023,DCP-ZDR-2023-06360,DCP-ZDR,PDP|site_plan,False,,approve, CARRIED,0,1. DCP-ZDR-2023-06360 – 214 6th Street Exterior renovations to install new ground floor storefront Central Business District 2 Vice,https://www.pittsburghpa.gov/files/assets/city/v/1/dcp/documents/planning-commission/minutes-2020-21-22-23-24-25untilnov/planning-commission-minutes-2023.pdf
"October 31, 2023",2023,DCP-ZDR-2023-08351,DCP-ZDR,PDP|site_plan,False,,approve, CARRIED,0,1. DCP-ZDR-2023-08351 – 500 Ross Street Façade improvements and interior renovations Central Business District,https://www.pittsburghpa.gov/files/assets/city/v/1/dcp/documents/planning-commission/minutes-2020-21-22-23-24-25untilnov/planning-commission-minutes-2023.pdf
"October 31, 2023",2023,DCP-ZDR-2023-01386,DCP-ZDR,PDP|site_plan,False,,approve, CARRIED,0,2. DCP-ZDR-2023-01386 – 200 Sandusky Street New construction of four-story event venue North Shore,https://www.pittsburghpa.gov/files/assets/city/v/1/dcp/documents/planning-commission/minutes-2020-21-22-23-24-25untilnov/planning-commission-minutes-2023.pdf
"November 14, 2023",2023,DCP-ZDR-2023-05221,DCP-ZDR,PDP|site_plan,False,,approve, CARRIED,0,1. DCP-ZDR-2023-05221 – 831 E Warrington Ave New Neighborhood Gateway Sign Allentown,https://www.pittsburghpa.gov/files/assets/city/v/1/dcp/documents/planning-commission/minutes-2020-21-22-23-24-25untilnov/planning-commission-minutes-2023.pdf
"November 28, 2023",2023,DCP-ZDR-2023-08177|ZDR-2023-08177,DCP-ZDR|ZDR,conditional_use|site_plan,False,,approve, CARRIED,0,1. DCP-ZDR-2023-08177 – W. General Robinson St. and Mazeroski Way Major Public Destination Facility Electronic Sign – Large Video Display North Shore,https://www.pittsburghpa.gov/files/assets/city/v/1/dcp/documents/planning-commission/minutes-2020-21-22-23-24-25untilnov/planning-commission-minutes-2023.pdf
"November 28, 2023",2023,DCP-ZDR-2023-06473|DCP-PAP-2023-00024,DCP-PAP|DCP-ZDR,PDP|site_plan,False,,approve, CARRIED,0,4. DCP-ZDR-2023-06473 – 605 Forbes Ave Neighborhood Gateway Sign Bluff,https://www.pittsburghpa.gov/files/assets/city/v/1/dcp/documents/planning-commission/minutes-2020-21-22-23-24-25untilnov/planning-commission-minutes-2023.pdf
"December 12, 2023",2023,DCP-ZDR-2023-07751|DCP-ZDR-2023-10034|DCP-ZDR-2023-10036|DCP-ZDR-2023-09633|DCP-ZDR-2023-9633,DCP-ZDR,PDP|site_plan,False,,approve, CARRIED,0,"1. DCP-ZDR-2023-07751, DCP-ZDR-2023-10034, DCP-ZDR-2023-10036, DCPZDR-2023- 10037 – 209 1st Avenue, 100 Market Street, 104 Market Street, 106 Market Street Demolition of Five Existing Structures Centr",https://www.pittsburghpa.gov/files/assets/city/v/1/dcp/documents/planning-commission/minutes-2020-21-22-23-24-25untilnov/planning-commission-minutes-2023.pdf
"January 9, 2024",2024,DCP-ZDR-2023-07751|DCP-ZDR-2023-10034|DCP-ZDR-2023-10036|DCP-ZDR-2023-10037,DCP-ZDR,,False,,approve, CARRIED,0,"B) DCP-ZDR-2023-07751, DCP-ZDR-2023-10034, DCP-ZDR-2023-10036, DCP-ZDR-2023-10037 – 209 1st Avenue, 100 Market Street, 104 Market Street, 106 Market Street",https://www.pittsburghpa.gov/files/assets/city/v/1/dcp/documents/planning-commission/minutes-2020-21-22-23-24-25untilnov/planning-commission-minutes-2024.pdf
"January 9, 2024",2024,DCP-ZDR-2023-01094,DCP-ZDR,PDP|site_plan,True,211,approve, CARRIED,0,"1. DCP-ZDR-2023-01094 – 1609 FORBES AVE New construction of 82' tall, six-story structure for use as a multi-unit residential Bluff",https://www.pittsburghpa.gov/files/assets/city/v/1/dcp/documents/planning-commission/minutes-2020-21-22-23-24-25untilnov/planning-commission-minutes-2024.pdf
"January 23, 2024",2024,DCP-ZDR-2023-10458,DCP-ZDR,PDP|site_plan,False,,approve, CARRIED,0,1. DCP-ZDR-2023-10458 – 444 Liberty Avenue Install High Wall Signage Central Business District Vice,https://www.pittsburghpa.gov/files/assets/city/v/1/dcp/documents/planning-commission/minutes-2020-21-22-23-24-25untilnov/planning-commission-minutes-2024.pdf
"January 23, 2024",2024,DCP-ZDR-2023-07553,DCP-ZDR,PDP,False,,approve, CARRIED,0,2. DCP-ZDR-2023-07553 – 500 Liberty Avenue Interior and exterior renovations to convert vacant structure into bank Central Business District Vice,https://www.pittsburghpa.gov/files/assets/city/v/1/dcp/documents/planning-commission/minutes-2020-21-22-23-24-25untilnov/planning-commission-minutes-2024.pdf
"March 5, 2024",2024,DCP-ZDR-2024-00053,DCP-ZDR,PDP,False,,recommend_approval_to_council, CARRIED,0,3. DCP-ZDR-2024-00053 – 912 Fort Duquesne Boulevard Install High Wall Signage Central Business District.,https://www.pittsburghpa.gov/files/assets/city/v/1/dcp/documents/planning-commission/minutes-2020-21-22-23-24-25untilnov/planning-commission-minutes-2024.pdf
"March 19, 2024",2024,DCP-MPZC-2024-00046,DCP-MPZC,map_amendment,True,,approve, CARRIED,0,2. DCP-MPZC-2024-00046 / Council Bill 2023-2330 – McKee Place and Louisa Street Oakland Land Use Plan Update and Zoning Map Amendment to change the zoning district from UC-E (Urban Center – Employment,https://www.pittsburghpa.gov/files/assets/city/v/1/dcp/documents/planning-commission/minutes-2020-21-22-23-24-25untilnov/planning-commission-minutes-2024.pdf
"April 2, 2024",2024,DCP-MPZC-2024-00046,DCP-MPZC,map_amendment,False,,unclassified_motion_carried, CARRIED,0,"1. DCP-MPZC-2024-00046, Council Bill 2023-2330",https://www.pittsburghpa.gov/files/assets/city/v/1/dcp/documents/planning-commission/minutes-2020-21-22-23-24-25untilnov/planning-commission-minutes-2024.pdf
"April 2, 2024",2024,DCP-ZDR-2021-12009,DCP-ZDR,PDP|site_plan,False,,recommend_approval_to_council, CARRIED,0,2. DCP-ZDR-2021-12009 - 1903 Fifth Avenue New construction of two Mixed-Use structures with shared plaza and parking Crawford-Roberts.,https://www.pittsburghpa.gov/files/assets/city/v/1/dcp/documents/planning-commission/minutes-2020-21-22-23-24-25untilnov/planning-commission-minutes-2024.pdf
"April 2, 2024",2024,DCP-MPZC-2023-00693|DCP-ZDR-2023-11179,DCP-MPZC|DCP-ZDR,IMP|site_plan,False,,approve, CARRIED,0,"3. DCP-MPZC-2023-00693 and DCP-ZDR-2023-11179 - 4644 Forbes Avenue Minor Amendment to the Carnegie Mellon University 2022 Institutional Master Plan, and new construction of the CMU Richard King Mellon",https://www.pittsburghpa.gov/files/assets/city/v/1/dcp/documents/planning-commission/minutes-2020-21-22-23-24-25untilnov/planning-commission-minutes-2024.pdf
"May 14, 2024",2024,DCP-MPZC-2024-00385,DCP-MPZC,map_amendment,False,,approve, CARRIED,0,ent B) DCP-MPZC-2024-00385 / Council Bill 2024-0221 – Zoning Map Change,https://www.pittsburghpa.gov/files/assets/city/v/1/dcp/documents/planning-commission/minutes-2020-21-22-23-24-25untilnov/planning-commission-minutes-2024.pdf
"May 14, 2024",2024,DCP-MPZC-2024-00385,DCP-MPZC,PUD|map_amendment,True,,recommend_approval_to_council, CARRIED,0,"plication DCP-MPZC-2024-00385 to change the zoning district on parcels 84- G-239 and 84-G-258 from RM-H, Residential, Multi-unit, High Density to UNC, Urban Neighborhood Commercial. Per Section 922.05",https://www.pittsburghpa.gov/files/assets/city/v/1/dcp/documents/planning-commission/minutes-2020-21-22-23-24-25untilnov/planning-commission-minutes-2024.pdf
"May 28, 2024",2024,DCP-ZDR-2024-01513,DCP-ZDR,site_plan,False,,approve, CARRIED,0,1. DCP-ZDR-2024-01513 – 4612 Filmore Street Demolition of two-story structure North Oakland,https://www.pittsburghpa.gov/files/assets/city/v/1/dcp/documents/planning-commission/minutes-2020-21-22-23-24-25untilnov/planning-commission-minutes-2024.pdf
"June 25, 2024",2024,DCP-ZDR-2023-09191,DCP-ZDR,,False,,approve, CARRIED,0,"): DCP-ZDR-2023-09191 – 600 Forbes Ave, Fisher Hall Bridge",https://www.pittsburghpa.gov/files/assets/city/v/1/dcp/documents/planning-commission/minutes-2020-21-22-23-24-25untilnov/planning-commission-minutes-2024.pdf
"June 25, 2024",2024,DCP-ZDR-2023-01893,DCP-ZDR,PDP|site_plan,True,,approve, CARRIED,0,ion 1 .DCP-ZDR-2023-01893 – 3812 Foster Street New construction of five story apartment building Lower Lawrenceville,https://www.pittsburghpa.gov/files/assets/city/v/1/dcp/documents/planning-commission/minutes-2020-21-22-23-24-25untilnov/planning-commission-minutes-2024.pdf
"June 25, 2024",2024,DCP-ZDR-2024-02961,DCP-ZDR,,True,,unclassified_motion_carried, CARRIED,0,2. DCP-ZDR-2024-02961 – 100 1st Avenue Change of use to Multi-Unit Residential and interior and exterior renovations Central Business District,https://www.pittsburghpa.gov/files/assets/city/v/1/dcp/documents/planning-commission/minutes-2020-21-22-23-24-25untilnov/planning-commission-minutes-2024.pdf
"July 23, 2024",2024,DCP-MPZC-2023-00941|DCP-MPZC-2023-01692,DCP-MPZC,,False,,continue_or_table, CARRIED,0,/1723 and DCP-MPZC-2023-00941/00979,https://www.pittsburghpa.gov/files/assets/city/v/1/dcp/documents/planning-commission/minutes-2020-21-22-23-24-25untilnov/planning-commission-minutes-2024.pdf
"July 23, 2024",2024,DCP-MPZC-2024-00399,DCP-MPZC,PLDP,False,,approve, CARRIED,0,"3. DCP-MPZC-2024-00399 - Amendment to the Preliminary Land Development Plan for Specially Planned District 10 (Hazelwood Green) to permit Type E Development and other miscellaneous amendments, Hazelwo",https://www.pittsburghpa.gov/files/assets/city/v/1/dcp/documents/planning-commission/minutes-2020-21-22-23-24-25untilnov/planning-commission-minutes-2024.pdf
"September 3, 2024",2024,DCP-ZDR-2024-01125,DCP-ZDR,,True,,approve, CARRIED,0,"1. DCP-ZDR-2024-01125 5869 CENTRE AVE Interior and Exterior Renovations to expand existing warehouse, residential storage use. East Liberty",https://www.pittsburghpa.gov/files/assets/city/v/1/dcp/documents/planning-commission/minutes-2020-21-22-23-24-25untilnov/planning-commission-minutes-2024.pdf
"September 17, 2024",2024,DCP-ZDR-2024-00001,DCP-ZDR,,True,,approve, CARRIED,0,"1. DCP-ZDR-2024-00001 – 135 51st St New Construction of Fifteen Townhomes, Central Lawrenceville",https://www.pittsburghpa.gov/files/assets/city/v/1/dcp/documents/planning-commission/minutes-2020-21-22-23-24-25untilnov/planning-commission-minutes-2024.pdf
"September 17, 2024",2024,DCP-ZDR-2024-03127,DCP-ZDR,conditional_use,False,,approve, CARRIED,0,"2. DCP-ZDR-2024-03127 – 1096 Goodman St Conditional Use for environmental site remediation work to cap exposed slag material and restore exposed slag areas to vegetated meadow condition, Swisshelm Par",https://www.pittsburghpa.gov/files/assets/city/v/1/dcp/documents/planning-commission/minutes-2020-21-22-23-24-25untilnov/planning-commission-minutes-2024.pdf
"September 17, 2024",2024,DCP-MPZC-2024-00399,DCP-MPZC,PLDP|PUD,False,,approve, CARRIED,0,"3. DCP-MPZC-2024-00399 – SP-10 (Hazelwood Green) Signage Amendments to the Hazelwood Green PLDP, Hazelwood",https://www.pittsburghpa.gov/files/assets/city/v/1/dcp/documents/planning-commission/minutes-2020-21-22-23-24-25untilnov/planning-commission-minutes-2024.pdf
"October 1, 2024",2024,DCP-ZDR-2024-05047,DCP-ZDR,,True,,continue_or_table, CARRIED,0,"1. DCP-ZDR-2024-05047 - 933 Penn Ave, Renovations to convert existing 8-story building into a multi-unit building with ground level retail, Downtown Business District",https://www.pittsburghpa.gov/files/assets/city/v/1/dcp/documents/planning-commission/minutes-2020-21-22-23-24-25untilnov/planning-commission-minutes-2024.pdf
"October 1, 2024",2024,DCP-ZDR-2024-01437,DCP-ZDR,conditional_use,False,,recommend_approval_to_council, CARRIED,0,"2. DCP-ZDR-2024-01437 – 7853 Lock Way E, Conditional use for construction of new pump station for PWSA Bruecken Station, Lincoln-Lemington-Belmar; Highland Park",https://www.pittsburghpa.gov/files/assets/city/v/1/dcp/documents/planning-commission/minutes-2020-21-22-23-24-25untilnov/planning-commission-minutes-2024.pdf
"October 15, 2024",2024,DCP-ZDR-2024-03753,DCP-ZDR,PUD,True,,approve,CARRIED,0,"1. DCP-ZDR-2024-03753 - 450 Melwood Ave (The Melwood) Interior renovations to convert an office building into a multi-unit residence. Square, Specially Planned North Oakland",https://www.pittsburghpa.gov/files/assets/city/v/1/dcp/documents/planning-commission/minutes-2020-21-22-23-24-25untilnov/planning-commission-minutes-2024.pdf
"October 15, 2024",2024,DCP-ZDR-2024-03752,DCP-ZDR,,True,,approve,CARRIED,0,"2. DCP-ZDR-2024-03752 – 435 Melwood Ave (The Parker) New construction of multi-unit apartment, North Oakland",https://www.pittsburghpa.gov/files/assets/city/v/1/dcp/documents/planning-commission/minutes-2020-21-22-23-24-25untilnov/planning-commission-minutes-2024.pdf
"October 29, 2024",2024,DCP-ZDR-2024-05827,DCP-ZDR,,True,,approve, CARRIED,0,"2. DCP-ZDR-2024-05827 - 529 LIBERTY AVE - Interior and exterior renovations to existing multi-unit residential, Central Business District",https://www.pittsburghpa.gov/files/assets/city/v/1/dcp/documents/planning-commission/minutes-2020-21-22-23-24-25untilnov/planning-commission-minutes-2024.pdf
"October 29, 2024",2024,DCP-MPZC-2024-00596,DCP-MPZC,map_amendment,False,,recommend_approval_to_council, CARRIED,0,"3. DCP-MPZC-2024-00596 – N Oakland Neighborhood rezoning - Rezoning North Oakland neighborhood to UC-MU and UC-E, North Oakland",https://www.pittsburghpa.gov/files/assets/city/v/1/dcp/documents/planning-commission/minutes-2020-21-22-23-24-25untilnov/planning-commission-minutes-2024.pdf
"October 29, 2024",2024,DCP-ZDR-2019-05349,DCP-ZDR,,False,,approve, CARRIED,0,4. DCP-ZDR-2019-05349 - 214 S Craig Street - New construction of two-story restaurant North Oakland,https://www.pittsburghpa.gov/files/assets/city/v/1/dcp/documents/planning-commission/minutes-2020-21-22-23-24-25untilnov/planning-commission-minutes-2024.pdf
"November 12, 2024",2024,DCP-ZDR-2023-04749,DCP-ZDR,,True,,approve,CARRIED,0,"2. DCP-ZDR-2023-04749 – 4107 Willow St - New construction of six-story residential building, Central Lawrenceville",https://www.pittsburghpa.gov/files/assets/city/v/1/dcp/documents/planning-commission/minutes-2020-21-22-23-24-25untilnov/planning-commission-minutes-2024.pdf
"November 12, 2024",2024,DCP-ZDR-2024-02267,DCP-ZDR,,True,,approve,CARRIED,0,"3. DCP-ZDR-2024-02267 - 262 McKee Pl - New construction of six-story residential building, Central Oakland",https://www.pittsburghpa.gov/files/assets/city/v/1/dcp/documents/planning-commission/minutes-2020-21-22-23-24-25untilnov/planning-commission-minutes-2024.pdf
"November 12, 2024",2024,DCP-MPZC-2023-00441,DCP-MPZC,,False,,approve, CARRIED,0,"4. DCP-MPZC-2023-00441 - West North Ave, Beaver Ave and Kroll Dr - Esplanade Master Development Plan, Chateau",https://www.pittsburghpa.gov/files/assets/city/v/1/dcp/documents/planning-commission/minutes-2020-21-22-23-24-25untilnov/planning-commission-minutes-2024.pdf
"December 10, 2024",2024,DCP-ZDR-2024-07915,DCP-ZDR,,False,,approve, CARRIED,0,"3. DCP-ZDR-2024-07915 - 800 Fort Duquesne Blvd Complete demolition of one-story structure, Central Business District",https://www.pittsburghpa.gov/files/assets/city/v/1/dcp/documents/planning-commission/minutes-2020-21-22-23-24-25untilnov/planning-commission-minutes-2024.pdf
"December 10, 2024",2024,DCP-MPZC-2024-00224,DCP-MPZC,IMP,False,,recommend_approval_to_council,CARRIED,0,"4. DCP-MPZC-2024-00224 - 4720 5th Avenue Central Catholic High School Institutional Master Plan, Squirrel Hill North",https://www.pittsburghpa.gov/files/assets/city/v/1/dcp/documents/planning-commission/minutes-2020-21-22-23-24-25untilnov/planning-commission-minutes-2024.pdf
"January 28, 2025",2025,DCP-ZDR-2023-01386,DCP-ZDR,,False,,approve, CARRIED,0,"1. DCP-ZDR-2023-01386 - 200 Sandusky Street - Construction of a new 3-story event venue, North Shore Neighborhood Staff",https://www.pittsburghpa.gov/files/assets/city/v/1/dcp/documents/planning-commission/minutes-2020-21-22-23-24-25untilnov/approved-planning-commission-minutes-2025.pdf
"February 25, 2025",2025,DCP-MPZC-2024-00678,DCP-MPZC,PDP|master_development_plan,False,,approve, CARRIED,0,"1. DCP-MPZC-2024-00678 - 27th Street, Smallman Street, 29th Street, and the southern shore of Allegheny River, The 3 Crossings 2.0 Master Development Plan to amend the XWF1 PDP, Strip District Neighbo",https://www.pittsburghpa.gov/files/assets/city/v/1/dcp/documents/planning-commission/minutes-2020-21-22-23-24-25untilnov/approved-planning-commission-minutes-2025.pdf
"February 25, 2025",2025,DCP-ZDR-2024-08205,DCP-ZDR,,True,,approve, CARRIED,0,"2. DCP-ZDR-2024-08205 - 2121 Smallman Street, Amendment to approved Brickworks residential development, Strip District Neighborhood",https://www.pittsburghpa.gov/files/assets/city/v/1/dcp/documents/planning-commission/minutes-2020-21-22-23-24-25untilnov/approved-planning-commission-minutes-2025.pdf
"February 25, 2025",2025,DCP-ZDR-2024-07647,DCP-ZDR,,False,,continue_or_table, CARRIED,0,"3. DCP-ZDR-2024-07647 - 1712 5th Ave, Full demolition of two-story structure, Bluff Neighborhood",https://www.pittsburghpa.gov/files/assets/city/v/1/dcp/documents/planning-commission/minutes-2020-21-22-23-24-25untilnov/approved-planning-commission-minutes-2025.pdf
"February 25, 2025",2025,DCP-ZDR-2025-00377,DCP-ZDR,,True,,approve, CARRIED,0,"4. DCP-ZDR-2025-00377 - 1636 and 1634 5th Ave, Full demolition of three structures for future mixed- use residential building, Bluff Neighborhood",https://www.pittsburghpa.gov/files/assets/city/v/1/dcp/documents/planning-commission/minutes-2020-21-22-23-24-25untilnov/approved-planning-commission-minutes-2025.pdf
"March 11, 2025",2025,DCP-ZDR-2024-08205,DCP-ZDR,,False,,approve, CARRIED,0,A.GOV DCP-ZDR-2024-08205 - 2121 Smallman Street (Brickworks),https://www.pittsburghpa.gov/files/assets/city/v/1/dcp/documents/planning-commission/minutes-2020-21-22-23-24-25untilnov/approved-planning-commission-minutes-2025.pdf
"March 25, 2025",2025,DCP-ZDR-2024-01984,DCP-ZDR,,False,,approve, CARRIED,0,"1. DCP-ZDR-2024-01984 - 4527 Winthrop St, Construction of a new single-story restaurant service building, North Oakland Neighborhood",https://www.pittsburghpa.gov/files/assets/city/v/1/dcp/documents/planning-commission/minutes-2020-21-22-23-24-25untilnov/approved-planning-commission-minutes-2025.pdf
"April 8, 2025",2025,DCP-ZDR-2025-00977,DCP-ZDR,,False,,approve, CARRIED,0,"1. DCP-ZDR-2025-00977 - 1243 Penn Ave, 1241 Penn Ave, 1237 Penn Ave, and 1233 Penn Ave, Demolition of existing buildings to expand the Heinz History Center, Strip District Neighborhood",https://www.pittsburghpa.gov/files/assets/city/v/1/dcp/documents/planning-commission/minutes-2020-21-22-23-24-25untilnov/approved-planning-commission-minutes-2025.pdf
"May 20, 2025",2025,DCP-ZDR-2023-00370,DCP-ZDR,,False,,continue_or_table, CARRIED,0,"1. DCP-ZDR-2023-00370 - 1334 5th Ave, Demolish the existing three-story brick structure, Bluff Neighborhood",https://www.pittsburghpa.gov/files/assets/city/v/1/dcp/documents/planning-commission/minutes-2020-21-22-23-24-25untilnov/approved-planning-commission-minutes-2025.pdf
"May 20, 2025",2025,DCP-MPZC-2025-00049,DCP-MPZC,IMP,False,,approve, CARRIED,0,"2. DCP-MPZC-2025-00049 - Forbes Ave, Amend Duquesne University Institutional Master Plan (IMP), Bluff Neighborhood",https://www.pittsburghpa.gov/files/assets/city/v/1/dcp/documents/planning-commission/minutes-2020-21-22-23-24-25untilnov/approved-planning-commission-minutes-2025.pdf
"July 1, 2025",2025,DCP-ZDR-2023-00370,DCP-ZDR,,False,,continue_or_table,CARRIED,0,"1. DCP-ZDR-2023-00370 - 1334 5th Ave, Demolition of existing 3-story brick structure, Bluff",https://www.pittsburghpa.gov/files/assets/city/v/1/dcp/documents/planning-commission/minutes-2020-21-22-23-24-25untilnov/approved-planning-commission-minutes-2025.pdf
"July 15, 2025",2025,DCP-ZDR-2025-00892,DCP-ZDR,,False,,approve, CARRIED,0,"2. DCP-ZDR-2025-00892 - 46 Beehive St., Installation of two high wall signs, Hazelwood Vice",https://www.pittsburghpa.gov/files/assets/city/v/1/dcp/documents/planning-commission/minutes-2020-21-22-23-24-25untilnov/approved-planning-commission-minutes-2025.pdf
"July 29, 2025",2025,DCP-MPZC-2025-00129|DCP-ZDR-2024-02900,DCP-MPZC|DCP-ZDR,site_plan,False,,approve,CARRIED,0,ence DCP-MPZC-2025-00129 Council Bill (2025-1417),https://www.pittsburghpa.gov/files/assets/city/v/1/dcp/documents/planning-commission/minutes-2020-21-22-23-24-25untilnov/approved-planning-commission-minutes-2025.pdf
"July 29, 2025",2025,DCP-ZDR-2024-00328,DCP-ZDR,conditional_use|site_plan,False,,recommend_approval_to_council,CARRIED,0,"3. DCP-ZDR-2024-00328 - 900 Freeport Rd, Conditional Use f or new construction and site work at the Aspinwall Water Treatment Plant, Lincoln-Lemington-Belmar Neighborhood Staf f :",https://www.pittsburghpa.gov/files/assets/city/v/1/dcp/documents/planning-commission/minutes-2020-21-22-23-24-25untilnov/approved-planning-commission-minutes-2025.pdf
"July 29, 2025",2025,DCP-MPZC-2025-00159,DCP-MPZC,map_amendment,False,,recommend_approval_to_council,CARRIED,0,"4. DCP-MPZC-2025-00159 (Council Bill 2025-1938) - Zoning Map Amendment f or Fort Pitt Park, Garf ield Neighborhood Staf f :",https://www.pittsburghpa.gov/files/assets/city/v/1/dcp/documents/planning-commission/minutes-2020-21-22-23-24-25untilnov/approved-planning-commission-minutes-2025.pdf
"July 29, 2025",2025,DCP-ZDR-2024-02900,DCP-ZDR,site_plan,False,,approve,CARRIED,1,"5. DCP-ZDR-2024-02900 - 4942 Gloster St, Construction of new multi-sport athletic f ield and temporary parking lots, Hazelwood Neighborhood",https://www.pittsburghpa.gov/files/assets/city/v/1/dcp/documents/planning-commission/minutes-2020-21-22-23-24-25untilnov/approved-planning-commission-minutes-2025.pdf
"July 29, 2025",2025,DCP-MPZC-2025-00129,DCP-MPZC,map_amendment,False,,recommend_approval_to_council,CARRIED,0,"6. DCP-MPZC-2025-00129 (Council Bill 2025-1417) - 2819 Shadeland Ave, Zoning Map Amendment f or the f ormer Horace Mann School site, Marshall-Shadeland Neighborhood",https://www.pittsburghpa.gov/files/assets/city/v/1/dcp/documents/planning-commission/minutes-2020-21-22-23-24-25untilnov/approved-planning-commission-minutes-2025.pdf
"October 7, 2025",2025,DCP-MPZC-2025-00195,DCP-MPZC,map_amendment,False,,continue_or_table, CARRIED,0,"Action DCP-MPZC-2025-00195 (Council Bill 2025-1993), (Continued from September 23, 2025), Zoning Map Amendment for the Hazelwood RIV-GI District, Hazelwood Neighborhood",https://www.pittsburghpa.gov/files/assets/city/v/1/dcp/documents/planning-commission/minutes-2020-21-22-23-24-25untilnov/approved-planning-commission-minutes-2025.pdf
"October 21, 2025",2025,DCP-ZDR-2023-00605,DCP-ZDR,,False,,approve, CARRIED,0,"1. DCP-ZDR-2023-00605, 177 Bakery Sq. Blvd, Bakery Square Television Screen, East Liberty",https://www.pittsburghpa.gov/files/assets/city/v/1/dcp/documents/planning-commission/minutes-2020-21-22-23-24-25untilnov/approved-planning-commission-minutes-2025.pdf
"November 18, 2025",2025,DCP-MPZC-2025-00195|DCP-MPZC-2025-00230,DCP-MPZC,site_plan,False,,approve, CARRIED,0,Life DCP-MPZC-2025-00195 (Council Bill 2025-1993) – Hazelwood,https://www.pittsburghpa.gov/files/assets/city/v/1/dcp/documents/planning-commission/minutes-2020-21-22-23-24-25untilnov/approved-planning-commission-minutes-2025.pdf
"November 18, 2025",2025,DCP-MPZC-2025-00230,DCP-MPZC,text_amendment,False,,recommend_approval_to_council, CARRIED,0,"2. DCP-MPZC-2025-00230 (Council Bill 2024-0959), Zoning Text Amendment for signs in the North Shore Entertainment District, North Shore",https://www.pittsburghpa.gov/files/assets/city/v/1/dcp/documents/planning-commission/minutes-2020-21-22-23-24-25untilnov/approved-planning-commission-minutes-2025.pdf
"November 18, 2025",2025,DCP-MPZC-2025-00195,DCP-MPZC,map_amendment,False,,recommend_approval_to_council, CARRIED,2,"3. DCP-MPZC-2025-00195 (Council Bill 2025-1993), (Continued from September 23, 2025, and October 7, 2025), Zoning Map Amendment for the Hazelwood RIV-GI District, Hazelwood",https://www.pittsburghpa.gov/files/assets/city/v/1/dcp/documents/planning-commission/minutes-2020-21-22-23-24-25untilnov/approved-planning-commission-minutes-2025.pdf
