zon_base,typology,relief_type,housing_scope,n,approved,denied,split,approval_rate,small_n_flag
ALL,ALL,ALL,ALL,470,400,52,18,0.851,
ALL,ALL,aapp_parking,ALL,10,10,0,0,1.0,
ALL,ALL,dimensional_variance,ALL,319,259,46,14,0.812,
ALL,ALL,nonconforming_review,ALL,41,40,0,1,0.976,
ALL,ALL,special_exception,ALL,131,122,3,6,0.931,
ALL,ALL,unspecified,ALL,6,4,0,2,0.667,yes
ALL,ALL,use_variance,ALL,58,45,8,5,0.776,
ALL,assisted_living/personal_care,ALL,ALL,1,1,0,0,1.0,yes
ALL,assisted_living/personal_care,special_exception,ALL,1,1,0,0,1.0,yes
ALL,assisted_living/personal_care,use_variance,ALL,1,1,0,0,1.0,yes
ALL,multi_unit,ALL,ALL,36,28,6,2,0.778,
ALL,multi_unit,aapp_parking,ALL,2,2,0,0,1.0,yes
ALL,multi_unit,dimensional_variance,ALL,22,16,4,2,0.727,
ALL,multi_unit,nonconforming_review,ALL,2,2,0,0,1.0,yes
ALL,multi_unit,special_exception,ALL,17,14,1,2,0.824,
ALL,multi_unit,use_variance,ALL,5,3,2,0,0.6,yes
ALL,non_residential,ALL,ALL,211,184,18,9,0.872,
ALL,non_residential,aapp_parking,ALL,8,8,0,0,1.0,yes
ALL,non_residential,dimensional_variance,ALL,127,104,17,6,0.819,
ALL,non_residential,nonconforming_review,ALL,9,8,0,1,0.889,yes
ALL,non_residential,special_exception,ALL,91,87,2,2,0.956,
ALL,non_residential,unspecified,ALL,5,4,0,1,0.8,yes
ALL,non_residential,use_variance,ALL,28,23,2,3,0.821,
ALL,other_residential,ALL,ALL,41,34,5,2,0.829,
ALL,other_residential,dimensional_variance,ALL,34,29,4,1,0.853,
ALL,other_residential,nonconforming_review,ALL,1,1,0,0,1.0,yes
ALL,other_residential,special_exception,ALL,7,7,0,0,1.0,yes
ALL,other_residential,unspecified,ALL,1,0,0,1,0.0,yes
ALL,other_residential,use_variance,ALL,2,0,1,1,0.0,yes
ALL,senior/elderly,ALL,ALL,4,4,0,0,1.0,yes
ALL,senior/elderly,dimensional_variance,ALL,3,3,0,0,1.0,yes
ALL,senior/elderly,nonconforming_review,ALL,1,1,0,0,1.0,yes
ALL,senior/elderly,special_exception,ALL,2,2,0,0,1.0,yes
ALL,senior/elderly,use_variance,ALL,2,2,0,0,1.0,yes
ALL,single_attached,ALL,ALL,16,15,1,0,0.938,
ALL,single_attached,dimensional_variance,ALL,13,12,1,0,0.923,
ALL,single_attached,special_exception,ALL,1,1,0,0,1.0,yes
ALL,single_attached,use_variance,ALL,7,7,0,0,1.0,yes
ALL,single_detached,ALL,ALL,98,77,17,4,0.786,
ALL,single_detached,dimensional_variance,ALL,96,75,17,4,0.781,
ALL,single_detached,special_exception,ALL,2,0,0,2,0.0,yes
ALL,single_detached,use_variance,ALL,4,4,0,0,1.0,yes
ALL,three_unit,ALL,ALL,11,10,1,0,0.909,
ALL,three_unit,dimensional_variance,ALL,4,3,1,0,0.75,yes
ALL,three_unit,nonconforming_review,ALL,5,5,0,0,1.0,yes
ALL,three_unit,special_exception,ALL,4,4,0,0,1.0,yes
ALL,three_unit,use_variance,ALL,1,0,1,0,0.0,yes
ALL,two_unit,ALL,ALL,52,47,4,1,0.904,
ALL,two_unit,dimensional_variance,ALL,20,17,2,1,0.85,
ALL,two_unit,nonconforming_review,ALL,23,23,0,0,1.0,
ALL,two_unit,special_exception,ALL,6,6,0,0,1.0,yes
ALL,two_unit,use_variance,ALL,8,5,2,1,0.625,yes
ALL,ALL,ALL,housing_units,131,113,13,5,0.863,
ALL,ALL,aapp_parking,housing_units,1,1,0,0,1.0,yes
ALL,ALL,dimensional_variance,housing_units,69,56,8,5,0.812,
ALL,ALL,nonconforming_review,housing_units,30,30,0,0,1.0,
ALL,ALL,special_exception,housing_units,30,27,1,2,0.9,
ALL,ALL,use_variance,housing_units,30,22,6,2,0.733,
ALL,assisted_living/personal_care,ALL,housing_units,1,1,0,0,1.0,yes
ALL,assisted_living/personal_care,special_exception,housing_units,1,1,0,0,1.0,yes
ALL,assisted_living/personal_care,use_variance,housing_units,1,1,0,0,1.0,yes
ALL,multi_unit,ALL,housing_units,31,24,5,2,0.774,
ALL,multi_unit,aapp_parking,housing_units,1,1,0,0,1.0,yes
ALL,multi_unit,dimensional_variance,housing_units,17,12,3,2,0.706,
ALL,multi_unit,nonconforming_review,housing_units,2,2,0,0,1.0,yes
ALL,multi_unit,special_exception,housing_units,16,13,1,2,0.812,
ALL,multi_unit,use_variance,housing_units,5,3,2,0,0.6,yes
ALL,other_residential,ALL,housing_units,4,2,1,1,0.5,yes
ALL,other_residential,dimensional_variance,housing_units,2,1,0,1,0.5,yes
ALL,other_residential,special_exception,housing_units,1,1,0,0,1.0,yes
ALL,other_residential,use_variance,housing_units,2,0,1,1,0.0,yes
ALL,senior/elderly,ALL,housing_units,3,3,0,0,1.0,yes
ALL,senior/elderly,dimensional_variance,housing_units,2,2,0,0,1.0,yes
ALL,senior/elderly,special_exception,housing_units,2,2,0,0,1.0,yes
ALL,senior/elderly,use_variance,housing_units,2,2,0,0,1.0,yes
ALL,single_attached,ALL,housing_units,14,13,1,0,0.929,
ALL,single_attached,dimensional_variance,housing_units,11,10,1,0,0.909,
ALL,single_attached,special_exception,housing_units,1,1,0,0,1.0,yes
ALL,single_attached,use_variance,housing_units,7,7,0,0,1.0,yes
ALL,single_detached,ALL,housing_units,21,18,2,1,0.857,
ALL,single_detached,dimensional_variance,housing_units,19,16,2,1,0.842,
ALL,single_detached,use_variance,housing_units,4,4,0,0,1.0,yes
ALL,three_unit,ALL,housing_units,10,9,1,0,0.9,
ALL,three_unit,dimensional_variance,housing_units,3,2,1,0,0.667,yes
ALL,three_unit,nonconforming_review,housing_units,5,5,0,0,1.0,yes
ALL,three_unit,special_exception,housing_units,3,3,0,0,1.0,yes
ALL,three_unit,use_variance,housing_units,1,0,1,0,0.0,yes
ALL,two_unit,ALL,housing_units,47,43,3,1,0.915,
ALL,two_unit,dimensional_variance,housing_units,15,13,1,1,0.867,
ALL,two_unit,nonconforming_review,housing_units,23,23,0,0,1.0,
ALL,two_unit,special_exception,housing_units,6,6,0,0,1.0,yes
ALL,two_unit,use_variance,housing_units,8,5,2,1,0.625,yes
ALL,ALL,ALL,non_housing,211,184,18,9,0.872,
ALL,ALL,aapp_parking,non_housing,8,8,0,0,1.0,yes
ALL,ALL,dimensional_variance,non_housing,127,104,17,6,0.819,
ALL,ALL,nonconforming_review,non_housing,9,8,0,1,0.889,yes
ALL,ALL,special_exception,non_housing,91,87,2,2,0.956,
ALL,ALL,unspecified,non_housing,5,4,0,1,0.8,yes
ALL,ALL,use_variance,non_housing,28,23,2,3,0.821,
ALL,non_residential,ALL,non_housing,211,184,18,9,0.872,
ALL,non_residential,aapp_parking,non_housing,8,8,0,0,1.0,yes
ALL,non_residential,dimensional_variance,non_housing,127,104,17,6,0.819,
ALL,non_residential,nonconforming_review,non_housing,9,8,0,1,0.889,yes
ALL,non_residential,special_exception,non_housing,91,87,2,2,0.956,
ALL,non_residential,unspecified,non_housing,5,4,0,1,0.8,yes
ALL,non_residential,use_variance,non_housing,28,23,2,3,0.821,
ALL,ALL,ALL,residential_accessory,128,103,21,4,0.805,
ALL,ALL,aapp_parking,residential_accessory,1,1,0,0,1.0,yes
ALL,ALL,dimensional_variance,residential_accessory,123,99,21,3,0.805,
ALL,ALL,nonconforming_review,residential_accessory,2,2,0,0,1.0,yes
ALL,ALL,special_exception,residential_accessory,10,8,0,2,0.8,
ALL,ALL,unspecified,residential_accessory,1,0,0,1,0.0,yes
ALL,multi_unit,ALL,residential_accessory,5,4,1,0,0.8,yes
ALL,multi_unit,aapp_parking,residential_accessory,1,1,0,0,1.0,yes
ALL,multi_unit,dimensional_variance,residential_accessory,5,4,1,0,0.8,yes
ALL,multi_unit,special_exception,residential_accessory,1,1,0,0,1.0,yes
ALL,other_residential,ALL,residential_accessory,37,32,4,1,0.865,
ALL,other_residential,dimensional_variance,residential_accessory,32,28,4,0,0.875,
ALL,other_residential,nonconforming_review,residential_accessory,1,1,0,0,1.0,yes
ALL,other_residential,special_exception,residential_accessory,6,6,0,0,1.0,yes
ALL,other_residential,unspecified,residential_accessory,1,0,0,1,0.0,yes
ALL,senior/elderly,ALL,residential_accessory,1,1,0,0,1.0,yes
ALL,senior/elderly,dimensional_variance,residential_accessory,1,1,0,0,1.0,yes
ALL,senior/elderly,nonconforming_review,residential_accessory,1,1,0,0,1.0,yes
ALL,single_attached,ALL,residential_accessory,2,2,0,0,1.0,yes
ALL,single_attached,dimensional_variance,residential_accessory,2,2,0,0,1.0,yes
ALL,single_detached,ALL,residential_accessory,77,59,15,3,0.766,
ALL,single_detached,dimensional_variance,residential_accessory,77,59,15,3,0.766,
ALL,single_detached,special_exception,residential_accessory,2,0,0,2,0.0,yes
ALL,three_unit,ALL,residential_accessory,1,1,0,0,1.0,yes
ALL,three_unit,dimensional_variance,residential_accessory,1,1,0,0,1.0,yes
ALL,three_unit,special_exception,residential_accessory,1,1,0,0,1.0,yes
ALL,two_unit,ALL,residential_accessory,5,4,1,0,0.8,yes
ALL,two_unit,dimensional_variance,residential_accessory,5,4,1,0,0.8,yes
CP,ALL,ALL,ALL,3,2,0,1,0.667,yes
CP,ALL,dimensional_variance,ALL,3,2,0,1,0.667,yes
CP,non_residential,ALL,ALL,3,2,0,1,0.667,yes
CP,non_residential,dimensional_variance,ALL,3,2,0,1,0.667,yes
CP,ALL,ALL,non_housing,3,2,0,1,0.667,yes
CP,ALL,dimensional_variance,non_housing,3,2,0,1,0.667,yes
CP,non_residential,ALL,non_housing,3,2,0,1,0.667,yes
CP,non_residential,dimensional_variance,non_housing,3,2,0,1,0.667,yes
EMI,ALL,ALL,ALL,13,11,1,1,0.846,
EMI,ALL,dimensional_variance,ALL,7,6,1,0,0.857,yes
EMI,ALL,special_exception,ALL,6,6,0,0,1.0,yes
EMI,ALL,unspecified,ALL,1,0,0,1,0.0,yes
EMI,non_residential,ALL,ALL,12,10,1,1,0.833,
EMI,non_residential,dimensional_variance,ALL,7,6,1,0,0.857,yes
EMI,non_residential,special_exception,ALL,5,5,0,0,1.0,yes
EMI,non_residential,unspecified,ALL,1,0,0,1,0.0,yes
EMI,other_residential,ALL,ALL,1,1,0,0,1.0,yes
EMI,other_residential,special_exception,ALL,1,1,0,0,1.0,yes
EMI,ALL,ALL,housing_units,1,1,0,0,1.0,yes
EMI,ALL,special_exception,housing_units,1,1,0,0,1.0,yes
EMI,other_residential,ALL,housing_units,1,1,0,0,1.0,yes
EMI,other_residential,special_exception,housing_units,1,1,0,0,1.0,yes
EMI,ALL,ALL,non_housing,12,10,1,1,0.833,
EMI,ALL,dimensional_variance,non_housing,7,6,1,0,0.857,yes
EMI,ALL,special_exception,non_housing,5,5,0,0,1.0,yes
EMI,ALL,unspecified,non_housing,1,0,0,1,0.0,yes
EMI,non_residential,ALL,non_housing,12,10,1,1,0.833,
EMI,non_residential,dimensional_variance,non_housing,7,6,1,0,0.857,yes
EMI,non_residential,special_exception,non_housing,5,5,0,0,1.0,yes
EMI,non_residential,unspecified,non_housing,1,0,0,1,0.0,yes
GI,ALL,ALL,ALL,2,2,0,0,1.0,yes
GI,ALL,dimensional_variance,ALL,1,1,0,0,1.0,yes
GI,ALL,use_variance,ALL,1,1,0,0,1.0,yes
GI,non_residential,ALL,ALL,1,1,0,0,1.0,yes
GI,non_residential,dimensional_variance,ALL,1,1,0,0,1.0,yes
GI,two_unit,ALL,ALL,1,1,0,0,1.0,yes
GI,two_unit,use_variance,ALL,1,1,0,0,1.0,yes
GI,ALL,ALL,housing_units,1,1,0,0,1.0,yes
GI,ALL,use_variance,housing_units,1,1,0,0,1.0,yes
GI,two_unit,ALL,housing_units,1,1,0,0,1.0,yes
GI,two_unit,use_variance,housing_units,1,1,0,0,1.0,yes
GI,ALL,ALL,non_housing,1,1,0,0,1.0,yes
GI,ALL,dimensional_variance,non_housing,1,1,0,0,1.0,yes
GI,non_residential,ALL,non_housing,1,1,0,0,1.0,yes
GI,non_residential,dimensional_variance,non_housing,1,1,0,0,1.0,yes
GT,ALL,ALL,ALL,6,4,2,0,0.667,yes
GT,ALL,dimensional_variance,ALL,5,3,2,0,0.6,yes
GT,ALL,use_variance,ALL,1,1,0,0,1.0,yes
GT,non_residential,ALL,ALL,5,3,2,0,0.6,yes
GT,non_residential,dimensional_variance,ALL,5,3,2,0,0.6,yes
GT,single_detached,ALL,ALL,1,1,0,0,1.0,yes
GT,single_detached,use_variance,ALL,1,1,0,0,1.0,yes
GT,ALL,ALL,housing_units,1,1,0,0,1.0,yes
GT,ALL,use_variance,housing_units,1,1,0,0,1.0,yes
GT,single_detached,ALL,housing_units,1,1,0,0,1.0,yes
GT,single_detached,use_variance,housing_units,1,1,0,0,1.0,yes
GT,ALL,ALL,non_housing,5,3,2,0,0.6,yes
GT,ALL,dimensional_variance,non_housing,5,3,2,0,0.6,yes
GT,non_residential,ALL,non_housing,5,3,2,0,0.6,yes
GT,non_residential,dimensional_variance,non_housing,5,3,2,0,0.6,yes
H,ALL,ALL,ALL,12,10,1,1,0.833,
H,ALL,dimensional_variance,ALL,5,5,0,0,1.0,yes
H,ALL,nonconforming_review,ALL,2,2,0,0,1.0,yes
H,ALL,special_exception,ALL,4,3,0,1,0.75,yes
H,ALL,use_variance,ALL,5,3,1,1,0.6,yes
H,non_residential,ALL,ALL,5,4,0,1,0.8,yes
H,non_residential,dimensional_variance,ALL,1,1,0,0,1.0,yes
H,non_residential,special_exception,ALL,3,2,0,1,0.667,yes
H,non_residential,use_variance,ALL,3,2,0,1,0.667,yes
H,single_attached,ALL,ALL,1,1,0,0,1.0,yes
H,single_attached,dimensional_variance,ALL,1,1,0,0,1.0,yes
H,single_attached,use_variance,ALL,1,1,0,0,1.0,yes
H,single_detached,ALL,ALL,2,2,0,0,1.0,yes
H,single_detached,dimensional_variance,ALL,2,2,0,0,1.0,yes
H,two_unit,ALL,ALL,4,3,1,0,0.75,yes
H,two_unit,dimensional_variance,ALL,1,1,0,0,1.0,yes
H,two_unit,nonconforming_review,ALL,2,2,0,0,1.0,yes
H,two_unit,special_exception,ALL,1,1,0,0,1.0,yes
H,two_unit,use_variance,ALL,1,0,1,0,0.0,yes
H,ALL,ALL,housing_units,5,4,1,0,0.8,yes
H,ALL,dimensional_variance,housing_units,2,2,0,0,1.0,yes
H,ALL,nonconforming_review,housing_units,2,2,0,0,1.0,yes
H,ALL,special_exception,housing_units,1,1,0,0,1.0,yes
H,ALL,use_variance,housing_units,2,1,1,0,0.5,yes
H,single_attached,ALL,housing_units,1,1,0,0,1.0,yes
H,single_attached,dimensional_variance,housing_units,1,1,0,0,1.0,yes
H,single_attached,use_variance,housing_units,1,1,0,0,1.0,yes
H,two_unit,ALL,housing_units,4,3,1,0,0.75,yes
H,two_unit,dimensional_variance,housing_units,1,1,0,0,1.0,yes
H,two_unit,nonconforming_review,housing_units,2,2,0,0,1.0,yes
H,two_unit,special_exception,housing_units,1,1,0,0,1.0,yes
H,two_unit,use_variance,housing_units,1,0,1,0,0.0,yes
H,ALL,ALL,non_housing,5,4,0,1,0.8,yes
H,ALL,dimensional_variance,non_housing,1,1,0,0,1.0,yes
H,ALL,special_exception,non_housing,3,2,0,1,0.667,yes
H,ALL,use_variance,non_housing,3,2,0,1,0.667,yes
H,non_residential,ALL,non_housing,5,4,0,1,0.8,yes
H,non_residential,dimensional_variance,non_housing,1,1,0,0,1.0,yes
H,non_residential,special_exception,non_housing,3,2,0,1,0.667,yes
H,non_residential,use_variance,non_housing,3,2,0,1,0.667,yes
H,ALL,ALL,residential_accessory,2,2,0,0,1.0,yes
H,ALL,dimensional_variance,residential_accessory,2,2,0,0,1.0,yes
H,single_detached,ALL,residential_accessory,2,2,0,0,1.0,yes
H,single_detached,dimensional_variance,residential_accessory,2,2,0,0,1.0,yes
HC,ALL,ALL,ALL,3,2,1,0,0.667,yes
HC,ALL,dimensional_variance,ALL,2,1,1,0,0.5,yes
HC,ALL,nonconforming_review,ALL,1,1,0,0,1.0,yes
HC,ALL,special_exception,ALL,1,1,0,0,1.0,yes
HC,multi_unit,ALL,ALL,1,1,0,0,1.0,yes
HC,multi_unit,nonconforming_review,ALL,1,1,0,0,1.0,yes
HC,non_residential,ALL,ALL,2,1,1,0,0.5,yes
HC,non_residential,dimensional_variance,ALL,2,1,1,0,0.5,yes
HC,non_residential,special_exception,ALL,1,1,0,0,1.0,yes
HC,ALL,ALL,housing_units,1,1,0,0,1.0,yes
HC,ALL,nonconforming_review,housing_units,1,1,0,0,1.0,yes
HC,multi_unit,ALL,housing_units,1,1,0,0,1.0,yes
HC,multi_unit,nonconforming_review,housing_units,1,1,0,0,1.0,yes
HC,ALL,ALL,non_housing,2,1,1,0,0.5,yes
HC,ALL,dimensional_variance,non_housing,2,1,1,0,0.5,yes
HC,ALL,special_exception,non_housing,1,1,0,0,1.0,yes
HC,non_residential,ALL,non_housing,2,1,1,0,0.5,yes
HC,non_residential,dimensional_variance,non_housing,2,1,1,0,0.5,yes
HC,non_residential,special_exception,non_housing,1,1,0,0,1.0,yes
LNC,ALL,ALL,ALL,49,45,3,1,0.918,
LNC,ALL,aapp_parking,ALL,1,1,0,0,1.0,yes
LNC,ALL,dimensional_variance,ALL,32,28,3,1,0.875,
LNC,ALL,nonconforming_review,ALL,1,1,0,0,1.0,yes
LNC,ALL,special_exception,ALL,21,20,0,1,0.952,
LNC,ALL,use_variance,ALL,6,6,0,0,1.0,yes
LNC,multi_unit,ALL,ALL,5,3,1,1,0.6,yes
LNC,multi_unit,dimensional_variance,ALL,5,3,1,1,0.6,yes
LNC,multi_unit,special_exception,ALL,2,1,0,1,0.5,yes
LNC,non_residential,ALL,ALL,38,36,2,0,0.947,
LNC,non_residential,aapp_parking,ALL,1,1,0,0,1.0,yes
LNC,non_residential,dimensional_variance,ALL,21,19,2,0,0.905,
LNC,non_residential,nonconforming_review,ALL,1,1,0,0,1.0,yes
LNC,non_residential,special_exception,ALL,18,18,0,0,1.0,
LNC,non_residential,use_variance,ALL,6,6,0,0,1.0,yes
LNC,other_residential,ALL,ALL,1,1,0,0,1.0,yes
LNC,other_residential,dimensional_variance,ALL,1,1,0,0,1.0,yes
LNC,single_detached,ALL,ALL,2,2,0,0,1.0,yes
LNC,single_detached,dimensional_variance,ALL,2,2,0,0,1.0,yes
LNC,three_unit,ALL,ALL,2,2,0,0,1.0,yes
LNC,three_unit,dimensional_variance,ALL,2,2,0,0,1.0,yes
LNC,three_unit,special_exception,ALL,1,1,0,0,1.0,yes
LNC,two_unit,ALL,ALL,1,1,0,0,1.0,yes
LNC,two_unit,dimensional_variance,ALL,1,1,0,0,1.0,yes
LNC,ALL,ALL,housing_units,5,3,1,1,0.6,yes
LNC,ALL,dimensional_variance,housing_units,5,3,1,1,0.6,yes
LNC,ALL,special_exception,housing_units,2,1,0,1,0.5,yes
LNC,multi_unit,ALL,housing_units,3,1,1,1,0.333,yes
LNC,multi_unit,dimensional_variance,housing_units,3,1,1,1,0.333,yes
LNC,multi_unit,special_exception,housing_units,1,0,0,1,0.0,yes
LNC,three_unit,ALL,housing_units,2,2,0,0,1.0,yes
LNC,three_unit,dimensional_variance,housing_units,2,2,0,0,1.0,yes
LNC,three_unit,special_exception,housing_units,1,1,0,0,1.0,yes
LNC,ALL,ALL,non_housing,38,36,2,0,0.947,
LNC,ALL,aapp_parking,non_housing,1,1,0,0,1.0,yes
LNC,ALL,dimensional_variance,non_housing,21,19,2,0,0.905,
LNC,ALL,nonconforming_review,non_housing,1,1,0,0,1.0,yes
LNC,ALL,special_exception,non_housing,18,18,0,0,1.0,
LNC,ALL,use_variance,non_housing,6,6,0,0,1.0,yes
LNC,non_residential,ALL,non_housing,38,36,2,0,0.947,
LNC,non_residential,aapp_parking,non_housing,1,1,0,0,1.0,yes
LNC,non_residential,dimensional_variance,non_housing,21,19,2,0,0.905,
LNC,non_residential,nonconforming_review,non_housing,1,1,0,0,1.0,yes
LNC,non_residential,special_exception,non_housing,18,18,0,0,1.0,
LNC,non_residential,use_variance,non_housing,6,6,0,0,1.0,yes
LNC,ALL,ALL,residential_accessory,6,6,0,0,1.0,yes
LNC,ALL,dimensional_variance,residential_accessory,6,6,0,0,1.0,yes
LNC,ALL,special_exception,residential_accessory,1,1,0,0,1.0,yes
LNC,multi_unit,ALL,residential_accessory,2,2,0,0,1.0,yes
LNC,multi_unit,dimensional_variance,residential_accessory,2,2,0,0,1.0,yes
LNC,multi_unit,special_exception,residential_accessory,1,1,0,0,1.0,yes
LNC,other_residential,ALL,residential_accessory,1,1,0,0,1.0,yes
LNC,other_residential,dimensional_variance,residential_accessory,1,1,0,0,1.0,yes
LNC,single_detached,ALL,residential_accessory,2,2,0,0,1.0,yes
LNC,single_detached,dimensional_variance,residential_accessory,2,2,0,0,1.0,yes
LNC,two_unit,ALL,residential_accessory,1,1,0,0,1.0,yes
LNC,two_unit,dimensional_variance,residential_accessory,1,1,0,0,1.0,yes
NDI,ALL,ALL,ALL,6,5,0,1,0.833,yes
NDI,ALL,dimensional_variance,ALL,3,3,0,0,1.0,yes
NDI,ALL,special_exception,ALL,2,1,0,1,0.5,yes
NDI,ALL,use_variance,ALL,3,2,0,1,0.667,yes
NDI,non_residential,ALL,ALL,6,5,0,1,0.833,yes
NDI,non_residential,dimensional_variance,ALL,3,3,0,0,1.0,yes
NDI,non_residential,special_exception,ALL,2,1,0,1,0.5,yes
NDI,non_residential,use_variance,ALL,3,2,0,1,0.667,yes
NDI,ALL,ALL,non_housing,6,5,0,1,0.833,yes
NDI,ALL,dimensional_variance,non_housing,3,3,0,0,1.0,yes
NDI,ALL,special_exception,non_housing,2,1,0,1,0.5,yes
NDI,ALL,use_variance,non_housing,3,2,0,1,0.667,yes
NDI,non_residential,ALL,non_housing,6,5,0,1,0.833,yes
NDI,non_residential,dimensional_variance,non_housing,3,3,0,0,1.0,yes
NDI,non_residential,special_exception,non_housing,2,1,0,1,0.5,yes
NDI,non_residential,use_variance,non_housing,3,2,0,1,0.667,yes
NDO,ALL,ALL,ALL,1,1,0,0,1.0,yes
NDO,ALL,dimensional_variance,ALL,1,1,0,0,1.0,yes
NDO,ALL,special_exception,ALL,1,1,0,0,1.0,yes
NDO,other_residential,ALL,ALL,1,1,0,0,1.0,yes
NDO,other_residential,dimensional_variance,ALL,1,1,0,0,1.0,yes
NDO,other_residential,special_exception,ALL,1,1,0,0,1.0,yes
NDO,ALL,ALL,residential_accessory,1,1,0,0,1.0,yes
NDO,ALL,dimensional_variance,residential_accessory,1,1,0,0,1.0,yes
NDO,ALL,special_exception,residential_accessory,1,1,0,0,1.0,yes
NDO,other_residential,ALL,residential_accessory,1,1,0,0,1.0,yes
NDO,other_residential,dimensional_variance,residential_accessory,1,1,0,0,1.0,yes
NDO,other_residential,special_exception,residential_accessory,1,1,0,0,1.0,yes
OPR,ALL,ALL,ALL,2,2,0,0,1.0,yes
OPR,ALL,dimensional_variance,ALL,1,1,0,0,1.0,yes
OPR,ALL,special_exception,ALL,2,2,0,0,1.0,yes
OPR,non_residential,ALL,ALL,2,2,0,0,1.0,yes
OPR,non_residential,dimensional_variance,ALL,1,1,0,0,1.0,yes
OPR,non_residential,special_exception,ALL,2,2,0,0,1.0,yes
OPR,ALL,ALL,non_housing,2,2,0,0,1.0,yes
OPR,ALL,dimensional_variance,non_housing,1,1,0,0,1.0,yes
OPR,ALL,special_exception,non_housing,2,2,0,0,1.0,yes
OPR,non_residential,ALL,non_housing,2,2,0,0,1.0,yes
OPR,non_residential,dimensional_variance,non_housing,1,1,0,0,1.0,yes
OPR,non_residential,special_exception,non_housing,2,2,0,0,1.0,yes
P,ALL,ALL,ALL,6,4,1,1,0.667,yes
P,ALL,dimensional_variance,ALL,5,3,1,1,0.6,yes
P,ALL,special_exception,ALL,2,2,0,0,1.0,yes
P,ALL,use_variance,ALL,2,1,1,0,0.5,yes
P,multi_unit,ALL,ALL,1,0,1,0,0.0,yes
P,multi_unit,dimensional_variance,ALL,1,0,1,0,0.0,yes
P,multi_unit,use_variance,ALL,1,0,1,0,0.0,yes
P,non_residential,ALL,ALL,2,2,0,0,1.0,yes
P,non_residential,dimensional_variance,ALL,2,2,0,0,1.0,yes
P,non_residential,special_exception,ALL,2,2,0,0,1.0,yes
P,senior/elderly,ALL,ALL,1,1,0,0,1.0,yes
P,senior/elderly,use_variance,ALL,1,1,0,0,1.0,yes
P,single_detached,ALL,ALL,2,1,0,1,0.5,yes
P,single_detached,dimensional_variance,ALL,2,1,0,1,0.5,yes
P,ALL,ALL,housing_units,2,1,1,0,0.5,yes
P,ALL,dimensional_variance,housing_units,1,0,1,0,0.0,yes
P,ALL,use_variance,housing_units,2,1,1,0,0.5,yes
P,multi_unit,ALL,housing_units,1,0,1,0,0.0,yes
P,multi_unit,dimensional_variance,housing_units,1,0,1,0,0.0,yes
P,multi_unit,use_variance,housing_units,1,0,1,0,0.0,yes
P,senior/elderly,ALL,housing_units,1,1,0,0,1.0,yes
P,senior/elderly,use_variance,housing_units,1,1,0,0,1.0,yes
P,ALL,ALL,non_housing,2,2,0,0,1.0,yes
P,ALL,dimensional_variance,non_housing,2,2,0,0,1.0,yes
P,ALL,special_exception,non_housing,2,2,0,0,1.0,yes
P,non_residential,ALL,non_housing,2,2,0,0,1.0,yes
P,non_residential,dimensional_variance,non_housing,2,2,0,0,1.0,yes
P,non_residential,special_exception,non_housing,2,2,0,0,1.0,yes
P,ALL,ALL,residential_accessory,2,1,0,1,0.5,yes
P,ALL,dimensional_variance,residential_accessory,2,1,0,1,0.5,yes
P,single_detached,ALL,residential_accessory,2,1,0,1,0.5,yes
P,single_detached,dimensional_variance,residential_accessory,2,1,0,1,0.5,yes
R-MU,ALL,ALL,ALL,2,0,2,0,0.0,yes
R-MU,ALL,dimensional_variance,ALL,2,0,2,0,0.0,yes
R-MU,multi_unit,ALL,ALL,2,0,2,0,0.0,yes
R-MU,multi_unit,dimensional_variance,ALL,2,0,2,0,0.0,yes
R-MU,ALL,ALL,housing_units,1,0,1,0,0.0,yes
R-MU,ALL,dimensional_variance,housing_units,1,0,1,0,0.0,yes
R-MU,multi_unit,ALL,housing_units,1,0,1,0,0.0,yes
R-MU,multi_unit,dimensional_variance,housing_units,1,0,1,0,0.0,yes
R-MU,ALL,ALL,residential_accessory,1,0,1,0,0.0,yes
R-MU,ALL,dimensional_variance,residential_accessory,1,0,1,0,0.0,yes
R-MU,multi_unit,ALL,residential_accessory,1,0,1,0,0.0,yes
R-MU,multi_unit,dimensional_variance,residential_accessory,1,0,1,0,0.0,yes
R1A,ALL,ALL,ALL,83,74,7,2,0.892,
R1A,ALL,aapp_parking,ALL,1,1,0,0,1.0,yes
R1A,ALL,dimensional_variance,ALL,43,37,5,1,0.86,
R1A,ALL,nonconforming_review,ALL,20,20,0,0,1.0,
R1A,ALL,special_exception,ALL,23,22,1,0,0.957,
R1A,ALL,unspecified,ALL,1,0,0,1,0.0,yes
R1A,ALL,use_variance,ALL,9,6,3,0,0.667,yes
R1A,multi_unit,ALL,ALL,5,4,1,0,0.8,yes
R1A,multi_unit,dimensional_variance,ALL,1,1,0,0,1.0,yes
R1A,multi_unit,nonconforming_review,ALL,1,1,0,0,1.0,yes
R1A,multi_unit,special_exception,ALL,3,3,0,0,1.0,yes
R1A,multi_unit,use_variance,ALL,2,1,1,0,0.5,yes
R1A,non_residential,ALL,ALL,19,18,1,0,0.947,
R1A,non_residential,aapp_parking,ALL,1,1,0,0,1.0,yes
R1A,non_residential,dimensional_variance,ALL,6,5,1,0,0.833,yes
R1A,non_residential,nonconforming_review,ALL,4,4,0,0,1.0,yes
R1A,non_residential,special_exception,ALL,14,13,1,0,0.929,
R1A,non_residential,use_variance,ALL,3,2,1,0,0.667,yes
R1A,other_residential,ALL,ALL,12,10,1,1,0.833,
R1A,other_residential,dimensional_variance,ALL,9,9,0,0,1.0,yes
R1A,other_residential,nonconforming_review,ALL,1,1,0,0,1.0,yes
R1A,other_residential,special_exception,ALL,1,1,0,0,1.0,yes
R1A,other_residential,unspecified,ALL,1,0,0,1,0.0,yes
R1A,other_residential,use_variance,ALL,1,0,1,0,0.0,yes
R1A,single_attached,ALL,ALL,3,3,0,0,1.0,yes
R1A,single_attached,dimensional_variance,ALL,3,3,0,0,1.0,yes
R1A,single_detached,ALL,ALL,21,16,4,1,0.762,
R1A,single_detached,dimensional_variance,ALL,21,16,4,1,0.762,
R1A,three_unit,ALL,ALL,4,4,0,0,1.0,yes
R1A,three_unit,nonconforming_review,ALL,3,3,0,0,1.0,yes
R1A,three_unit,special_exception,ALL,1,1,0,0,1.0,yes
R1A,two_unit,ALL,ALL,19,19,0,0,1.0,
R1A,two_unit,dimensional_variance,ALL,3,3,0,0,1.0,yes
R1A,two_unit,nonconforming_review,ALL,11,11,0,0,1.0,
R1A,two_unit,special_exception,ALL,4,4,0,0,1.0,yes
R1A,two_unit,use_variance,ALL,3,3,0,0,1.0,yes
R1A,ALL,ALL,housing_units,39,35,3,1,0.897,
R1A,ALL,dimensional_variance,housing_units,14,12,1,1,0.857,
R1A,ALL,nonconforming_review,housing_units,15,15,0,0,1.0,
R1A,ALL,special_exception,housing_units,8,8,0,0,1.0,yes
R1A,ALL,use_variance,housing_units,6,4,2,0,0.667,yes
R1A,multi_unit,ALL,housing_units,5,4,1,0,0.8,yes
R1A,multi_unit,dimensional_variance,housing_units,1,1,0,0,1.0,yes
R1A,multi_unit,nonconforming_review,housing_units,1,1,0,0,1.0,yes
R1A,multi_unit,special_exception,housing_units,3,3,0,0,1.0,yes
R1A,multi_unit,use_variance,housing_units,2,1,1,0,0.5,yes
R1A,other_residential,ALL,housing_units,1,0,1,0,0.0,yes
R1A,other_residential,use_variance,housing_units,1,0,1,0,0.0,yes
R1A,single_attached,ALL,housing_units,3,3,0,0,1.0,yes
R1A,single_attached,dimensional_variance,housing_units,3,3,0,0,1.0,yes
R1A,single_detached,ALL,housing_units,7,5,1,1,0.714,yes
R1A,single_detached,dimensional_variance,housing_units,7,5,1,1,0.714,yes
R1A,three_unit,ALL,housing_units,4,4,0,0,1.0,yes
R1A,three_unit,nonconforming_review,housing_units,3,3,0,0,1.0,yes
R1A,three_unit,special_exception,housing_units,1,1,0,0,1.0,yes
R1A,two_unit,ALL,housing_units,19,19,0,0,1.0,
R1A,two_unit,dimensional_variance,housing_units,3,3,0,0,1.0,yes
R1A,two_unit,nonconforming_review,housing_units,11,11,0,0,1.0,
R1A,two_unit,special_exception,housing_units,4,4,0,0,1.0,yes
R1A,two_unit,use_variance,housing_units,3,3,0,0,1.0,yes
R1A,ALL,ALL,non_housing,19,18,1,0,0.947,
R1A,ALL,aapp_parking,non_housing,1,1,0,0,1.0,yes
R1A,ALL,dimensional_variance,non_housing,6,5,1,0,0.833,yes
R1A,ALL,nonconforming_review,non_housing,4,4,0,0,1.0,yes
R1A,ALL,special_exception,non_housing,14,13,1,0,0.929,
R1A,ALL,use_variance,non_housing,3,2,1,0,0.667,yes
R1A,non_residential,ALL,non_housing,19,18,1,0,0.947,
R1A,non_residential,aapp_parking,non_housing,1,1,0,0,1.0,yes
R1A,non_residential,dimensional_variance,non_housing,6,5,1,0,0.833,yes
R1A,non_residential,nonconforming_review,non_housing,4,4,0,0,1.0,yes
R1A,non_residential,special_exception,non_housing,14,13,1,0,0.929,
R1A,non_residential,use_variance,non_housing,3,2,1,0,0.667,yes
R1A,ALL,ALL,residential_accessory,25,21,3,1,0.84,
R1A,ALL,dimensional_variance,residential_accessory,23,20,3,0,0.87,
R1A,ALL,nonconforming_review,residential_accessory,1,1,0,0,1.0,yes
R1A,ALL,special_exception,residential_accessory,1,1,0,0,1.0,yes
R1A,ALL,unspecified,residential_accessory,1,0,0,1,0.0,yes
R1A,other_residential,ALL,residential_accessory,11,10,0,1,0.909,
R1A,other_residential,dimensional_variance,residential_accessory,9,9,0,0,1.0,yes
R1A,other_residential,nonconforming_review,residential_accessory,1,1,0,0,1.0,yes
R1A,other_residential,special_exception,residential_accessory,1,1,0,0,1.0,yes
R1A,other_residential,unspecified,residential_accessory,1,0,0,1,0.0,yes
R1A,single_detached,ALL,residential_accessory,14,11,3,0,0.786,
R1A,single_detached,dimensional_variance,residential_accessory,14,11,3,0,0.786,
R1D,ALL,ALL,ALL,101,87,11,3,0.861,
R1D,ALL,aapp_parking,ALL,2,2,0,0,1.0,yes
R1D,ALL,dimensional_variance,ALL,74,61,10,3,0.824,
R1D,ALL,nonconforming_review,ALL,12,12,0,0,1.0,
R1D,ALL,special_exception,ALL,22,20,0,2,0.909,
R1D,ALL,unspecified,ALL,1,1,0,0,1.0,yes
R1D,ALL,use_variance,ALL,11,9,1,1,0.818,
R1D,multi_unit,ALL,ALL,2,2,0,0,1.0,yes
R1D,multi_unit,aapp_parking,ALL,1,1,0,0,1.0,yes
R1D,multi_unit,dimensional_variance,ALL,1,1,0,0,1.0,yes
R1D,multi_unit,special_exception,ALL,2,2,0,0,1.0,yes
R1D,non_residential,ALL,ALL,19,18,1,0,0.947,
R1D,non_residential,aapp_parking,ALL,1,1,0,0,1.0,yes
R1D,non_residential,dimensional_variance,ALL,10,9,1,0,0.9,
R1D,non_residential,nonconforming_review,ALL,1,1,0,0,1.0,yes
R1D,non_residential,special_exception,ALL,12,12,0,0,1.0,
R1D,non_residential,unspecified,ALL,1,1,0,0,1.0,yes
R1D,non_residential,use_variance,ALL,3,3,0,0,1.0,yes
R1D,other_residential,ALL,ALL,11,10,1,0,0.909,
R1D,other_residential,dimensional_variance,ALL,9,8,1,0,0.889,yes
R1D,other_residential,special_exception,ALL,3,3,0,0,1.0,yes
R1D,senior/elderly,ALL,ALL,1,1,0,0,1.0,yes
R1D,senior/elderly,dimensional_variance,ALL,1,1,0,0,1.0,yes
R1D,senior/elderly,special_exception,ALL,1,1,0,0,1.0,yes
R1D,senior/elderly,use_variance,ALL,1,1,0,0,1.0,yes
R1D,single_attached,ALL,ALL,8,8,0,0,1.0,yes
R1D,single_attached,dimensional_variance,ALL,6,6,0,0,1.0,yes
R1D,single_attached,special_exception,ALL,1,1,0,0,1.0,yes
R1D,single_attached,use_variance,ALL,5,5,0,0,1.0,yes
R1D,single_detached,ALL,ALL,45,35,8,2,0.778,
R1D,single_detached,dimensional_variance,ALL,45,35,8,2,0.778,
R1D,single_detached,special_exception,ALL,2,0,0,2,0.0,yes
R1D,three_unit,ALL,ALL,3,3,0,0,1.0,yes
R1D,three_unit,nonconforming_review,ALL,2,2,0,0,1.0,yes
R1D,three_unit,special_exception,ALL,1,1,0,0,1.0,yes
R1D,two_unit,ALL,ALL,12,10,1,1,0.833,
R1D,two_unit,dimensional_variance,ALL,2,1,0,1,0.5,yes
R1D,two_unit,nonconforming_review,ALL,9,9,0,0,1.0,yes
R1D,two_unit,use_variance,ALL,2,0,1,1,0.0,yes
R1D,ALL,ALL,housing_units,25,23,1,1,0.92,
R1D,ALL,aapp_parking,housing_units,1,1,0,0,1.0,yes
R1D,ALL,dimensional_variance,housing_units,9,8,0,1,0.889,yes
R1D,ALL,nonconforming_review,housing_units,11,11,0,0,1.0,
R1D,ALL,special_exception,housing_units,5,5,0,0,1.0,yes
R1D,ALL,use_variance,housing_units,8,6,1,1,0.75,yes
R1D,multi_unit,ALL,housing_units,2,2,0,0,1.0,yes
R1D,multi_unit,aapp_parking,housing_units,1,1,0,0,1.0,yes
R1D,multi_unit,dimensional_variance,housing_units,1,1,0,0,1.0,yes
R1D,multi_unit,special_exception,housing_units,2,2,0,0,1.0,yes
R1D,senior/elderly,ALL,housing_units,1,1,0,0,1.0,yes
R1D,senior/elderly,dimensional_variance,housing_units,1,1,0,0,1.0,yes
R1D,senior/elderly,special_exception,housing_units,1,1,0,0,1.0,yes
R1D,senior/elderly,use_variance,housing_units,1,1,0,0,1.0,yes
R1D,single_attached,ALL,housing_units,6,6,0,0,1.0,yes
R1D,single_attached,dimensional_variance,housing_units,4,4,0,0,1.0,yes
R1D,single_attached,special_exception,housing_units,1,1,0,0,1.0,yes
R1D,single_attached,use_variance,housing_units,5,5,0,0,1.0,yes
R1D,single_detached,ALL,housing_units,2,2,0,0,1.0,yes
R1D,single_detached,dimensional_variance,housing_units,2,2,0,0,1.0,yes
R1D,three_unit,ALL,housing_units,3,3,0,0,1.0,yes
R1D,three_unit,nonconforming_review,housing_units,2,2,0,0,1.0,yes
R1D,three_unit,special_exception,housing_units,1,1,0,0,1.0,yes
R1D,two_unit,ALL,housing_units,11,9,1,1,0.818,
R1D,two_unit,dimensional_variance,housing_units,1,0,0,1,0.0,yes
R1D,two_unit,nonconforming_review,housing_units,9,9,0,0,1.0,yes
R1D,two_unit,use_variance,housing_units,2,0,1,1,0.0,yes
R1D,ALL,ALL,non_housing,19,18,1,0,0.947,
R1D,ALL,aapp_parking,non_housing,1,1,0,0,1.0,yes
R1D,ALL,dimensional_variance,non_housing,10,9,1,0,0.9,
R1D,ALL,nonconforming_review,non_housing,1,1,0,0,1.0,yes
R1D,ALL,special_exception,non_housing,12,12,0,0,1.0,
R1D,ALL,unspecified,non_housing,1,1,0,0,1.0,yes
R1D,ALL,use_variance,non_housing,3,3,0,0,1.0,yes
R1D,non_residential,ALL,non_housing,19,18,1,0,0.947,
R1D,non_residential,aapp_parking,non_housing,1,1,0,0,1.0,yes
R1D,non_residential,dimensional_variance,non_housing,10,9,1,0,0.9,
R1D,non_residential,nonconforming_review,non_housing,1,1,0,0,1.0,yes
R1D,non_residential,special_exception,non_housing,12,12,0,0,1.0,
R1D,non_residential,unspecified,non_housing,1,1,0,0,1.0,yes
R1D,non_residential,use_variance,non_housing,3,3,0,0,1.0,yes
R1D,ALL,ALL,residential_accessory,57,46,9,2,0.807,
R1D,ALL,dimensional_variance,residential_accessory,55,44,9,2,0.8,
R1D,ALL,special_exception,residential_accessory,5,3,0,2,0.6,yes
R1D,other_residential,ALL,residential_accessory,11,10,1,0,0.909,
R1D,other_residential,dimensional_variance,residential_accessory,9,8,1,0,0.889,yes
R1D,other_residential,special_exception,residential_accessory,3,3,0,0,1.0,yes
R1D,single_attached,ALL,residential_accessory,2,2,0,0,1.0,yes
R1D,single_attached,dimensional_variance,residential_accessory,2,2,0,0,1.0,yes
R1D,single_detached,ALL,residential_accessory,43,33,8,2,0.767,
R1D,single_detached,dimensional_variance,residential_accessory,43,33,8,2,0.767,
R1D,single_detached,special_exception,residential_accessory,2,0,0,2,0.0,yes
R1D,two_unit,ALL,residential_accessory,1,1,0,0,1.0,yes
R1D,two_unit,dimensional_variance,residential_accessory,1,1,0,0,1.0,yes
R2,ALL,ALL,ALL,62,46,13,3,0.742,
R2,ALL,dimensional_variance,ALL,49,34,12,3,0.694,
R2,ALL,nonconforming_review,ALL,3,2,0,1,0.667,yes
R2,ALL,special_exception,ALL,12,11,1,0,0.917,
R2,ALL,use_variance,ALL,9,5,2,2,0.556,yes
R2,multi_unit,ALL,ALL,4,3,1,0,0.75,yes
R2,multi_unit,dimensional_variance,ALL,1,1,0,0,1.0,yes
R2,multi_unit,special_exception,ALL,2,1,1,0,0.5,yes
R2,multi_unit,use_variance,ALL,2,2,0,0,1.0,yes
R2,non_residential,ALL,ALL,17,14,1,2,0.824,
R2,non_residential,dimensional_variance,ALL,8,5,1,2,0.625,yes
R2,non_residential,nonconforming_review,ALL,2,1,0,1,0.5,yes
R2,non_residential,special_exception,ALL,8,8,0,0,1.0,yes
R2,non_residential,use_variance,ALL,5,3,1,1,0.6,yes
R2,other_residential,ALL,ALL,12,9,2,1,0.75,
R2,other_residential,dimensional_variance,ALL,11,8,2,1,0.727,
R2,other_residential,special_exception,ALL,1,1,0,0,1.0,yes
R2,other_residential,use_variance,ALL,1,0,0,1,0.0,yes
R2,senior/elderly,ALL,ALL,1,1,0,0,1.0,yes
R2,senior/elderly,dimensional_variance,ALL,1,1,0,0,1.0,yes
R2,senior/elderly,nonconforming_review,ALL,1,1,0,0,1.0,yes
R2,single_attached,ALL,ALL,2,1,1,0,0.5,yes
R2,single_attached,dimensional_variance,ALL,2,1,1,0,0.5,yes
R2,single_detached,ALL,ALL,18,13,5,0,0.722,
R2,single_detached,dimensional_variance,ALL,18,13,5,0,0.722,
R2,three_unit,ALL,ALL,2,1,1,0,0.5,yes
R2,three_unit,dimensional_variance,ALL,2,1,1,0,0.5,yes
R2,three_unit,special_exception,ALL,1,1,0,0,1.0,yes
R2,three_unit,use_variance,ALL,1,0,1,0,0.0,yes
R2,two_unit,ALL,ALL,6,4,2,0,0.667,yes
R2,two_unit,dimensional_variance,ALL,6,4,2,0,0.667,yes
R2,ALL,ALL,housing_units,18,12,5,1,0.667,
R2,ALL,dimensional_variance,housing_units,15,10,4,1,0.667,
R2,ALL,special_exception,housing_units,2,1,1,0,0.5,yes
R2,ALL,use_variance,housing_units,4,2,1,1,0.5,yes
R2,multi_unit,ALL,housing_units,4,3,1,0,0.75,yes
R2,multi_unit,dimensional_variance,housing_units,1,1,0,0,1.0,yes
R2,multi_unit,special_exception,housing_units,2,1,1,0,0.5,yes
R2,multi_unit,use_variance,housing_units,2,2,0,0,1.0,yes
R2,other_residential,ALL,housing_units,1,0,0,1,0.0,yes
R2,other_residential,dimensional_variance,housing_units,1,0,0,1,0.0,yes
R2,other_residential,use_variance,housing_units,1,0,0,1,0.0,yes
R2,single_attached,ALL,housing_units,2,1,1,0,0.5,yes
R2,single_attached,dimensional_variance,housing_units,2,1,1,0,0.5,yes
R2,single_detached,ALL,housing_units,6,5,1,0,0.833,yes
R2,single_detached,dimensional_variance,housing_units,6,5,1,0,0.833,yes
R2,three_unit,ALL,housing_units,1,0,1,0,0.0,yes
R2,three_unit,dimensional_variance,housing_units,1,0,1,0,0.0,yes
R2,three_unit,use_variance,housing_units,1,0,1,0,0.0,yes
R2,two_unit,ALL,housing_units,4,3,1,0,0.75,yes
R2,two_unit,dimensional_variance,housing_units,4,3,1,0,0.75,yes
R2,ALL,ALL,non_housing,17,14,1,2,0.824,
R2,ALL,dimensional_variance,non_housing,8,5,1,2,0.625,yes
R2,ALL,nonconforming_review,non_housing,2,1,0,1,0.5,yes
R2,ALL,special_exception,non_housing,8,8,0,0,1.0,yes
R2,ALL,use_variance,non_housing,5,3,1,1,0.6,yes
R2,non_residential,ALL,non_housing,17,14,1,2,0.824,
R2,non_residential,dimensional_variance,non_housing,8,5,1,2,0.625,yes
R2,non_residential,nonconforming_review,non_housing,2,1,0,1,0.5,yes
R2,non_residential,special_exception,non_housing,8,8,0,0,1.0,yes
R2,non_residential,use_variance,non_housing,5,3,1,1,0.6,yes
R2,ALL,ALL,residential_accessory,27,20,7,0,0.741,
R2,ALL,dimensional_variance,residential_accessory,26,19,7,0,0.731,
R2,ALL,nonconforming_review,residential_accessory,1,1,0,0,1.0,yes
R2,ALL,special_exception,residential_accessory,2,2,0,0,1.0,yes
R2,other_residential,ALL,residential_accessory,11,9,2,0,0.818,
R2,other_residential,dimensional_variance,residential_accessory,10,8,2,0,0.8,
R2,other_residential,special_exception,residential_accessory,1,1,0,0,1.0,yes
R2,senior/elderly,ALL,residential_accessory,1,1,0,0,1.0,yes
R2,senior/elderly,dimensional_variance,residential_accessory,1,1,0,0,1.0,yes
R2,senior/elderly,nonconforming_review,residential_accessory,1,1,0,0,1.0,yes
R2,single_detached,ALL,residential_accessory,12,8,4,0,0.667,
R2,single_detached,dimensional_variance,residential_accessory,12,8,4,0,0.667,
R2,three_unit,ALL,residential_accessory,1,1,0,0,1.0,yes
R2,three_unit,dimensional_variance,residential_accessory,1,1,0,0,1.0,yes
R2,three_unit,special_exception,residential_accessory,1,1,0,0,1.0,yes
R2,two_unit,ALL,residential_accessory,2,1,1,0,0.5,yes
R2,two_unit,dimensional_variance,residential_accessory,2,1,1,0,0.5,yes
RIV,ALL,ALL,ALL,29,27,2,0,0.931,
RIV,ALL,aapp_parking,ALL,3,3,0,0,1.0,yes
RIV,ALL,dimensional_variance,ALL,25,23,2,0,0.92,
RIV,ALL,special_exception,ALL,4,4,0,0,1.0,yes
RIV,ALL,use_variance,ALL,4,4,0,0,1.0,yes
RIV,multi_unit,ALL,ALL,2,2,0,0,1.0,yes
RIV,multi_unit,dimensional_variance,ALL,2,2,0,0,1.0,yes
RIV,non_residential,ALL,ALL,24,22,2,0,0.917,
RIV,non_residential,aapp_parking,ALL,3,3,0,0,1.0,yes
RIV,non_residential,dimensional_variance,ALL,21,19,2,0,0.905,
RIV,non_residential,special_exception,ALL,4,4,0,0,1.0,yes
RIV,non_residential,use_variance,ALL,2,2,0,0,1.0,yes
RIV,other_residential,ALL,ALL,1,1,0,0,1.0,yes
RIV,other_residential,dimensional_variance,ALL,1,1,0,0,1.0,yes
RIV,single_attached,ALL,ALL,1,1,0,0,1.0,yes
RIV,single_attached,use_variance,ALL,1,1,0,0,1.0,yes
RIV,single_detached,ALL,ALL,1,1,0,0,1.0,yes
RIV,single_detached,dimensional_variance,ALL,1,1,0,0,1.0,yes
RIV,single_detached,use_variance,ALL,1,1,0,0,1.0,yes
RIV,ALL,ALL,housing_units,5,5,0,0,1.0,yes
RIV,ALL,dimensional_variance,housing_units,4,4,0,0,1.0,yes
RIV,ALL,use_variance,housing_units,2,2,0,0,1.0,yes
RIV,multi_unit,ALL,housing_units,2,2,0,0,1.0,yes
RIV,multi_unit,dimensional_variance,housing_units,2,2,0,0,1.0,yes
RIV,other_residential,ALL,housing_units,1,1,0,0,1.0,yes
RIV,other_residential,dimensional_variance,housing_units,1,1,0,0,1.0,yes
RIV,single_attached,ALL,housing_units,1,1,0,0,1.0,yes
RIV,single_attached,use_variance,housing_units,1,1,0,0,1.0,yes
RIV,single_detached,ALL,housing_units,1,1,0,0,1.0,yes
RIV,single_detached,dimensional_variance,housing_units,1,1,0,0,1.0,yes
RIV,single_detached,use_variance,housing_units,1,1,0,0,1.0,yes
RIV,ALL,ALL,non_housing,24,22,2,0,0.917,
RIV,ALL,aapp_parking,non_housing,3,3,0,0,1.0,yes
RIV,ALL,dimensional_variance,non_housing,21,19,2,0,0.905,
RIV,ALL,special_exception,non_housing,4,4,0,0,1.0,yes
RIV,ALL,use_variance,non_housing,2,2,0,0,1.0,yes
RIV,non_residential,ALL,non_housing,24,22,2,0,0.917,
RIV,non_residential,aapp_parking,non_housing,3,3,0,0,1.0,yes
RIV,non_residential,dimensional_variance,non_housing,21,19,2,0,0.905,
RIV,non_residential,special_exception,non_housing,4,4,0,0,1.0,yes
RIV,non_residential,use_variance,non_housing,2,2,0,0,1.0,yes
RM,ALL,ALL,ALL,31,30,1,0,0.968,
RM,ALL,aapp_parking,ALL,1,1,0,0,1.0,yes
RM,ALL,dimensional_variance,ALL,23,22,1,0,0.957,
RM,ALL,nonconforming_review,ALL,1,1,0,0,1.0,yes
RM,ALL,special_exception,ALL,11,11,0,0,1.0,
RM,ALL,use_variance,ALL,1,1,0,0,1.0,yes
RM,multi_unit,ALL,ALL,4,4,0,0,1.0,yes
RM,multi_unit,dimensional_variance,ALL,4,4,0,0,1.0,yes
RM,multi_unit,special_exception,ALL,1,1,0,0,1.0,yes
RM,non_residential,ALL,ALL,13,13,0,0,1.0,
RM,non_residential,aapp_parking,ALL,1,1,0,0,1.0,yes
RM,non_residential,dimensional_variance,ALL,5,5,0,0,1.0,yes
RM,non_residential,nonconforming_review,ALL,1,1,0,0,1.0,yes
RM,non_residential,special_exception,ALL,9,9,0,0,1.0,yes
RM,non_residential,use_variance,ALL,1,1,0,0,1.0,yes
RM,other_residential,ALL,ALL,2,1,1,0,0.5,yes
RM,other_residential,dimensional_variance,ALL,2,1,1,0,0.5,yes
RM,senior/elderly,ALL,ALL,1,1,0,0,1.0,yes
RM,senior/elderly,dimensional_variance,ALL,1,1,0,0,1.0,yes
RM,senior/elderly,special_exception,ALL,1,1,0,0,1.0,yes
RM,single_attached,ALL,ALL,1,1,0,0,1.0,yes
RM,single_attached,dimensional_variance,ALL,1,1,0,0,1.0,yes
RM,single_detached,ALL,ALL,4,4,0,0,1.0,yes
RM,single_detached,dimensional_variance,ALL,4,4,0,0,1.0,yes
RM,two_unit,ALL,ALL,6,6,0,0,1.0,yes
RM,two_unit,dimensional_variance,ALL,6,6,0,0,1.0,yes
RM,ALL,ALL,housing_units,12,12,0,0,1.0,
RM,ALL,dimensional_variance,housing_units,12,12,0,0,1.0,
RM,ALL,special_exception,housing_units,2,2,0,0,1.0,yes
RM,multi_unit,ALL,housing_units,3,3,0,0,1.0,yes
RM,multi_unit,dimensional_variance,housing_units,3,3,0,0,1.0,yes
RM,multi_unit,special_exception,housing_units,1,1,0,0,1.0,yes
RM,senior/elderly,ALL,housing_units,1,1,0,0,1.0,yes
RM,senior/elderly,dimensional_variance,housing_units,1,1,0,0,1.0,yes
RM,senior/elderly,special_exception,housing_units,1,1,0,0,1.0,yes
RM,single_attached,ALL,housing_units,1,1,0,0,1.0,yes
RM,single_attached,dimensional_variance,housing_units,1,1,0,0,1.0,yes
RM,single_detached,ALL,housing_units,2,2,0,0,1.0,yes
RM,single_detached,dimensional_variance,housing_units,2,2,0,0,1.0,yes
RM,two_unit,ALL,housing_units,5,5,0,0,1.0,yes
RM,two_unit,dimensional_variance,housing_units,5,5,0,0,1.0,yes
RM,ALL,ALL,non_housing,13,13,0,0,1.0,
RM,ALL,aapp_parking,non_housing,1,1,0,0,1.0,yes
RM,ALL,dimensional_variance,non_housing,5,5,0,0,1.0,yes
RM,ALL,nonconforming_review,non_housing,1,1,0,0,1.0,yes
RM,ALL,special_exception,non_housing,9,9,0,0,1.0,yes
RM,ALL,use_variance,non_housing,1,1,0,0,1.0,yes
RM,non_residential,ALL,non_housing,13,13,0,0,1.0,
RM,non_residential,aapp_parking,non_housing,1,1,0,0,1.0,yes
RM,non_residential,dimensional_variance,non_housing,5,5,0,0,1.0,yes
RM,non_residential,nonconforming_review,non_housing,1,1,0,0,1.0,yes
RM,non_residential,special_exception,non_housing,9,9,0,0,1.0,yes
RM,non_residential,use_variance,non_housing,1,1,0,0,1.0,yes
RM,ALL,ALL,residential_accessory,6,5,1,0,0.833,yes
RM,ALL,dimensional_variance,residential_accessory,6,5,1,0,0.833,yes
RM,multi_unit,ALL,residential_accessory,1,1,0,0,1.0,yes
RM,multi_unit,dimensional_variance,residential_accessory,1,1,0,0,1.0,yes
RM,other_residential,ALL,residential_accessory,2,1,1,0,0.5,yes
RM,other_residential,dimensional_variance,residential_accessory,2,1,1,0,0.5,yes
RM,single_detached,ALL,residential_accessory,2,2,0,0,1.0,yes
RM,single_detached,dimensional_variance,residential_accessory,2,2,0,0,1.0,yes
RM,two_unit,ALL,residential_accessory,1,1,0,0,1.0,yes
RM,two_unit,dimensional_variance,residential_accessory,1,1,0,0,1.0,yes
RP,ALL,ALL,ALL,1,1,0,0,1.0,yes
RP,ALL,special_exception,ALL,1,1,0,0,1.0,yes
RP,ALL,use_variance,ALL,1,1,0,0,1.0,yes
RP,assisted_living/personal_care,ALL,ALL,1,1,0,0,1.0,yes
RP,assisted_living/personal_care,special_exception,ALL,1,1,0,0,1.0,yes
RP,assisted_living/personal_care,use_variance,ALL,1,1,0,0,1.0,yes
RP,ALL,ALL,housing_units,1,1,0,0,1.0,yes
RP,ALL,special_exception,housing_units,1,1,0,0,1.0,yes
RP,ALL,use_variance,housing_units,1,1,0,0,1.0,yes
RP,assisted_living/personal_care,ALL,housing_units,1,1,0,0,1.0,yes
RP,assisted_living/personal_care,special_exception,housing_units,1,1,0,0,1.0,yes
RP,assisted_living/personal_care,use_variance,housing_units,1,1,0,0,1.0,yes
SP,ALL,ALL,ALL,12,10,2,0,0.833,
SP,ALL,dimensional_variance,ALL,8,6,2,0,0.75,yes
SP,ALL,special_exception,ALL,1,1,0,0,1.0,yes
SP,ALL,unspecified,ALL,3,3,0,0,1.0,yes
SP,ALL,use_variance,ALL,1,1,0,0,1.0,yes
SP,multi_unit,ALL,ALL,1,1,0,0,1.0,yes
SP,multi_unit,dimensional_variance,ALL,1,1,0,0,1.0,yes
SP,non_residential,ALL,ALL,11,9,2,0,0.818,
SP,non_residential,dimensional_variance,ALL,7,5,2,0,0.714,yes
SP,non_residential,special_exception,ALL,1,1,0,0,1.0,yes
SP,non_residential,unspecified,ALL,3,3,0,0,1.0,yes
SP,non_residential,use_variance,ALL,1,1,0,0,1.0,yes
SP,ALL,ALL,housing_units,1,1,0,0,1.0,yes
SP,ALL,dimensional_variance,housing_units,1,1,0,0,1.0,yes
SP,multi_unit,ALL,housing_units,1,1,0,0,1.0,yes
SP,multi_unit,dimensional_variance,housing_units,1,1,0,0,1.0,yes
SP,ALL,ALL,non_housing,11,9,2,0,0.818,
SP,ALL,dimensional_variance,non_housing,7,5,2,0,0.714,yes
SP,ALL,special_exception,non_housing,1,1,0,0,1.0,yes
SP,ALL,unspecified,non_housing,3,3,0,0,1.0,yes
SP,ALL,use_variance,non_housing,1,1,0,0,1.0,yes
SP,non_residential,ALL,non_housing,11,9,2,0,0.818,
SP,non_residential,dimensional_variance,non_housing,7,5,2,0,0.714,yes
SP,non_residential,special_exception,non_housing,1,1,0,0,1.0,yes
SP,non_residential,unspecified,non_housing,3,3,0,0,1.0,yes
SP,non_residential,use_variance,non_housing,1,1,0,0,1.0,yes
UC,ALL,ALL,ALL,4,3,0,1,0.75,yes
UC,ALL,dimensional_variance,ALL,4,3,0,1,0.75,yes
UC,ALL,use_variance,ALL,1,1,0,0,1.0,yes
UC,non_residential,ALL,ALL,4,3,0,1,0.75,yes
UC,non_residential,dimensional_variance,ALL,4,3,0,1,0.75,yes
UC,non_residential,use_variance,ALL,1,1,0,0,1.0,yes
UC,ALL,ALL,non_housing,4,3,0,1,0.75,yes
UC,ALL,dimensional_variance,non_housing,4,3,0,1,0.75,yes
UC,ALL,use_variance,non_housing,1,1,0,0,1.0,yes
UC,non_residential,ALL,non_housing,4,3,0,1,0.75,yes
UC,non_residential,dimensional_variance,non_housing,4,3,0,1,0.75,yes
UC,non_residential,use_variance,non_housing,1,1,0,0,1.0,yes
UI,ALL,ALL,ALL,23,20,2,1,0.87,
UI,ALL,aapp_parking,ALL,2,2,0,0,1.0,yes
UI,ALL,dimensional_variance,ALL,12,10,1,1,0.833,
UI,ALL,nonconforming_review,ALL,1,1,0,0,1.0,yes
UI,ALL,special_exception,ALL,10,8,1,1,0.8,
UI,ALL,use_variance,ALL,3,3,0,0,1.0,yes
UI,multi_unit,ALL,ALL,7,6,0,1,0.857,yes
UI,multi_unit,aapp_parking,ALL,1,1,0,0,1.0,yes
UI,multi_unit,dimensional_variance,ALL,2,1,0,1,0.5,yes
UI,multi_unit,special_exception,ALL,6,5,0,1,0.833,yes
UI,non_residential,ALL,ALL,11,9,2,0,0.818,
UI,non_residential,aapp_parking,ALL,1,1,0,0,1.0,yes
UI,non_residential,dimensional_variance,ALL,8,7,1,0,0.875,yes
UI,non_residential,special_exception,ALL,3,2,1,0,0.667,yes
UI,single_detached,ALL,ALL,2,2,0,0,1.0,yes
UI,single_detached,dimensional_variance,ALL,1,1,0,0,1.0,yes
UI,single_detached,use_variance,ALL,2,2,0,0,1.0,yes
UI,two_unit,ALL,ALL,3,3,0,0,1.0,yes
UI,two_unit,dimensional_variance,ALL,1,1,0,0,1.0,yes
UI,two_unit,nonconforming_review,ALL,1,1,0,0,1.0,yes
UI,two_unit,special_exception,ALL,1,1,0,0,1.0,yes
UI,two_unit,use_variance,ALL,1,1,0,0,1.0,yes
UI,ALL,ALL,housing_units,11,10,0,1,0.909,
UI,ALL,dimensional_variance,housing_units,3,2,0,1,0.667,yes
UI,ALL,nonconforming_review,housing_units,1,1,0,0,1.0,yes
UI,ALL,special_exception,housing_units,7,6,0,1,0.857,yes
UI,ALL,use_variance,housing_units,3,3,0,0,1.0,yes
UI,multi_unit,ALL,housing_units,6,5,0,1,0.833,yes
UI,multi_unit,dimensional_variance,housing_units,1,0,0,1,0.0,yes
UI,multi_unit,special_exception,housing_units,6,5,0,1,0.833,yes
UI,single_detached,ALL,housing_units,2,2,0,0,1.0,yes
UI,single_detached,dimensional_variance,housing_units,1,1,0,0,1.0,yes
UI,single_detached,use_variance,housing_units,2,2,0,0,1.0,yes
UI,two_unit,ALL,housing_units,3,3,0,0,1.0,yes
UI,two_unit,dimensional_variance,housing_units,1,1,0,0,1.0,yes
UI,two_unit,nonconforming_review,housing_units,1,1,0,0,1.0,yes
UI,two_unit,special_exception,housing_units,1,1,0,0,1.0,yes
UI,two_unit,use_variance,housing_units,1,1,0,0,1.0,yes
UI,ALL,ALL,non_housing,11,9,2,0,0.818,
UI,ALL,aapp_parking,non_housing,1,1,0,0,1.0,yes
UI,ALL,dimensional_variance,non_housing,8,7,1,0,0.875,yes
UI,ALL,special_exception,non_housing,3,2,1,0,0.667,yes
UI,non_residential,ALL,non_housing,11,9,2,0,0.818,
UI,non_residential,aapp_parking,non_housing,1,1,0,0,1.0,yes
UI,non_residential,dimensional_variance,non_housing,8,7,1,0,0.875,yes
UI,non_residential,special_exception,non_housing,3,2,1,0,0.667,yes
UI,ALL,ALL,residential_accessory,1,1,0,0,1.0,yes
UI,ALL,aapp_parking,residential_accessory,1,1,0,0,1.0,yes
UI,ALL,dimensional_variance,residential_accessory,1,1,0,0,1.0,yes
UI,multi_unit,ALL,residential_accessory,1,1,0,0,1.0,yes
UI,multi_unit,aapp_parking,residential_accessory,1,1,0,0,1.0,yes
UI,multi_unit,dimensional_variance,residential_accessory,1,1,0,0,1.0,yes
UNC,ALL,ALL,ALL,17,12,3,2,0.706,
UNC,ALL,dimensional_variance,ALL,12,7,3,2,0.583,
UNC,ALL,special_exception,ALL,8,8,0,0,1.0,yes
UNC,multi_unit,ALL,ALL,1,1,0,0,1.0,yes
UNC,multi_unit,dimensional_variance,ALL,1,1,0,0,1.0,yes
UNC,multi_unit,special_exception,ALL,1,1,0,0,1.0,yes
UNC,non_residential,ALL,ALL,16,11,3,2,0.688,
UNC,non_residential,dimensional_variance,ALL,11,6,3,2,0.545,
UNC,non_residential,special_exception,ALL,7,7,0,0,1.0,yes
UNC,ALL,ALL,housing_units,1,1,0,0,1.0,yes
UNC,ALL,dimensional_variance,housing_units,1,1,0,0,1.0,yes
UNC,ALL,special_exception,housing_units,1,1,0,0,1.0,yes
UNC,multi_unit,ALL,housing_units,1,1,0,0,1.0,yes
UNC,multi_unit,dimensional_variance,housing_units,1,1,0,0,1.0,yes
UNC,multi_unit,special_exception,housing_units,1,1,0,0,1.0,yes
UNC,ALL,ALL,non_housing,16,11,3,2,0.688,
UNC,ALL,dimensional_variance,non_housing,11,6,3,2,0.545,
UNC,ALL,special_exception,non_housing,7,7,0,0,1.0,yes
UNC,non_residential,ALL,non_housing,16,11,3,2,0.688,
UNC,non_residential,dimensional_variance,non_housing,11,6,3,2,0.545,
UNC,non_residential,special_exception,non_housing,7,7,0,0,1.0,yes
UPR,ALL,ALL,ALL,2,2,0,0,1.0,yes
UPR,ALL,dimensional_variance,ALL,2,2,0,0,1.0,yes
UPR,multi_unit,ALL,ALL,1,1,0,0,1.0,yes
UPR,multi_unit,dimensional_variance,ALL,1,1,0,0,1.0,yes
UPR,non_residential,ALL,ALL,1,1,0,0,1.0,yes
UPR,non_residential,dimensional_variance,ALL,1,1,0,0,1.0,yes
UPR,ALL,ALL,housing_units,1,1,0,0,1.0,yes
UPR,ALL,dimensional_variance,housing_units,1,1,0,0,1.0,yes
UPR,multi_unit,ALL,housing_units,1,1,0,0,1.0,yes
UPR,multi_unit,dimensional_variance,housing_units,1,1,0,0,1.0,yes
UPR,ALL,ALL,non_housing,1,1,0,0,1.0,yes
UPR,ALL,dimensional_variance,non_housing,1,1,0,0,1.0,yes
UPR,non_residential,ALL,non_housing,1,1,0,0,1.0,yes
UPR,non_residential,dimensional_variance,non_housing,1,1,0,0,1.0,yes
