pf_id,facility,year,lat,lon,criteria_tpy,pm25_total_tpy,hap_tpy,ghg_tpy,caveat
737439,U. S. Steel - Clairton Plant,2021,40.305088,-79.876911,8858.947,676.617,234.114,775262.358,"ACHD point-source inventory, most recent reported year (<=2021); current flag is as of the dataset, not today."
737442,NRG - Cheswick Power Station,2021,40.538261,-79.790391,3056.913,88.807,4.767,1560740.119,"ACHD point-source inventory, most recent reported year (<=2021); current flag is as of the dataset, not today. NRG Cheswick coal plant believed retired in 2022 (unverified)."
737436,U. S. Steel - Edgar Thomson Plant,2021,40.393563,-79.857741,2817.388,112.776,34.611,4233701.74,"ACHD point-source inventory, most recent reported year (<=2021); current flag is as of the dataset, not today."
737318,U. S. Steel - Irvin Plant,2021,40.333834,-79.90195,1014.364,46.123,30.057,380608.935,"ACHD point-source inventory, most recent reported year (<=2021); current flag is as of the dataset, not today."
737434,ATI Flat Rolled Products Holdings LLC Brackenridge,2021,40.60852,-79.72701,514.886,29.386,1.36,122670.434,"ACHD point-source inventory, most recent reported year (<=2021); current flag is as of the dataset, not today."
737364,Springdale Energy Supply,2021,40.54417,-79.76722,403.25,62.83,1.81,1482807.49,"ACHD point-source inventory, most recent reported year (<=2021); current flag is as of the dataset, not today."
737248,Universal Stainless & Alloy Products,2021,40.365268,-80.097299,217.076,9.26,0.82,39919.703,"ACHD point-source inventory, most recent reported year (<=2021); current flag is as of the dataset, not today."
737332,Synthomer Adhesive Technologies,2021,40.266316,-79.90245,190.696,2.943,31.887,36839.279,"ACHD point-source inventory, most recent reported year (<=2021); current flag is as of the dataset, not today."
737336,Allied Waste Systems of Pennsylvania,2021,40.4475,-80.27472,124.18,17.484,5.505,76477.7,"ACHD point-source inventory, most recent reported year (<=2021); current flag is as of the dataset, not today."
737251,Neville Chemical Company,2021,40.503449,-80.099378,93.646,1.111,4.188,16031.2,"ACHD point-source inventory, most recent reported year (<=2021); current flag is as of the dataset, not today."
737259,Libertas Copper LLC - Leetsdale,2021,40.57333,-80.22278,86.728,15.147,1.342,24990.739,"ACHD point-source inventory, most recent reported year (<=2021); current flag is as of the dataset, not today."
737348,People's Natural Gas Creighton Station,2021,40.583588,-79.775427,70.469,3.173,2.813,7881.583,"ACHD point-source inventory, most recent reported year (<=2021); current flag is as of the dataset, not today."
737357,Energy Center Pittsburgh LLC,2021,40.449792,-80.006471,70.288,0.243,0.622,39326.545,"ACHD point-source inventory, most recent reported year (<=2021); current flag is as of the dataset, not today."
737314,"PPG Industries, Inc. - Springdale Industrial Coatings Plant",2021,40.536826,-79.785659,65.439,4.099,17.025,12239.254,"ACHD point-source inventory, most recent reported year (<=2021); current flag is as of the dataset, not today."
737446,Bellefield Boiler Plant,2021,40.442127,-79.94913,63.474,4.007,0.949,61456.524,"ACHD point-source inventory, most recent reported year (<=2021); current flag is as of the dataset, not today."
737294,Lindy Paving - Second Avenue Plant,2021,40.435127,-79.972052,62.736,2.011,1.614,12200.617,"ACHD point-source inventory, most recent reported year (<=2021); current flag is as of the dataset, not today."
744880,Matthews International - Bronze Division,2021,40.411101,-80.011407,56.361,12.681,4.546,934.012,"ACHD point-source inventory, most recent reported year (<=2021); current flag is as of the dataset, not today."
999999,Cordia/Gibbon Uptown Campus,2021,40.43922381,-79.98727641,55.603,1.48,0.317,37580.213,"ACHD point-source inventory, most recent reported year (<=2021); current flag is as of the dataset, not today."
737356,Gottlieb Inc.,2021,40.511363,-80.131669,53.091,0.437,0.123,2275.047,"ACHD point-source inventory, most recent reported year (<=2021); current flag is as of the dataset, not today."
737293,Galvtech,2021,40.389788,-79.931697,53.021,2.117,0.397,25250.792,"ACHD point-source inventory, most recent reported year (<=2021); current flag is as of the dataset, not today."
737316,Lindy Paving Asphalt Plant,2021,40.494157,-80.073618,52.961,2.864,1.405,10631.777,"ACHD point-source inventory, most recent reported year (<=2021); current flag is as of the dataset, not today."
737247,Eurovia,2021,40.37333,-80.11417,45.929,4.125,0.0,0.0,"ACHD point-source inventory, most recent reported year (<=2021); current flag is as of the dataset, not today."
737323,Glen-Gery,2021,40.556502,-79.840242,44.359,19.255,0.952,11796.09,"ACHD point-source inventory, most recent reported year (<=2021); current flag is as of the dataset, not today."
737433,NRG - Brunot Island Power Station,2021,40.46472,-80.04472,40.343,5.201,0.0,19230.397,"ACHD point-source inventory, most recent reported year (<=2021); current flag is as of the dataset, not today."
737292,Allegheny County Airport Authority/Pittsburgh International Airport,2021,40.49807,-80.23415,40.032,2.455,3.706,10432.455,"ACHD point-source inventory, most recent reported year (<=2021); current flag is as of the dataset, not today."
737280,USA Waste - Monroeville Landfill Chambers,2021,40.4075,-79.79444,36.336,9.383,5.978,55262.312,"ACHD point-source inventory, most recent reported year (<=2021); current flag is as of the dataset, not today."
737396,Tube City IMS at US Steel ET,2021,40.39361,-79.84889,34.444,3.112,11.14,0.0,"ACHD point-source inventory, most recent reported year (<=2021); current flag is as of the dataset, not today."
737288,LHT Coraopolis Terminal,2021,40.525101,-80.175696,33.95,0.019,1.936,157.935,"ACHD point-source inventory, most recent reported year (<=2021); current flag is as of the dataset, not today."
737382,Kelly Run Sanitation Landfill,2021,40.2475,-79.8863,30.844,3.62,1.377,23508.79,"ACHD point-source inventory, most recent reported year (<=2021); current flag is as of the dataset, not today."
737285,Buckeye Terminals (Indianola),2021,40.571774,-79.862776,28.161,0.0,0.528,0.0,"ACHD point-source inventory, most recent reported year (<=2021); current flag is as of the dataset, not today."
737375,Metaltech,2021,40.435136,-79.969818,27.956,1.16,0.238,15821.018,"ACHD point-source inventory, most recent reported year (<=2021); current flag is as of the dataset, not today."
737250,Basic Carbide Corporation,2021,40.2615,-79.7955,27.466,0.01,0.003,0.0,"ACHD point-source inventory, most recent reported year (<=2021); current flag is as of the dataset, not today."
759769,"Superior Appalachian Pipeline, LLC",2021,40.57768617,-79.81139356,26.554,3.0,1.215,20236.26,"ACHD point-source inventory, most recent reported year (<=2021); current flag is as of the dataset, not today."
743496,Metalico - Neville Island,2021,40.507494,-80.106933,26.226,7.868,0.0,19.965,"ACHD point-source inventory, most recent reported year (<=2021); current flag is as of the dataset, not today."
737291,INEOS Composites,2021,40.499237,-80.080953,26.147,2.082,8.137,14410.14,"ACHD point-source inventory, most recent reported year (<=2021); current flag is as of the dataset, not today."
737281,Buckeye Pipe Partners L.P (Coraopolis),2021,40.527059,-80.18045,24.289,0.004,0.0,0.0,"ACHD point-source inventory, most recent reported year (<=2021); current flag is as of the dataset, not today."
737320,LHT Neville Island Terminals,2021,40.502184,-80.095397,23.706,0.777,1.244,709.98,"ACHD point-source inventory, most recent reported year (<=2021); current flag is as of the dataset, not today."
757035,Gordon Terminals,2021,40.475,-80.05,22.958,0.728,0.0,0.192,"ACHD point-source inventory, most recent reported year (<=2021); current flag is as of the dataset, not today."
737438,McConway & Torley Corporation,2021,40.478496,-79.960486,22.941,1.766,1.085,6177.117,"ACHD point-source inventory, most recent reported year (<=2021); current flag is as of the dataset, not today."
737283,"Sun Refining and Marketing, Pittsburgh",2021,40.486583,-79.944484,22.742,0.006,0.551,0.0,"ACHD point-source inventory, most recent reported year (<=2021); current flag is as of the dataset, not today."
737249,University of Pittsburgh Main Campus,2020,40.44278,-79.95944,22.28,0.39,1.352,83227.06,"ACHD point-source inventory, most recent reported year (<=2021); current flag is as of the dataset, not today."
737380,Tube City IMS /Scrap Metal Processor,2021,40.35056,-79.95194,21.722,7.728,0.002,177.283,"ACHD point-source inventory, most recent reported year (<=2021); current flag is as of the dataset, not today."
737275,"Pittsburgh Allegheny County Thermal, LTD  (PACT)",2021,40.443302,-80.003668,21.41,0.101,0.424,28106.893,"ACHD point-source inventory, most recent reported year (<=2021); current flag is as of the dataset, not today."
737376,UPMC Children's Hospital of Pittsburgh,2021,40.466497,-79.953045,19.885,1.432,0.27,17251.418,"ACHD point-source inventory, most recent reported year (<=2021); current flag is as of the dataset, not today."
737383,Neville Terminals ( formerly Gulf Oil),2021,40.497245,-80.084347,19.238,0.0,0.886,0.0,"ACHD point-source inventory, most recent reported year (<=2021); current flag is as of the dataset, not today."
737440,Alcosan,2021,40.47556,-80.04333,18.934,0.664,4.587,0.007,"ACHD point-source inventory, most recent reported year (<=2021); current flag is as of the dataset, not today."
737371,"Standard Forged Products, LLC - McKees Rocks Forgings, Plant 112",2020,40.477536,-80.059008,18.43,1.78,0.23,14856.02,"ACHD point-source inventory, most recent reported year (<=2021); current flag is as of the dataset, not today."
767682,Magnus Products formerly Braddock Recovery,2021,40.39165,-79.852977,15.826,5.922,0.328,0.0,"ACHD point-source inventory, most recent reported year (<=2021); current flag is as of the dataset, not today."
737276,Liberty Polyglass  Pultrusions,2020,40.339539,-79.898455,13.88,0.1,12.44,0.33,"ACHD point-source inventory, most recent reported year (<=2021); current flag is as of the dataset, not today."
737260,Calgon Carbon Corporation,2021,40.492029,-80.078444,10.943,2.72,0.405,14216.05,"ACHD point-source inventory, most recent reported year (<=2021); current flag is as of the dataset, not today."
737353,American Airlines Pittsburgh Maintenance Base,2021,40.50389,-80.23417,10.834,0.126,0.614,0.0,"ACHD point-source inventory, most recent reported year (<=2021); current flag is as of the dataset, not today."
737324,Kopp Glass,2021,40.417936,-79.886043,7.254,0.064,0.054,126.562,"ACHD point-source inventory, most recent reported year (<=2021); current flag is as of the dataset, not today."
737267,Pressure Chemical Company,2021,40.463887,-79.968356,5.982,0.003,2.201,0.0,"ACHD point-source inventory, most recent reported year (<=2021); current flag is as of the dataset, not today."
737351,People's Natural Gas Dice Station,2021,40.460788,-79.705862,5.468,0.193,0.072,2454.274,"ACHD point-source inventory, most recent reported year (<=2021); current flag is as of the dataset, not today."
803771,EQT - Applegate,2021,40.24004834,-79.91524972,0.696,0.002,0.007,433.696,"ACHD point-source inventory, most recent reported year (<=2021); current flag is as of the dataset, not today."
740648,Harsco Environmental/Metals,2021,40.61632006,-79.72178093,0.669,0.169,0.05,0.0,"ACHD point-source inventory, most recent reported year (<=2021); current flag is as of the dataset, not today."
740093,Techmet,2021,40.320972,-79.892389,0.454,0.002,2.37,331.06,"ACHD point-source inventory, most recent reported year (<=2021); current flag is as of the dataset, not today."
767002,AKJ Industries,2021,40.3032757401067,-79.8713484651809,0.031,0.0,0.03,0.0,"ACHD point-source inventory, most recent reported year (<=2021); current flag is as of the dataset, not today."
