tract,pop_2020_24,pop_moe,pct_under18,pct_under18_moe,pct_65plus,pct_65plus_moe,avg_hh_size,avg_hh_size_moe,households,pct_living_alone,pct_living_alone_moe,pct_owner,pct_owner_moe,pct_renter,pop_2010_est_on_2020_tract,pop_change_pct_2010_to_2020_24
42003010301,1855.0,55.0,0.0129,0.0211,0.0232,0.026,,,0.0,,,,,,2121,-0.1253
42003010302,4754.0,183.0,0.0349,0.0133,0.0168,0.0126,2.17,0.33,329.0,0.4164,0.207,0.3556,0.0102,0.6444,4451,0.068
42003020100,4600.0,527.0,0.0159,0.0106,0.1137,0.0405,1.34,0.08,2484.0,0.6534,0.0925,0.0849,0.0433,0.9151,3096,0.4858
42003020300,1928.0,287.0,0.0285,0.0275,0.0685,0.0308,1.29,0.08,1486.0,0.7705,0.0794,0.0888,0.0361,0.9112,616,2.1311
42003030500,2978.0,498.0,0.1501,0.0625,0.18,0.0299,1.84,0.2,1583.0,0.5888,0.0609,0.2224,0.0409,0.7776,2806,0.0612
42003040200,2102.0,259.0,0.0523,0.0138,0.0699,0.0303,2.32,0.28,451.0,0.3503,0.0931,0.2506,0.0792,0.7494,2573,-0.1832
42003040400,1603.0,240.0,0.0025,0.0222,0.4535,0.0869,1.37,0.12,956.0,0.7092,0.0726,0.6883,0.0959,0.3117,2431,-0.3407
42003040500,3081.0,553.0,0.0,0.011,0.0286,0.0188,2.46,0.37,924.0,0.4188,0.1322,0.092,0.0472,0.908,3694,-0.1659
42003040600,2337.0,456.0,0.0,0.0145,0.0235,0.0272,3.05,0.46,767.0,0.2321,0.0981,0.0443,0.0518,0.9557,2392,-0.023
42003040900,3280.0,502.0,0.0229,0.0191,0.0747,0.0251,2.21,0.35,1449.0,0.4997,0.1574,0.294,0.0233,0.706,2944,0.1142
42003050100,1746.0,434.0,0.3087,0.1426,0.2715,0.043,1.95,0.34,887.0,0.5592,0.0712,0.2108,0.0877,0.7892,1707,0.0228
42003050600,1550.0,356.0,0.1826,0.0846,0.2677,0.063,1.99,0.31,777.0,0.4723,0.1487,0.5405,0.1415,0.4595,2057,-0.2466
42003050900,1545.0,251.0,0.3767,0.1067,0.1366,0.0388,2.02,0.2,766.0,0.3956,0.061,0.0418,0.0296,0.9582,1197,0.2902
42003051000,2382.0,281.0,0.029,0.0259,0.0579,0.0254,1.66,0.31,752.0,0.6077,0.2773,0.0426,0.0335,0.9574,2107,0.1307
42003051100,807.0,204.0,0.5626,0.1423,0.0446,0.0584,3.1,0.74,260.0,0.1654,0.1224,0.0,0.0462,1.0,1165,-0.3072
42003060300,2724.0,329.0,0.0367,0.032,0.105,0.0328,1.6,0.12,1681.0,0.5336,0.0951,0.3635,0.067,0.6365,2338,0.1649
42003060500,1115.0,195.0,0.0278,0.0262,0.2224,0.0738,1.68,0.2,665.0,0.612,0.1116,0.4677,0.067,0.5323,1284,-0.1313
42003070300,2077.0,326.0,0.0602,0.0299,0.1921,0.0544,1.92,0.17,1018.0,0.3762,0.0814,0.3802,0.0677,0.6198,2197,-0.0546
42003070500,2989.0,375.0,0.0619,0.0316,0.0689,0.0233,1.74,0.1,1712.0,0.4118,0.0612,0.2336,0.0549,0.7664,2997,-0.0027
42003070600,2090.0,427.0,0.0584,0.0234,0.1646,0.0391,1.66,0.13,1239.0,0.5012,0.0704,0.3906,0.1605,0.6094,2082,0.0038
42003070800,2618.0,370.0,0.0924,0.0334,0.0668,0.0252,1.59,0.11,1635.0,0.5676,0.0761,0.192,0.0648,0.808,1705,0.5355
42003070900,4444.0,536.0,0.1121,0.0426,0.1917,0.0494,1.66,0.15,2335.0,0.5983,0.1044,0.2968,0.0708,0.7032,4960,-0.1041
42003080200,1637.0,179.0,0.0617,0.038,0.1442,0.0443,1.74,0.12,939.0,0.4313,0.0949,0.4494,0.0599,0.5506,1679,-0.025
42003080400,1568.0,232.0,0.0453,0.0376,0.1435,0.0534,1.7,0.19,921.0,0.5548,0.1256,0.2562,0.0682,0.7438,1369,0.1454
42003080600,2054.0,314.0,0.1334,0.0523,0.1154,0.043,1.94,0.2,1053.0,0.5859,0.0736,0.3134,0.0616,0.6866,1998,0.028
42003080700,1935.0,261.0,0.0739,0.0402,0.0827,0.0412,1.54,0.14,1235.0,0.668,0.1236,0.1215,0.0259,0.8785,1785,0.084
42003080900,1877.0,258.0,0.0703,0.0359,0.1689,0.0668,1.63,0.18,1120.0,0.575,0.1356,0.3036,0.1002,0.6964,1767,0.0623
42003090100,2019.0,305.0,0.0431,0.0253,0.1199,0.0483,1.6,0.14,1260.0,0.4992,0.0628,0.4087,0.0672,0.5913,1843,0.0955
42003090200,2635.0,277.0,0.074,0.0219,0.2486,0.063,1.79,0.13,1322.0,0.4433,0.1142,0.4856,0.031,0.5144,2634,0.0005
42003090300,1384.0,387.0,0.1236,0.1122,0.1611,0.0136,1.75,0.3,791.0,0.5411,0.0623,0.4539,0.1313,0.5461,1632,-0.1518
42003100500,2016.0,223.0,0.1741,0.0417,0.2693,0.0561,2.13,0.17,919.0,0.4559,0.0855,0.7116,0.0816,0.2884,2050,-0.0168
42003101100,2549.0,425.0,0.0694,0.0316,0.1087,0.0427,2.23,0.21,1143.0,0.2581,0.0679,0.6325,0.06,0.3675,2669,-0.045
42003101400,3222.0,400.0,0.1664,0.041,0.1667,0.0373,2.2,0.18,1460.0,0.3555,0.0852,0.6801,0.1152,0.3199,3303,-0.0246
42003101800,2573.0,330.0,0.1407,0.0525,0.2173,0.0397,1.94,0.12,1324.0,0.3792,0.0815,0.8958,0.0619,0.1042,2522,0.0201
42003101900,2803.0,373.0,0.2562,0.0824,0.1124,0.0535,2.47,0.21,1133.0,0.1703,0.0591,0.4166,0.0949,0.5834,2322,0.2071
42003110200,4241.0,734.0,0.1344,0.0365,0.1254,0.0419,1.97,0.15,2144.0,0.3918,0.0434,0.4487,0.1108,0.5513,3904,0.0865
42003110600,2364.0,270.0,0.2221,0.0466,0.2094,0.0485,2.23,0.18,1062.0,0.3173,0.0926,0.7637,0.0437,0.2363,2406,-0.0175
42003111300,2927.0,457.0,0.1513,0.0479,0.0991,0.0325,2.21,0.28,1204.0,0.3621,0.0891,0.3654,0.0639,0.6346,2650,0.1047
42003111400,1235.0,299.0,0.0599,0.0495,0.17,0.0533,1.87,0.28,660.0,0.5258,0.086,0.3894,0.0458,0.6106,1353,-0.0872
42003111500,3718.0,614.0,0.0952,0.0554,0.0777,0.0337,1.71,0.23,2146.0,0.603,0.1364,0.0965,0.0521,0.9035,3230,0.1511
42003120300,1507.0,545.0,0.3165,0.0766,0.1825,0.0867,2.47,0.51,609.0,0.4122,0.0867,0.4236,0.0593,0.5764,1650,-0.0867
42003120900,1473.0,303.0,0.2145,0.0622,0.2661,0.0742,2.12,0.31,597.0,0.4757,0.1538,0.34,0.0651,0.66,1728,-0.1476
42003130200,1073.0,358.0,0.1454,0.0494,0.2637,0.026,2.76,0.74,389.0,0.3342,0.1306,0.6607,0.1216,0.3393,1370,-0.2168
42003130600,3994.0,559.0,0.4214,0.1013,0.1084,0.0354,3.24,0.38,1232.0,0.2646,0.0997,0.3555,0.1046,0.6445,3170,0.2601
42003130700,2334.0,409.0,0.2755,0.0891,0.2035,0.0533,2.19,0.27,1064.0,0.4878,0.1156,0.3985,0.1073,0.6015,2713,-0.1396
42003130800,2186.0,458.0,0.3692,0.0812,0.1349,0.0592,2.32,0.41,938.0,0.4627,0.1704,0.3358,0.1206,0.6642,2307,-0.0523
42003140100,6246.0,404.0,0.1095,0.0311,0.0765,0.0172,2.54,0.36,1048.0,0.2681,0.12,0.7605,0.0534,0.2395,5506,0.1343
42003140200,2537.0,471.0,0.1604,0.0595,0.0836,0.0276,2.2,0.37,853.0,0.422,0.0788,0.4115,0.1169,0.5885,2447,0.0368
42003140300,3400.0,392.0,0.1685,0.0357,0.1832,0.0293,2.54,0.14,1335.0,0.2689,0.0654,0.5303,0.0374,0.4697,3440,-0.0116
42003140400,2200.0,334.0,0.1823,0.014,0.2355,0.0228,2.51,0.19,876.0,0.2203,0.0533,0.8607,0.0518,0.1393,2306,-0.046
42003140500,2338.0,361.0,0.0928,0.0333,0.1249,0.0368,2.06,0.36,1133.0,0.3901,0.2299,0.4281,0.1911,0.5719,2106,0.11
42003140800,4731.0,601.0,0.2443,0.0379,0.1773,0.0283,2.51,0.24,1873.0,0.3075,0.0911,0.4778,0.0383,0.5222,4554,0.0389
42003141100,1369.0,183.0,0.141,0.0466,0.271,0.046,2.23,0.22,611.0,0.3486,0.0511,0.8511,0.0732,0.1489,1361,0.0059
42003141200,4197.0,401.0,0.1766,0.0308,0.2235,0.0333,2.27,0.14,1833.0,0.2957,0.0664,0.7365,0.0393,0.2635,3930,0.0679
42003141300,4717.0,514.0,0.0926,0.0397,0.2169,0.0445,1.94,0.18,2299.0,0.508,0.0942,0.3049,0.042,0.6951,5127,-0.0799
42003141400,5362.0,656.0,0.1949,0.0451,0.21,0.0311,2.04,0.12,2582.0,0.4229,0.0571,0.5422,0.0639,0.4578,5372,-0.0019
42003151600,2413.0,325.0,0.1131,0.034,0.2441,0.0796,1.93,0.2,1253.0,0.4453,0.1291,0.7358,0.1113,0.2642,2360,0.0225
42003151700,4169.0,649.0,0.1029,0.0278,0.2154,0.061,1.79,0.18,2330.0,0.4996,0.1452,0.5876,0.0343,0.4124,4914,-0.1516
42003160800,2384.0,553.0,0.0994,0.0573,0.13,0.0315,1.89,0.21,1258.0,0.4038,0.0896,0.4976,0.142,0.5024,2507,-0.0491
42003160900,3603.0,482.0,0.0375,0.0279,0.1601,0.0619,1.78,0.16,2023.0,0.4681,0.1133,0.2071,0.0691,0.7929,2879,0.2516
42003161000,3200.0,782.0,0.2825,0.0641,0.1131,0.0142,2.79,0.42,1146.0,0.1614,0.0515,0.6126,0.1684,0.3874,2831,0.1303
42003170200,3732.0,606.0,0.0804,0.0473,0.1168,0.0366,1.74,0.17,2138.0,0.4556,0.0857,0.4556,0.0775,0.5444,3702,0.0081
42003170600,1701.0,289.0,0.0253,0.0237,0.1599,0.0562,1.88,0.21,897.0,0.437,0.1113,0.4582,0.0818,0.5418,1942,-0.1241
42003180300,1837.0,339.0,0.1453,0.0615,0.1459,0.0563,1.85,0.31,984.0,0.5152,0.1659,0.4837,0.1496,0.5163,2490,-0.2623
42003180700,2396.0,414.0,0.106,0.0459,0.091,0.0337,2.19,0.31,1092.0,0.4038,0.0821,0.3315,0.1033,0.6685,2012,0.1907
42003190300,2030.0,287.0,0.1207,0.0653,0.2926,0.075,1.65,0.18,1231.0,0.6206,0.1163,0.6117,0.1161,0.3883,1954,0.0387
42003191100,2346.0,298.0,0.0678,0.027,0.2741,0.067,1.74,0.12,1352.0,0.4216,0.0923,0.682,0.1144,0.318,2417,-0.0296
42003191400,2486.0,339.0,0.0833,0.0359,0.1862,0.0426,1.6,0.17,1548.0,0.6415,0.1095,0.2558,0.0594,0.7442,2800,-0.1123
42003191500,1799.0,366.0,0.0117,0.0226,0.1573,0.054,1.98,0.24,908.0,0.3744,0.1182,0.4923,0.1344,0.5077,2046,-0.1208
42003191600,3600.0,487.0,0.1481,0.0392,0.2339,0.0674,2.02,0.16,1779.0,0.3642,0.083,0.6352,0.0968,0.3648,4287,-0.1602
42003191700,3193.0,690.0,0.2054,0.0356,0.1848,0.0172,2.16,0.29,1475.0,0.3085,0.0823,0.6759,0.1453,0.3241,3458,-0.0767
42003191800,5737.0,752.0,0.1206,0.0494,0.1806,0.0461,2.18,0.19,2634.0,0.3933,0.0965,0.6424,0.0819,0.3576,5322,0.078
42003191900,2320.0,265.0,0.1319,0.0514,0.2276,0.0934,2.11,0.26,1085.0,0.3558,0.1802,0.6488,0.0584,0.3512,2183,0.0628
42003192000,3212.0,574.0,0.142,0.0461,0.2014,0.0514,2.17,0.29,1456.0,0.3935,0.0876,0.6168,0.0774,0.3832,3679,-0.1269
42003202200,2527.0,569.0,0.1436,0.0489,0.1448,0.0329,2.11,0.21,1195.0,0.3305,0.0898,0.6603,0.1537,0.3397,2570,-0.0167
42003202300,3750.0,808.0,0.1552,0.075,0.2141,0.0291,1.93,0.23,1902.0,0.3291,0.077,0.5578,0.104,0.4422,4144,-0.0951
42003241300,3766.0,522.0,0.1275,0.0504,0.1471,0.0407,1.99,0.2,1888.0,0.4025,0.0952,0.4354,0.0773,0.5646,3599,0.0464
42003250900,1255.0,316.0,0.2574,0.0641,0.1044,0.0436,2.06,0.25,608.0,0.3799,0.0846,0.4293,0.0509,0.5707,1285,-0.0233
42003260200,2117.0,281.0,0.2149,0.0564,0.1318,0.0325,2.31,0.16,905.0,0.3017,0.0686,0.6508,0.0582,0.3492,2145,-0.013
42003260700,1674.0,403.0,0.1726,0.0315,0.1141,0.0155,2.62,0.2,639.0,0.2347,0.0719,0.6948,0.1516,0.3052,1744,-0.0401
42003261300,2815.0,725.0,0.3297,0.0423,0.1123,0.0208,2.84,0.48,991.0,0.3845,0.117,0.4743,0.0537,0.5257,2406,0.17
42003261400,1870.0,486.0,0.1396,0.0841,0.2481,0.0195,1.82,0.37,986.0,0.6075,0.1134,0.6136,0.1113,0.3864,2473,-0.2438
42003261500,1682.0,591.0,0.2105,0.0277,0.1825,0.079,2.48,0.55,674.0,0.4525,0.0935,0.4436,0.0111,0.5564,1642,0.0242
42003262000,2643.0,504.0,0.2425,0.0903,0.179,0.0457,2.12,0.31,1200.0,0.4742,0.0845,0.5358,0.0903,0.4642,2650,-0.0027
42003270100,2419.0,345.0,0.124,0.0357,0.2522,0.079,2.02,0.15,1181.0,0.4589,0.1022,0.713,0.0841,0.287,2649,-0.0868
42003270300,2107.0,459.0,0.1984,0.0382,0.1561,0.0415,2.19,0.21,945.0,0.4709,0.066,0.436,0.0626,0.564,1947,0.082
42003270800,2497.0,379.0,0.1542,0.0501,0.2022,0.0449,1.9,0.27,1281.0,0.5004,0.1613,0.8899,0.0987,0.1101,2651,-0.0581
42003271600,4472.0,511.0,0.2319,0.0575,0.1225,0.0297,2.07,0.26,2152.0,0.4823,0.1371,0.546,0.0985,0.454,4271,0.0471
42003281400,2542.0,376.0,0.2349,0.0892,0.1361,0.0374,2.33,0.23,1092.0,0.2949,0.1145,0.6346,0.0905,0.3654,2352,0.0808
42003281500,1552.0,345.0,0.2951,0.0669,0.1289,0.0244,2.62,0.4,590.0,0.3424,0.097,0.5983,0.0678,0.4017,1462,0.0616
42003290100,1764.0,420.0,0.2307,0.0651,0.1633,0.0259,2.27,0.4,770.0,0.3974,0.1145,0.5766,0.0718,0.4234,2119,-0.1674
42003290200,3840.0,465.0,0.1339,0.0423,0.2156,0.0452,2.06,0.21,1865.0,0.4038,0.0753,0.5399,0.0972,0.4601,3946,-0.0268
42003290400,3552.0,534.0,0.1236,0.0534,0.2114,0.0396,1.92,0.2,1841.0,0.4351,0.0823,0.6263,0.0766,0.3737,4050,-0.123
42003300100,3513.0,872.0,0.2368,0.0613,0.1383,0.0242,2.98,0.6,1177.0,0.3721,0.1067,0.5531,0.0802,0.4469,3746,-0.0623
42003310200,3249.0,330.0,0.1548,0.0487,0.2176,0.0398,2.32,0.19,1402.0,0.3417,0.083,0.9066,0.0424,0.0934,3227,0.0068
42003320400,1843.0,200.0,0.1601,0.0432,0.2453,0.0586,2.04,0.19,895.0,0.3966,0.1268,0.8637,0.0835,0.1363,1993,-0.0754
42003320600,2263.0,371.0,0.1772,0.0633,0.1701,0.039,2.22,0.24,1019.0,0.2954,0.0893,0.8459,0.0701,0.1541,2261,0.0009
42003320700,1754.0,300.0,0.207,0.0465,0.1545,0.0315,2.5,0.22,701.0,0.2682,0.0624,0.8345,0.0972,0.1655,1650,0.063
42003401100,4488.0,463.0,0.1092,0.03,0.3133,0.0615,2.08,0.17,2157.0,0.337,0.0919,0.8034,0.0735,0.1966,4447,0.0093
42003401200,2573.0,390.0,0.185,0.0698,0.1625,0.0485,2.04,0.25,1263.0,0.4006,0.1349,0.6548,0.0955,0.3452,3271,-0.2134
42003401300,2888.0,415.0,0.206,0.0684,0.1807,0.0332,2.42,0.31,1174.0,0.3177,0.121,0.8569,0.0826,0.1431,2742,0.0532
42003402000,3167.0,30.0,0.1648,0.0511,0.1819,0.0442,2.01,0.22,1533.0,0.3901,0.1193,0.6693,0.0949,0.3307,3261,-0.0288
42003403500,4249.0,20.0,0.1993,0.0664,0.1803,0.0643,2.08,0.25,2020.0,0.4703,0.1404,0.7188,0.0868,0.2812,4529,-0.0619
42003404000,1389.0,148.0,0.2088,0.0318,0.1836,0.0423,2.14,0.14,639.0,0.3834,0.0777,0.7183,0.0904,0.2817,1500,-0.074
42003405000,1040.0,149.0,0.1462,0.0312,0.2538,0.0382,2.19,0.14,475.0,0.3074,0.0778,0.8611,0.0227,0.1389,1157,-0.1011
42003406000,2197.0,309.0,0.2089,0.0506,0.2412,0.029,2.37,0.2,928.0,0.2866,0.0812,0.9019,0.0044,0.0981,2375,-0.0748
42003407001,5647.0,558.0,0.1548,0.0363,0.3035,0.0541,2.26,0.11,2487.0,0.2686,0.0714,0.9051,0.0541,0.0949,5174,0.0914
42003407002,6581.0,556.0,0.1842,0.0448,0.2679,0.0408,2.27,0.13,2844.0,0.2275,0.0609,0.8414,0.0731,0.1586,6601,-0.003
42003408001,5564.0,562.0,0.2268,0.0411,0.2376,0.0576,2.58,0.18,2117.0,0.2012,0.0676,0.8026,0.053,0.1974,4769,0.1667
42003408002,6280.0,562.0,0.2119,0.038,0.2737,0.0564,2.39,0.15,2621.0,0.2835,0.1019,0.9603,0.0542,0.0397,6331,-0.0081
42003409001,9530.0,700.0,0.2629,0.0498,0.1253,0.026,2.85,0.19,3317.0,0.1028,0.0417,0.8098,0.032,0.1902,6320,0.508
42003409002,5694.0,703.0,0.3384,0.0493,0.0836,0.0264,3.19,0.16,1787.0,0.1248,0.0573,0.9843,0.0137,0.0157,5177,0.0998
42003410000,1194.0,221.0,0.2563,0.0488,0.2546,0.066,2.47,0.2,483.0,0.2236,0.063,0.9565,0.0333,0.0435,1171,0.0194
42003411001,4133.0,389.0,0.2475,0.0364,0.104,0.0269,2.89,0.15,1429.0,0.0924,0.0476,0.9566,0.0416,0.0434,4877,-0.1525
42003411002,6093.0,388.0,0.2582,0.054,0.1728,0.0321,2.52,0.17,2388.0,0.1914,0.0638,0.8032,0.053,0.1968,2027,2.0054
42003412002,4959.0,465.0,0.2676,0.0313,0.1504,0.0235,2.78,0.28,1782.0,0.1661,0.133,0.9646,0.0499,0.0354,3167,0.5657
42003412003,6251.0,588.0,0.2851,0.0454,0.163,0.0369,2.93,0.18,2132.0,0.1304,0.0576,0.9114,0.072,0.0886,3167,0.9736
42003412004,4025.0,600.0,0.2422,0.0473,0.1302,0.0281,2.69,0.24,1485.0,0.1751,0.0593,0.8599,0.0544,0.1401,7135,-0.4359
42003413100,6862.0,592.0,0.2224,0.0429,0.1886,0.0343,2.51,0.16,2671.0,0.2658,0.0673,0.6687,0.0471,0.3313,6609,0.0383
42003413201,3858.0,529.0,0.2335,0.0588,0.2149,0.0355,2.49,0.29,1550.0,0.3013,0.072,0.8032,0.0412,0.1968,3737,0.0324
42003413202,2686.0,315.0,0.1783,0.0401,0.2718,0.0711,2.17,0.12,1240.0,0.2919,0.0777,0.8613,0.0553,0.1387,2866,-0.0628
42003413300,4491.0,395.0,0.1873,0.031,0.3002,0.0395,2.34,0.1,1826.0,0.2087,0.0419,0.8894,0.0391,0.1106,4742,-0.0529
42003413400,4486.0,539.0,0.2512,0.0411,0.1988,0.0281,2.66,0.2,1677.0,0.2039,0.0467,0.8945,0.0107,0.1055,4339,0.0339
42003413500,6717.0,570.0,0.1498,0.0355,0.2049,0.0374,1.89,0.16,3222.0,0.4919,0.1076,0.4721,0.0459,0.5279,6164,0.0897
42003414101,5517.0,625.0,0.2155,0.0391,0.168,0.028,2.71,0.18,2033.0,0.1731,0.0606,0.9292,0.0143,0.0708,5358,0.0297
42003414102,6775.0,797.0,0.2477,0.0477,0.2275,0.0353,2.47,0.18,2738.0,0.2655,0.0478,0.8042,0.0407,0.1958,7040,-0.0376
42003414200,5893.0,806.0,0.2695,0.0661,0.2007,0.0294,2.87,0.31,2038.0,0.1526,0.065,0.9441,0.0418,0.0559,5967,-0.0124
42003415001,4834.0,281.0,0.2145,0.0372,0.1585,0.0292,2.8,0.24,1654.0,0.1995,0.0639,0.8325,0.0686,0.1675,4693,0.0301
42003415002,2475.0,281.0,0.1968,0.0452,0.2949,0.0521,2.32,0.23,1058.0,0.293,0.0856,0.8318,0.0572,0.1682,2556,-0.0316
42003416000,1436.0,158.0,0.11,0.0212,0.2946,0.0217,1.98,0.11,724.0,0.3909,0.0529,0.8605,0.0288,0.1395,1636,-0.1222
42003417100,2125.0,162.0,0.1445,0.0346,0.2753,0.072,1.98,0.14,1075.0,0.3795,0.079,0.7972,0.069,0.2028,2145,-0.0093
42003417200,1194.0,161.0,0.2027,0.0574,0.2814,0.065,2.05,0.22,580.0,0.519,0.1091,0.4983,0.0772,0.5017,1260,-0.0524
42003418000,1661.0,220.0,0.1541,0.0354,0.2938,0.0363,2.12,0.17,780.0,0.3487,0.0703,0.8,0.1165,0.2,1746,-0.0487
42003419000,3075.0,25.0,0.1233,0.0379,0.3665,0.0643,1.78,0.13,1597.0,0.5254,0.088,0.7545,0.0589,0.2455,2921,0.0527
42003420000,1439.0,191.0,0.1098,0.0481,0.3377,0.0958,1.58,0.16,910.0,0.6703,0.1114,0.411,0.0488,0.589,1432,0.0049
42003421100,4978.0,340.0,0.2465,0.0434,0.2525,0.0453,2.28,0.17,2123.0,0.366,0.1016,0.7909,0.0486,0.2091,4103,0.2131
42003421200,4131.0,340.0,0.2169,0.0377,0.2619,0.0602,2.51,0.22,1644.0,0.2616,0.1223,0.9787,0.0352,0.0213,4305,-0.0405
42003422000,5246.0,24.0,0.2848,0.0452,0.1843,0.0344,3.04,0.23,1725.0,0.1362,0.0488,0.9107,0.0465,0.0893,5388,-0.0264
42003423000,2843.0,31.0,0.3025,0.0709,0.1273,0.0332,2.39,0.23,1192.0,0.3372,0.1067,0.6216,0.0881,0.3784,2741,0.0373
42003424000,3119.0,20.0,0.1757,0.0729,0.1988,0.0545,1.93,0.2,1612.0,0.469,0.106,0.4758,0.082,0.5242,3477,-0.103
42003425000,3364.0,20.0,0.1587,0.0498,0.1998,0.0576,2.06,0.21,1628.0,0.3937,0.1211,0.4773,0.0757,0.5227,3476,-0.0323
42003426300,6068.0,803.0,0.1978,0.0325,0.2619,0.0423,2.47,0.21,2449.0,0.2691,0.0497,0.9347,0.0929,0.0653,6035,0.0055
42003426400,4189.0,500.0,0.169,0.0445,0.2323,0.0431,2.05,0.14,2034.0,0.3648,0.0913,0.7802,0.1302,0.2198,4576,-0.0846
42003426700,2252.0,459.0,0.1625,0.0644,0.2651,0.045,1.98,0.18,1133.0,0.4298,0.0702,0.6805,0.1305,0.3195,2364,-0.0475
42003426800,5042.0,604.0,0.1698,0.0462,0.288,0.0503,2.46,0.12,2050.0,0.0971,0.0379,0.9844,0.1595,0.0156,5369,-0.0609
42003427000,3299.0,22.0,0.1022,0.0456,0.1452,0.049,1.95,0.17,1646.0,0.4423,0.1035,0.418,0.0699,0.582,3742,-0.1183
42003427100,5213.0,556.0,0.17,0.0363,0.1974,0.0525,2.33,0.17,2234.0,0.2471,0.084,0.9423,0.0674,0.0577,5515,-0.0547
42003427200,4774.0,551.0,0.1385,0.056,0.2398,0.0609,1.98,0.15,2414.0,0.3836,0.0801,0.8036,0.0653,0.1964,4899,-0.0255
42003428100,1105.0,161.0,0.1403,0.0575,0.2045,0.0621,1.92,0.16,575.0,0.3078,0.1196,0.8852,0.0859,0.1148,1245,-0.1122
42003428200,2075.0,158.0,0.1687,0.0505,0.227,0.0441,2.16,0.19,959.0,0.3191,0.0954,0.8749,0.0382,0.1251,2091,-0.0076
42003429100,2485.0,375.0,0.2089,0.0482,0.2326,0.0562,2.13,0.24,1120.0,0.3759,0.1396,0.6598,0.021,0.3402,2509,-0.0096
42003429201,4801.0,436.0,0.1983,0.0416,0.2027,0.0442,2.25,0.19,2042.0,0.3712,0.0895,0.6322,0.0787,0.3678,4310,0.114
42003429202,4385.0,415.0,0.2166,0.0346,0.2515,0.0434,2.43,0.1,1801.0,0.2265,0.0378,0.869,0.0503,0.131,4365,0.0045
42003429300,6761.0,751.0,0.2251,0.052,0.2359,0.0384,2.33,0.16,2828.0,0.3518,0.0603,0.7656,0.0734,0.2344,5644,0.1979
42003429400,4389.0,549.0,0.2101,0.0505,0.2089,0.0354,2.41,0.2,1815.0,0.2843,0.0754,0.8948,0.051,0.1052,4265,0.0291
42003429500,4304.0,546.0,0.1178,0.0391,0.2433,0.0624,1.86,0.14,2314.0,0.529,0.0756,0.5454,0.0275,0.4546,4212,0.0218
42003429600,3620.0,396.0,0.184,0.046,0.2019,0.0406,2.12,0.14,1663.0,0.3656,0.0744,0.6152,0.0638,0.3848,3428,0.056
42003429700,2194.0,293.0,0.1623,0.047,0.3077,0.0765,2.23,0.18,980.0,0.3408,0.0875,0.8439,0.0827,0.1561,2371,-0.0747
42003430100,1881.0,269.0,0.1797,0.0339,0.1499,0.0577,2.02,0.22,933.0,0.4084,0.1569,0.6592,0.1754,0.3408,2104,-0.106
42003430200,4652.0,270.0,0.1773,0.0482,0.1387,0.0364,2.5,0.26,1861.0,0.2418,0.097,0.6867,0.058,0.3133,4667,-0.0032
42003431100,3193.0,360.0,0.1459,0.0446,0.181,0.0519,1.92,0.16,1657.0,0.4671,0.0961,0.4617,0.0736,0.5383,3380,-0.0554
42003431400,1845.0,256.0,0.2152,0.0523,0.1398,0.0524,2.11,0.18,874.0,0.3719,0.0769,0.6178,0.0938,0.3822,1902,-0.03
42003431500,3090.0,413.0,0.1841,0.0633,0.1673,0.0469,2.01,0.25,1522.0,0.4882,0.1,0.3456,0.0506,0.6544,3088,0.0006
42003432300,2127.0,216.0,0.1063,0.0682,0.2887,0.1027,1.51,0.16,1365.0,0.7158,0.1341,0.4396,0.0554,0.5604,2121,0.0028
42003432400,2547.0,219.0,0.1205,0.0454,0.2104,0.0574,1.89,0.21,1345.0,0.5747,0.1384,0.3888,0.0669,0.6112,2584,-0.0143
42003434000,1919.0,194.0,0.2402,0.0272,0.1688,0.0498,2.39,0.13,797.0,0.2597,0.0576,0.6901,0.0683,0.3099,1781,0.0775
42003435000,2465.0,324.0,0.2105,0.049,0.1688,0.0336,2.18,0.18,1112.0,0.3921,0.0615,0.6421,0.0634,0.3579,2449,0.0065
42003437000,7228.0,20.0,0.241,0.044,0.2125,0.0411,2.68,0.16,2622.0,0.1804,0.0558,0.8768,0.025,0.1232,4757,0.5194
42003439000,1468.0,169.0,0.1873,0.0346,0.2459,0.0194,2.53,0.18,581.0,0.179,0.0398,0.9449,0.0468,0.0551,1388,0.0576
42003445500,3823.0,21.0,0.2218,0.0395,0.1821,0.0405,2.32,0.17,1642.0,0.3124,0.0751,0.6803,0.054,0.3197,3827,-0.001
42003446000,1587.0,132.0,0.2659,0.0324,0.2136,0.0355,2.65,0.18,597.0,0.191,0.0814,0.8961,0.0461,0.1039,1680,-0.0554
42003447000,1530.0,266.0,0.2157,0.0634,0.1954,0.0109,2.35,0.23,651.0,0.1951,0.0105,0.768,0.196,0.232,1634,-0.0636
42003448000,1096.0,143.0,0.1989,0.0505,0.26,0.0438,1.96,0.17,558.0,0.4785,0.093,0.5699,0.0579,0.4301,1218,-0.1002
42003449000,2141.0,295.0,0.1719,0.0387,0.2485,0.0404,2.19,0.13,975.0,0.2523,0.0671,0.8759,0.0343,0.1241,2632,-0.1867
42003450700,2852.0,386.0,0.1771,0.0446,0.1848,0.0383,2.1,0.22,1354.0,0.4143,0.1123,0.6507,0.065,0.3493,3137,-0.0909
42003450800,2565.0,380.0,0.1185,0.0769,0.3349,0.0649,2.07,0.33,1235.0,0.5215,0.1031,0.4502,0.0927,0.5498,2540,0.0097
42003451101,3598.0,486.0,0.199,0.0369,0.2896,0.0467,2.29,0.14,1548.0,0.3695,0.0547,0.8857,0.0237,0.1143,3647,-0.0133
42003451102,6431.0,679.0,0.1525,0.0541,0.1765,0.0457,2.25,0.24,2190.0,0.2658,0.0954,0.6516,0.1133,0.3484,5627,0.1429
42003451104,3783.0,530.0,0.2577,0.0492,0.166,0.0554,2.86,0.17,1320.0,0.1098,0.0394,0.9879,0.0167,0.0121,3535,0.07
42003451105,6026.0,1349.0,0.1359,0.0267,0.0981,0.0197,2.68,0.46,2142.0,0.2428,0.0852,0.5644,0.0944,0.4356,4018,0.4996
42003451300,7064.0,661.0,0.2172,0.0348,0.2736,0.059,2.36,0.14,2965.0,0.2314,0.0559,0.8863,0.0644,0.1137,7302,-0.0325
42003452000,6698.0,24.0,0.1948,0.0457,0.1627,0.0394,2.34,0.24,2850.0,0.2944,0.0958,0.7986,0.0835,0.2014,5130,0.3058
42003453003,1953.0,227.0,0.1429,0.0338,0.169,0.0337,2.41,0.15,720.0,0.2514,0.0638,0.8625,0.0682,0.1375,1895,0.0304
42003453004,7139.0,776.0,0.1887,0.0378,0.1584,0.0308,2.18,0.22,3250.0,0.3695,0.1302,0.6582,0.1127,0.3418,6953,0.0267
42003455000,1489.0,142.0,0.1551,0.0243,0.2048,0.0232,2.16,0.14,689.0,0.3353,0.1032,0.7939,0.0823,0.2061,1459,0.0206
42003456001,4653.0,486.0,0.2678,0.0417,0.147,0.0401,2.8,0.21,1662.0,0.145,0.0649,0.8911,0.0567,0.1089,3541,0.314
42003456003,7513.0,522.0,0.3089,0.0538,0.1266,0.0278,2.83,0.17,2649.0,0.2012,0.0638,0.9124,0.0421,0.0876,6068,0.2382
42003456004,6294.0,506.0,0.1915,0.0432,0.2415,0.0449,2.31,0.17,2572.0,0.3468,0.0844,0.6715,0.0673,0.3285,4792,0.3136
42003457100,1433.0,176.0,0.1556,0.0489,0.2177,0.0581,2.03,0.19,695.0,0.4216,0.1,0.4403,0.0903,0.5597,1428,0.0035
42003457200,3253.0,177.0,0.174,0.0504,0.2339,0.0578,1.8,0.11,1808.0,0.4878,0.1034,0.661,0.0768,0.339,3720,-0.1255
42003458001,4340.0,367.0,0.1839,0.0465,0.2645,0.0448,2.3,0.18,1875.0,0.2496,0.0535,0.7525,0.045,0.2475,3492,0.243
42003458002,4632.0,366.0,0.1686,0.0396,0.2811,0.0624,2.25,0.17,2053.0,0.2362,0.0888,0.8797,0.0628,0.1203,3478,0.3318
42003459101,1760.0,232.0,0.2352,0.0638,0.175,0.0453,2.57,0.25,683.0,0.2255,0.0888,0.7862,0.11,0.2138,1708,0.0306
42003459102,6526.0,588.0,0.1937,0.0449,0.2416,0.041,2.51,0.13,2514.0,0.1969,0.0558,0.7597,0.0618,0.2403,5658,0.1534
42003459201,7248.0,604.0,0.1629,0.0412,0.2003,0.0354,2.02,0.17,3543.0,0.4505,0.0897,0.5662,0.0544,0.4338,6136,0.1813
42003459202,655.0,87.0,0.0321,0.0524,0.2702,0.0646,1.38,0.1,474.0,0.6582,0.0883,0.711,0.1101,0.289,661,-0.0091
42003460001,4842.0,381.0,0.1607,0.0441,0.2402,0.0508,2.22,0.16,2141.0,0.354,0.08,0.8716,0.1039,0.1284,4250,0.1393
42003460002,3707.0,378.0,0.1883,0.0511,0.2735,0.0493,2.32,0.21,1581.0,0.2694,0.0765,0.7236,0.0744,0.2764,3422,0.0834
42003461000,1085.0,160.0,0.1327,0.043,0.2276,0.0186,1.83,0.21,594.0,0.5303,0.0691,0.5286,0.0711,0.4714,1084,0.0009
42003462100,2504.0,405.0,0.2576,0.0824,0.1773,0.0406,2.16,0.26,1158.0,0.3601,0.12,0.6218,0.0966,0.3782,2627,-0.0468
42003462600,3790.0,406.0,0.2367,0.0803,0.1412,0.0397,2.23,0.28,1689.0,0.3694,0.0918,0.4464,0.0815,0.5536,3735,0.0147
42003463900,3053.0,434.0,0.1965,0.0518,0.1575,0.0547,2.12,0.34,1439.0,0.4378,0.1215,0.5038,0.1015,0.4962,2662,0.1469
42003464300,3299.0,44.0,0.2261,0.0707,0.1704,0.0444,2.15,0.24,1534.0,0.4309,0.1012,0.6043,0.0784,0.3957,3336,-0.011
42003464400,2733.0,437.0,0.187,0.073,0.2283,0.0864,2.14,0.24,1274.0,0.4498,0.113,0.3116,0.1325,0.6884,3442,-0.206
42003465600,2370.0,348.0,0.1418,0.0605,0.2907,0.0739,1.79,0.18,1319.0,0.5034,0.0869,0.3935,0.0915,0.6065,2372,-0.001
42003465800,3591.0,350.0,0.1963,0.0475,0.139,0.0322,2.11,0.12,1700.0,0.3835,0.0807,0.6824,0.1048,0.3176,3572,0.0054
42003468700,1895.0,261.0,0.1557,0.048,0.21,0.0353,2.24,0.2,843.0,0.3345,0.0714,0.605,0.0976,0.395,1759,0.0771
42003468800,2500.0,291.0,0.124,0.0328,0.2132,0.0747,1.75,0.13,1423.0,0.5439,0.08,0.5903,0.0995,0.4097,2573,-0.0284
42003468900,3583.0,357.0,0.1996,0.0734,0.2169,0.0641,1.83,0.19,1951.0,0.5402,0.1149,0.4644,0.0602,0.5356,3641,-0.0158
42003469000,4833.0,17.0,0.1504,0.0369,0.2464,0.0602,1.99,0.14,2432.0,0.3705,0.1169,0.7512,0.1003,0.2488,4432,0.0905
42003470300,3874.0,416.0,0.1213,0.0312,0.3704,0.0412,1.97,0.13,1783.0,0.4706,0.0624,0.7465,0.0486,0.2535,3904,-0.0078
42003470400,3071.0,372.0,0.1814,0.0422,0.2107,0.0336,2.23,0.14,1375.0,0.2705,0.0729,0.9113,0.0571,0.0887,3062,0.003
42003470501,4719.0,620.0,0.2261,0.0653,0.1274,0.0385,2.06,0.31,2272.0,0.4428,0.1152,0.2962,0.0691,0.7038,3954,0.1935
42003470502,2812.0,338.0,0.1522,0.0477,0.2909,0.0389,2.32,0.18,1144.0,0.2797,0.0756,0.9152,0.0843,0.0848,2971,-0.0535
42003470600,2794.0,356.0,0.1031,0.0585,0.2248,0.0458,1.99,0.18,1396.0,0.4234,0.0909,0.6046,0.1005,0.3954,3102,-0.0993
42003471000,1234.0,130.0,0.1272,0.026,0.2196,0.0365,1.83,0.13,675.0,0.483,0.1258,0.6889,0.0979,0.3111,1244,-0.008
42003472100,2260.0,274.0,0.1602,0.0679,0.1381,0.0334,1.9,0.24,1186.0,0.4266,0.1198,0.5228,0.0594,0.4772,2524,-0.1046
42003472200,2196.0,275.0,0.1439,0.0512,0.1548,0.0472,1.84,0.2,1188.0,0.5875,0.1475,0.5522,0.1304,0.4478,2227,-0.0139
42003472300,1799.0,235.0,0.1056,0.0429,0.1568,0.0623,1.9,0.15,943.0,0.4793,0.1127,0.5589,0.0967,0.4411,2014,-0.1068
42003472400,1808.0,259.0,0.2146,0.0597,0.1792,0.0568,2.27,0.27,796.0,0.3028,0.127,0.9121,0.0628,0.0879,1828,-0.0109
42003473100,4591.0,670.0,0.2914,0.0634,0.1747,0.0371,2.37,0.22,1936.0,0.3425,0.0948,0.6508,0.0715,0.3492,4734,-0.0302
42003473200,3228.0,329.0,0.1949,0.0375,0.25,0.0467,2.03,0.12,1589.0,0.4613,0.0592,0.5167,0.0702,0.4833,3192,0.0113
42003473300,5809.0,569.0,0.2405,0.0502,0.2073,0.0449,2.37,0.14,2411.0,0.287,0.0599,0.7258,0.0624,0.2742,5507,0.0549
42003473401,3935.0,490.0,0.2897,0.0398,0.1222,0.0247,2.57,0.16,1534.0,0.2927,0.0579,0.6108,0.0437,0.3892,3713,0.0598
42003473402,3794.0,639.0,0.2609,0.0567,0.1921,0.0213,2.54,0.2,1490.0,0.2342,0.0604,0.7664,0.0873,0.2336,3661,0.0365
42003473500,3647.0,470.0,0.2964,0.0612,0.1574,0.0273,2.93,0.22,1205.0,0.1112,0.0568,0.9286,0.0199,0.0714,3680,-0.009
42003473601,4005.0,344.0,0.2452,0.043,0.2587,0.0466,2.42,0.17,1604.0,0.2581,0.0916,0.8772,0.0481,0.1228,4049,-0.011
42003473602,4361.0,539.0,0.1839,0.0482,0.3609,0.0541,2.26,0.23,1877.0,0.3047,0.0614,0.7624,0.0706,0.2376,4600,-0.052
42003474101,4342.0,513.0,0.2994,0.0406,0.1308,0.0254,2.9,0.19,1498.0,0.1462,0.0462,0.9032,0.1344,0.0968,3601,0.2058
42003474102,3647.0,388.0,0.2857,0.0471,0.2111,0.0298,2.71,0.2,1343.0,0.2055,0.0582,0.8585,0.0201,0.1415,3685,-0.0102
42003474201,2650.0,305.0,0.1857,0.0333,0.226,0.0447,2.84,0.25,933.0,0.104,0.0359,0.9507,0.0252,0.0493,2600,0.0192
42003474202,5581.0,551.0,0.2204,0.042,0.2197,0.0407,2.64,0.17,2084.0,0.1905,0.0553,0.751,0.0635,0.249,4809,0.1607
42003474203,4643.0,491.0,0.2634,0.0495,0.2057,0.0285,2.74,0.19,1692.0,0.1306,0.0412,0.9917,0.0201,0.0083,4534,0.024
42003475101,4564.0,500.0,0.1275,0.0377,0.3528,0.0634,1.81,0.1,2417.0,0.4655,0.0704,0.5139,0.0434,0.4861,4702,-0.0293
42003475102,1735.0,228.0,0.2144,0.0569,0.2755,0.0477,2.56,0.18,679.0,0.1443,0.0425,0.9396,0.0425,0.0604,1665,0.0419
42003475200,5246.0,565.0,0.1723,0.0417,0.1815,0.0327,2.29,0.14,2288.0,0.2994,0.0654,0.8134,0.0778,0.1866,4920,0.0664
42003475301,4668.0,577.0,0.1889,0.0543,0.2326,0.0591,2.16,0.3,2150.0,0.3888,0.1874,0.7428,0.1027,0.2572,4425,0.055
42003475303,4219.0,506.0,0.2242,0.0445,0.2489,0.0197,2.41,0.11,1726.0,0.2034,0.0438,0.9258,0.0612,0.0742,4064,0.0381
42003475304,5358.0,446.0,0.1825,0.0419,0.2277,0.0565,2.22,0.15,2381.0,0.3284,0.0782,0.8064,0.0464,0.1936,5688,-0.058
42003475401,3872.0,381.0,0.1521,0.0341,0.3342,0.0695,2.11,0.16,1827.0,0.382,0.1299,0.7378,0.1306,0.2622,3790,0.0216
42003475402,3219.0,409.0,0.1948,0.0333,0.214,0.044,2.37,0.32,1361.0,0.3571,0.2074,0.8273,0.2608,0.1727,3060,0.052
42003476100,4870.0,427.0,0.1632,0.049,0.1768,0.0472,2.15,0.21,2261.0,0.5051,0.0849,0.4635,0.0588,0.5365,5041,-0.0338
42003476200,3339.0,423.0,0.1057,0.0311,0.1809,0.0342,2.19,0.19,1527.0,0.3418,0.0794,0.78,0.0362,0.22,3282,0.0174
42003477100,4047.0,356.0,0.1806,0.0396,0.298,0.0423,2.18,0.13,1817.0,0.3126,0.0562,0.9571,0.0258,0.0429,3651,0.1085
42003477200,4588.0,495.0,0.1683,0.0366,0.3003,0.0469,2.17,0.2,2054.0,0.3948,0.0676,0.705,0.0628,0.295,4140,0.1082
42003477300,6176.0,514.0,0.1815,0.0579,0.1922,0.0432,2.16,0.19,2856.0,0.4121,0.1001,0.6541,0.091,0.3459,6153,0.0037
42003478100,4275.0,528.0,0.2264,0.0619,0.1677,0.0394,2.17,0.18,1958.0,0.3269,0.0921,0.5082,0.0933,0.4918,4016,0.0645
42003478200,5591.0,530.0,0.2502,0.0732,0.1717,0.0541,2.15,0.3,2604.0,0.452,0.1474,0.6333,0.1137,0.3667,5628,-0.0066
42003479000,1987.0,355.0,0.226,0.0764,0.2033,0.0508,2.34,0.19,849.0,0.3051,0.0472,0.9552,0.0447,0.0448,1987,-0.0002
42003480101,5707.0,798.0,0.2169,0.0562,0.1752,0.0442,2.38,0.25,2400.0,0.2896,0.0817,0.5221,0.0775,0.4779,4825,0.1827
42003480102,3129.0,382.0,0.1818,0.0399,0.2608,0.0682,2.57,0.18,1216.0,0.2072,0.0659,0.8849,0.0464,0.1151,3107,0.0071
42003480200,3673.0,426.0,0.1587,0.0351,0.2453,0.033,2.38,0.16,1460.0,0.287,0.0752,0.8925,0.0443,0.1075,3428,0.0715
42003480300,3598.0,406.0,0.1732,0.0475,0.2757,0.0472,2.29,0.15,1570.0,0.2809,0.0767,0.8764,0.0448,0.1236,3380,0.0645
42003480400,4950.0,523.0,0.1762,0.051,0.2121,0.0372,2.23,0.15,2209.0,0.3241,0.0776,0.8533,0.0621,0.1467,4980,-0.006
42003481000,3319.0,24.0,0.3245,0.1005,0.0838,0.0328,2.77,0.46,1199.0,0.3837,0.1544,0.4053,0.1343,0.5947,3401,-0.0242
42003482500,1905.0,294.0,0.1669,0.0351,0.2089,0.0307,2.27,0.17,838.0,0.3282,0.0696,0.7542,0.0397,0.2458,1929,-0.0124
42003483800,2874.0,17.0,0.1942,0.0764,0.2502,0.0691,2.01,0.35,1416.0,0.6031,0.1358,0.3411,0.0697,0.6589,3165,-0.0919
42003484300,3191.0,500.0,0.2805,0.0924,0.1307,0.0386,2.21,0.31,1435.0,0.3045,0.1219,0.5164,0.0739,0.4836,3406,-0.0632
42003484500,5457.0,505.0,0.1343,0.0401,0.2395,0.0546,2.0,0.11,2728.0,0.3765,0.1039,0.8002,0.0867,0.1998,5745,-0.0502
42003484600,1900.0,297.0,0.1511,0.046,0.2663,0.0857,1.88,0.23,991.0,0.5298,0.1411,0.5207,0.0675,0.4793,2236,-0.1501
42003485000,1140.0,214.0,0.1561,0.0464,0.1763,0.0187,2.08,0.27,549.0,0.4426,0.0738,0.5701,0.1503,0.4299,1271,-0.1031
42003486700,2147.0,429.0,0.2739,0.0914,0.163,0.0632,2.19,0.44,980.0,0.5622,0.1258,0.3612,0.0889,0.6388,2360,-0.0903
42003486800,1610.0,337.0,0.2093,0.0752,0.1478,0.0388,2.75,0.55,572.0,0.3969,0.1303,0.5822,0.1101,0.4178,1828,-0.1191
42003486900,1392.0,321.0,0.1588,0.065,0.2062,0.0474,2.08,0.26,669.0,0.4096,0.1534,0.5306,0.1315,0.4694,1370,0.0161
42003487000,1643.0,244.0,0.0949,0.0344,0.2532,0.0636,1.89,0.13,871.0,0.4765,0.0961,0.5499,0.1079,0.4501,1792,-0.0831
42003488100,2137.0,358.0,0.1792,0.056,0.1923,0.0189,2.24,0.17,951.0,0.3649,0.0799,0.8244,0.057,0.1756,2330,-0.0829
42003488200,3590.0,556.0,0.2554,0.0597,0.1663,0.0254,2.65,0.46,1326.0,0.2934,0.1151,0.7172,0.0449,0.2828,3591,-0.0003
42003488300,1925.0,317.0,0.1345,0.0385,0.2743,0.0219,2.27,0.18,844.0,0.3069,0.0581,0.8507,0.0732,0.1493,2173,-0.114
42003488400,4361.0,632.0,0.1903,0.0727,0.2229,0.0455,2.13,0.17,2049.0,0.4031,0.0758,0.6955,0.0733,0.3045,4460,-0.0223
42003488500,2604.0,464.0,0.2066,0.0686,0.1647,0.0421,2.18,0.33,1197.0,0.4202,0.1515,0.8262,0.05,0.1738,2843,-0.0841
42003488600,4573.0,973.0,0.2497,0.112,0.1929,0.0531,2.38,0.39,1919.0,0.3721,0.0902,0.9135,0.0554,0.0865,4939,-0.0741
42003489001,4897.0,422.0,0.2003,0.0624,0.2109,0.0436,2.44,0.21,1936.0,0.2536,0.0702,0.7893,0.0741,0.2107,4544,0.0776
42003489002,3502.0,424.0,0.2022,0.0427,0.2213,0.0463,2.32,0.14,1509.0,0.2651,0.0749,0.8582,0.0463,0.1418,3737,-0.0629
42003490002,4873.0,433.0,0.1666,0.0435,0.2171,0.0515,2.08,0.15,2340.0,0.3479,0.1033,0.6628,0.0666,0.3372,4802,0.0148
42003490003,3735.0,405.0,0.1871,0.0396,0.2056,0.0278,2.6,0.27,1437.0,0.2088,0.0517,0.8434,0.0456,0.1566,3519,0.0614
42003490004,5098.0,476.0,0.2454,0.0579,0.2034,0.0268,2.62,0.19,1928.0,0.1971,0.046,0.9466,0.0162,0.0534,5095,0.0006
42003491101,7698.0,554.0,0.2544,0.0418,0.2398,0.0456,2.88,0.15,2644.0,0.1513,0.0487,0.9334,0.042,0.0666,5892,0.3065
42003491200,2131.0,222.0,0.145,0.031,0.2426,0.0469,2.13,0.18,955.0,0.4293,0.1,0.6628,0.058,0.3372,2073,0.0278
42003492700,1875.0,358.0,0.2027,0.0661,0.1883,0.0383,2.21,0.24,850.0,0.4353,0.0683,0.6553,0.0214,0.3447,1853,0.0117
42003492800,2648.0,463.0,0.3644,0.0829,0.2659,0.0683,2.56,0.44,1015.0,0.4039,0.1468,0.6108,0.0889,0.3892,2768,-0.0432
42003492900,1521.0,277.0,0.0973,0.0458,0.2755,0.0874,1.79,0.2,850.0,0.4988,0.1609,0.5659,0.0462,0.4341,2140,-0.2893
42003494000,1371.0,242.0,0.1911,0.0404,0.1648,0.0279,2.38,0.33,577.0,0.4471,0.0505,0.6031,0.0491,0.3969,1493,-0.0817
42003495000,3009.0,37.0,0.1087,0.038,0.2722,0.0622,2.19,0.17,1368.0,0.2756,0.0872,0.848,0.0668,0.152,3376,-0.1087
42003496101,2921.0,336.0,0.2198,0.0568,0.2725,0.062,2.41,0.23,1178.0,0.2589,0.1331,0.9839,0.0163,0.0161,2957,-0.0123
42003496102,4258.0,550.0,0.1822,0.044,0.263,0.0378,2.39,0.26,1779.0,0.3215,0.1017,0.8836,0.0717,0.1164,4502,-0.0542
42003496200,5511.0,517.0,0.1784,0.0517,0.1807,0.04,2.4,0.23,2296.0,0.3092,0.0992,0.8367,0.0642,0.1633,5812,-0.0517
42003497000,922.0,217.0,0.1258,0.064,0.2538,0.0779,2.06,0.37,443.0,0.4718,0.1529,0.842,0.1779,0.158,1072,-0.1399
42003498000,2320.0,329.0,0.2052,0.0576,0.2172,0.0222,2.17,0.19,1060.0,0.3,0.0631,0.8,0.1404,0.2,2551,-0.0906
42003499300,1555.0,232.0,0.1807,0.0514,0.245,0.0406,2.22,0.2,701.0,0.3852,0.0957,0.6177,0.0746,0.3823,1574,-0.0121
42003499400,2813.0,229.0,0.246,0.0711,0.1418,0.0455,2.48,0.46,1128.0,0.3351,0.1359,0.648,0.0555,0.352,2909,-0.033
42003500300,3620.0,19.0,0.1517,0.0405,0.1997,0.0487,2.18,0.18,1664.0,0.3329,0.0898,0.7788,0.0896,0.2212,3798,-0.0468
42003501000,1533.0,233.0,0.1429,0.0438,0.2335,0.0241,1.9,0.17,808.0,0.4988,0.046,0.5124,0.0628,0.4876,1510,0.015
42003503002,5670.0,324.0,0.1674,0.0448,0.3328,0.0583,1.83,0.15,3019.0,0.5075,0.1094,0.627,0.0555,0.373,5985,-0.0527
42003504100,5173.0,568.0,0.2552,0.0775,0.1456,0.0442,2.3,0.3,2231.0,0.32,0.1018,0.5392,0.0882,0.4608,5243,-0.0134
42003507000,2002.0,236.0,0.1049,0.0356,0.2582,0.0525,1.94,0.17,1033.0,0.4192,0.0625,0.6583,0.0792,0.3417,2128,-0.0591
42003508000,1761.0,492.0,0.1687,0.0545,0.1414,0.0047,1.92,0.32,909.0,0.5083,0.1019,0.3399,0.072,0.6601,2190,-0.1958
42003509400,5007.0,13.0,0.1426,0.0554,0.299,0.0776,2.02,0.18,2429.0,0.3652,0.1144,0.2795,0.0658,0.7205,5352,-0.0645
42003510000,2121.0,443.0,0.3781,0.0983,0.0957,0.029,2.62,0.41,806.0,0.4045,0.1053,0.4132,0.1606,0.5868,1821,0.1646
42003512000,2236.0,288.0,0.1968,0.0607,0.2294,0.0743,2.08,0.27,1077.0,0.4773,0.155,0.4633,0.1488,0.5367,2319,-0.036
42003513000,1983.0,289.0,0.0812,0.0604,0.2073,0.0788,1.86,0.32,1065.0,0.6009,0.1606,0.4826,0.0834,0.5174,2540,-0.2193
42003513800,2039.0,661.0,0.3031,0.0545,0.1393,0.0634,2.7,0.52,710.0,0.4592,0.0803,0.3493,0.059,0.6507,2159,-0.0556
42003514000,1793.0,250.0,0.28,0.1036,0.169,0.0639,2.32,0.46,770.0,0.5117,0.1853,0.4078,0.0984,0.5922,2103,-0.1474
42003515100,2819.0,384.0,0.1972,0.062,0.1795,0.0798,1.91,0.25,1472.0,0.4246,0.1598,0.5027,0.0867,0.4973,2741,0.0285
42003515200,1962.0,305.0,0.1269,0.0671,0.2207,0.0618,1.99,0.28,986.0,0.4655,0.1212,0.6278,0.1084,0.3722,2125,-0.0768
42003515300,1507.0,237.0,0.0975,0.0497,0.2515,0.1199,1.55,0.14,963.0,0.6262,0.1463,0.3094,0.0454,0.6906,1871,-0.1945
42003515401,2130.0,337.0,0.2028,0.0739,0.1099,0.0357,2.29,0.35,931.0,0.3781,0.0933,0.5048,0.0883,0.4952,2266,-0.06
42003516100,1410.0,172.0,0.1433,0.0346,0.1674,0.0345,2.02,0.13,697.0,0.3888,0.0732,0.6141,0.0443,0.3859,1392,0.0129
42003516200,1667.0,173.0,0.1896,0.0576,0.1416,0.0345,2.07,0.19,807.0,0.3594,0.0754,0.6332,0.0666,0.3668,1725,-0.0336
42003517000,1629.0,306.0,0.1639,0.0773,0.2437,0.0418,1.76,0.19,923.0,0.4756,0.0738,0.5211,0.0606,0.4789,1880,-0.1335
42003518001,3146.0,344.0,0.1173,0.0299,0.3169,0.0611,2.0,0.15,1571.0,0.3469,0.1133,0.8657,0.1421,0.1343,3391,-0.0723
42003519000,3087.0,16.0,0.2057,0.0692,0.2834,0.0541,2.27,0.24,1357.0,0.2985,0.083,0.9867,0.0252,0.0133,3015,0.024
42003520001,2948.0,221.0,0.1248,0.0373,0.3426,0.0737,1.89,0.13,1563.0,0.4555,0.1004,0.6411,0.0318,0.3589,3225,-0.0859
42003520002,3264.0,223.0,0.212,0.0661,0.2328,0.0505,2.06,0.2,1586.0,0.454,0.1165,0.611,0.0368,0.389,3125,0.0445
42003521100,4443.0,451.0,0.1663,0.0364,0.2462,0.0347,2.42,0.15,1833.0,0.2471,0.0634,0.9002,0.0511,0.0998,4603,-0.0348
42003521200,5051.0,849.0,0.2273,0.0715,0.198,0.042,2.18,0.34,2301.0,0.4063,0.1262,0.4802,0.0996,0.5198,4090,0.235
42003521301,3926.0,626.0,0.1564,0.0662,0.2295,0.0368,1.85,0.16,2048.0,0.4941,0.0652,0.5356,0.0877,0.4644,4214,-0.0685
42003521302,3654.0,720.0,0.1538,0.0769,0.2343,0.0422,1.97,0.26,1781.0,0.5008,0.1165,0.4262,0.1136,0.5738,4378,-0.1654
42003521401,3000.0,450.0,0.1373,0.042,0.2533,0.0258,2.21,0.18,1258.0,0.3331,0.0722,0.7679,0.0731,0.2321,2858,0.0497
42003521402,4046.0,620.0,0.2499,0.0531,0.2086,0.0147,2.66,0.26,1520.0,0.1645,0.0465,0.9651,0.0112,0.0349,3898,0.038
42003521500,4188.0,487.0,0.1734,0.0447,0.266,0.0369,2.19,0.12,1906.0,0.3484,0.0392,0.8667,0.0541,0.1333,4341,-0.0352
42003522000,3032.0,17.0,0.2084,0.0554,0.1761,0.0575,2.15,0.23,1412.0,0.3959,0.1501,0.3916,0.061,0.6084,3294,-0.0795
42003523100,3668.0,776.0,0.19,0.0754,0.2282,0.0658,2.47,0.32,1481.0,0.3174,0.067,0.8082,0.0579,0.1918,4194,-0.1254
42003523200,3915.0,488.0,0.1969,0.0589,0.2204,0.057,2.13,0.19,1834.0,0.373,0.1124,0.807,0.07,0.193,3922,-0.0018
42003523300,3998.0,625.0,0.1703,0.0553,0.1798,0.0281,2.36,0.21,1693.0,0.2924,0.0811,0.8523,0.0758,0.1477,4194,-0.0468
42003523400,5055.0,941.0,0.2022,0.0785,0.2473,0.0429,2.14,0.16,2358.0,0.3215,0.0453,0.57,0.125,0.43,4966,0.0179
42003523501,3967.0,564.0,0.2027,0.063,0.2221,0.0271,2.36,0.27,1677.0,0.3965,0.0845,0.7859,0.0503,0.2141,4658,-0.1483
42003523502,1238.0,219.0,0.0977,0.0562,0.3498,0.112,1.79,0.28,688.0,0.5102,0.1921,0.8634,0.0985,0.1366,1543,-0.1977
42003523600,4860.0,695.0,0.193,0.0567,0.2572,0.0687,2.29,0.26,2121.0,0.364,0.1396,0.7935,0.0305,0.2065,4846,0.0029
42003523701,3716.0,438.0,0.1714,0.0466,0.268,0.0344,2.23,0.17,1669.0,0.317,0.0566,0.7819,0.0693,0.2181,4175,-0.1099
42003523702,5368.0,763.0,0.1814,0.0656,0.2099,0.0516,2.23,0.21,2404.0,0.3744,0.0854,0.5878,0.1116,0.4122,5180,0.0363
42003523800,4457.0,651.0,0.1903,0.0594,0.3229,0.0491,2.11,0.24,2039.0,0.4286,0.0923,0.8009,0.0499,0.1991,4653,-0.0422
42003524000,2524.0,416.0,0.1965,0.0472,0.2068,0.0356,2.24,0.23,1127.0,0.394,0.0871,0.4561,0.0741,0.5439,2479,0.018
42003525100,1930.0,225.0,0.213,0.0486,0.244,0.0574,2.05,0.17,941.0,0.4038,0.0994,0.7875,0.072,0.2125,2054,-0.0604
42003525200,2548.0,240.0,0.1919,0.0467,0.2771,0.0589,1.89,0.15,1298.0,0.4854,0.0914,0.3629,0.0662,0.6371,1999,0.2748
42003525300,2224.0,225.0,0.2055,0.0568,0.2073,0.034,2.21,0.27,980.0,0.4071,0.1539,0.5969,0.121,0.4031,2242,-0.008
42003526101,7622.0,832.0,0.2536,0.0494,0.2057,0.0339,2.51,0.13,3010.0,0.3043,0.0514,0.7953,0.0746,0.2047,6903,0.1042
42003526102,2254.0,291.0,0.2227,0.0491,0.2156,0.0312,2.64,0.18,854.0,0.1475,0.0568,0.8091,0.0288,0.1909,2120,0.0632
42003526201,3445.0,484.0,0.1991,0.0484,0.243,0.041,2.53,0.17,1360.0,0.1956,0.0585,0.8949,0.058,0.1051,3690,-0.0664
42003526202,4489.0,661.0,0.2317,0.0632,0.1749,0.0326,2.47,0.28,1812.0,0.2627,0.0665,0.814,0.0643,0.186,5060,-0.1128
42003526301,3792.0,421.0,0.139,0.0374,0.3534,0.0464,2.36,0.15,1605.0,0.2025,0.057,0.9601,0.0326,0.0399,4105,-0.0762
42003526302,5121.0,617.0,0.1882,0.0502,0.2087,0.0448,2.28,0.16,2244.0,0.3075,0.0793,0.6542,0.075,0.3458,5249,-0.0244
42003550900,1613.0,290.0,0.1339,0.0435,0.2387,0.0795,2.2,0.48,679.0,0.5479,0.1849,0.3873,0.0539,0.6127,2015,-0.1995
42003551200,3422.0,552.0,0.2122,0.0684,0.1718,0.0369,2.04,0.32,1618.0,0.5816,0.1891,0.3591,0.0498,0.6409,3370,0.0154
42003551300,2083.0,383.0,0.1988,0.0828,0.254,0.0338,2.15,0.35,966.0,0.3799,0.1039,0.8406,0.0931,0.1594,2393,-0.1297
42003551900,1561.0,453.0,0.3389,0.1185,0.18,0.0427,1.87,0.25,779.0,0.4172,0.0653,0.1463,0.0521,0.8537,1464,0.0659
42003552000,1667.0,406.0,0.1938,0.08,0.2519,0.0859,2.13,0.44,781.0,0.4904,0.1506,0.5762,0.1435,0.4238,2746,-0.3929
42003552100,1250.0,227.0,0.2224,0.0672,0.332,0.0699,2.27,0.51,348.0,0.4425,0.0604,0.2126,0.0848,0.7874,1450,-0.1377
42003552200,855.0,162.0,0.1088,0.0628,0.2246,0.0682,2.06,0.32,415.0,0.4458,0.1919,0.6096,0.1239,0.3904,1100,-0.2228
42003552300,1597.0,355.0,0.221,0.0696,0.1534,0.0378,2.16,0.35,737.0,0.4383,0.1609,0.7096,0.1102,0.2904,2184,-0.2688
42003552400,3332.0,580.0,0.3301,0.0806,0.172,0.0352,2.47,0.26,1345.0,0.3695,0.1204,0.6193,0.0907,0.3807,3017,0.1044
42003560400,1489.0,231.0,0.0826,0.0455,0.178,0.0546,1.67,0.16,818.0,0.5122,0.1182,0.0868,0.0573,0.9132,1559,-0.0449
42003560500,2307.0,307.0,0.0928,0.0362,0.1517,0.0382,1.66,0.17,1390.0,0.5424,0.1683,0.418,0.0691,0.582,2176,0.0602
42003561400,3524.0,458.0,0.1654,0.0817,0.2281,0.078,1.6,0.14,2200.0,0.5486,0.1196,0.3209,0.0877,0.6791,4239,-0.1687
42003561500,2648.0,418.0,0.1012,0.0526,0.3338,0.0504,1.85,0.24,1431.0,0.4885,0.1045,0.3934,0.0803,0.6066,3140,-0.1567
42003561900,1832.0,453.0,0.1992,0.1589,0.2309,0.0605,2.01,0.37,904.0,0.3595,0.1713,0.7268,0.101,0.2732,1907,-0.0393
42003562000,2465.0,347.0,0.058,0.0383,0.1538,0.0436,1.38,0.1,1762.0,0.7418,0.0994,0.1742,0.0375,0.8258,3240,-0.2391
42003562300,3374.0,398.0,0.2235,0.0786,0.2576,0.0608,2.27,0.31,1383.0,0.4114,0.1369,0.5112,0.1017,0.4888,3468,-0.0271
42003562400,2770.0,567.0,0.3014,0.0758,0.1422,0.0315,2.52,0.35,1098.0,0.3361,0.0868,0.5947,0.0525,0.4053,2725,0.0165
42003562500,2987.0,533.0,0.3184,0.0658,0.0803,0.0367,2.66,0.41,1124.0,0.4039,0.1258,0.5863,0.1072,0.4137,3017,-0.0098
42003562600,2639.0,530.0,0.1629,0.0694,0.125,0.0413,1.88,0.28,1405.0,0.4854,0.1993,0.4584,0.1539,0.5416,2636,0.0011
42003562700,1949.0,230.0,0.0677,0.0468,0.1401,0.0419,1.43,0.09,1342.0,0.6408,0.0415,0.0872,0.0379,0.9128,1395,0.3971
42003562800,1563.0,183.0,0.1676,0.0554,0.2418,0.0657,1.98,0.17,754.0,0.4257,0.1184,0.5836,0.0926,0.4164,1597,-0.0213
42003562901,1643.0,365.0,0.3615,0.0755,0.1376,0.0363,2.64,0.43,623.0,0.3612,0.1041,0.4831,0.0737,0.5169,631,1.6036
42003563000,3294.0,441.0,0.1995,0.0469,0.19,0.0416,2.44,0.32,1320.0,0.3432,0.1005,0.6053,0.0921,0.3947,2860,0.1517
42003563100,3647.0,675.0,0.1993,0.0668,0.1659,0.0371,2.21,0.27,1647.0,0.3825,0.115,0.7347,0.1061,0.2653,3549,0.0276
42003563201,366.0,126.0,0.0,0.0927,0.1202,0.1202,1.33,0.19,275.0,0.68,0.1708,0.1127,0.1747,0.8873,834,-0.5613
42003563202,1934.0,257.0,0.075,0.0288,0.1805,0.0509,1.54,0.13,1244.0,0.6125,0.1462,0.3577,0.051,0.6423,1601,0.2077
42003563300,1362.0,123.0,0.2129,0.0265,0.2805,0.0398,2.35,0.17,580.0,0.2207,0.0713,0.9345,0.0366,0.0655,1448,-0.0594
42003563800,3638.0,251.0,0.171,0.0176,0.3931,0.0482,2.14,0.08,1606.0,0.3829,0.0388,0.6793,0.0156,0.3207,3807,-0.0443
42003563900,3908.0,340.0,0.1934,0.0529,0.1517,0.0311,2.02,0.18,1935.0,0.4372,0.097,0.6109,0.0602,0.3891,3925,-0.0044
42003564000,7452.0,874.0,0.2519,0.0666,0.1247,0.0293,2.63,0.27,2835.0,0.2511,0.0777,0.8339,0.0716,0.1661,5469,0.3625
42003564100,998.0,114.0,0.2204,0.0117,0.3056,0.0687,2.32,0.27,430.0,0.3209,0.1664,0.9698,0.2542,0.0302,882,0.131
42003564200,2110.0,310.0,0.1502,0.0636,0.3621,0.0547,2.14,0.3,985.0,0.3604,0.0689,0.8102,0.0595,0.1898,2225,-0.0518
42003564400,5251.0,578.0,0.1065,0.0295,0.3496,0.0652,1.97,0.13,2660.0,0.4229,0.0685,0.7741,0.0599,0.2259,5626,-0.0667
42003564500,2832.0,546.0,0.19,0.0244,0.1557,0.0228,2.5,0.3,1131.0,0.2599,0.1022,0.7692,0.1291,0.2308,3208,-0.1172
42003564700,2472.0,407.0,0.2108,0.075,0.1048,0.0374,2.18,0.31,1113.0,0.4349,0.1448,0.195,0.0608,0.805,2633,-0.0611
42003564800,1587.0,231.0,0.2659,0.0568,0.218,0.0876,2.16,0.29,733.0,0.5757,0.1104,0.2374,0.0674,0.7626,2183,-0.273
42003565100,2995.0,462.0,0.1579,0.0807,0.1442,0.0304,1.88,0.17,1553.0,0.4153,0.0697,0.4862,0.0578,0.5138,2923,0.0246
42003565200,2739.0,654.0,0.1526,0.0422,0.1011,0.0269,2.04,0.19,1326.0,0.4035,0.1215,0.4578,0.0561,0.5422,2895,-0.054
42003565300,1359.0,327.0,0.2031,0.1266,0.1744,0.0217,2.64,0.33,514.0,0.3113,0.0806,0.8035,0.0941,0.1965,2320,-0.4142
42003980000,0.0,12.0,,,,,,,0.0,,,,,,539,-1.0
42003980100,0.0,12.0,,,,,,,0.0,,,,,,128,-1.0
42003980300,0.0,12.0,,,,,,,0.0,,,,,,1,-1.0
42003980400,8.0,7.0,0.0,4.2426,0.5,5.0121,,,8.0,1.0,0.0,0.5,0.6092,0.5,21,-0.6188
42003980500,9.0,10.0,0.0,3.7712,1.0,4.2251,,,9.0,1.0,0.0,1.0,0.0,0.0,77,-0.8835
42003980600,5.0,7.0,0.0,6.7882,0.0,8.3138,,,5.0,1.0,0.0,0.0,2.4,1.0,11,-0.5447
42003980700,167.0,54.0,0.0838,0.1954,0.0,0.2489,1.27,0.19,132.0,0.8485,0.1336,0.0,0.0909,1.0,19,7.7954
42003980800,0.0,12.0,,,,,,,0.0,,,,,,25,-1.0
42003980900,24.0,3.0,0.0,1.4142,0.0,1.7321,,,0.0,,,,,,1797,-0.9866
42003981000,0.0,12.0,,,,,,,0.0,,,,,,23,-1.0
42003981100,0.0,12.0,,,,,,,0.0,,,,,,7,-1.0
42003981200,0.0,12.0,,,,,,,0.0,,,,,,0,-1.0
42003981800,305.0,19.0,0.1049,0.1294,0.4951,0.2586,,,0.0,,,,,,786,-0.612
42003982200,6035.0,177.0,0.0129,0.0158,0.0,0.0098,1.63,1.17,8.0,0.625,0.683,0.0,2.125,1.0,4816,0.2531
