tract,housing_units_acs2024,n_2019,median_2019,n_2020,median_2020,n_2021,median_2021,n_2022,median_2022,n_2023,median_2023,n_2024,median_2024,n_2025,median_2025,chg_pct_2020_to_2025,n_2020_2021,n_2024_2025,median_2020_2021,median_2024_2025,chg_pct_pooled_2021_to_2425,chg_pct_pooled_reliable,sales_per_100hu_2024_2025,low_n_flag
42003010301,0.0,0,,0,,0,,0,,0,,0,,0,,,0,0,,,,,,n_2020<10; n_2025<10; pooled_2021<10; pooled_2425<10
42003010302,471.0,0,,1,176000,0,,2,97500,0,,1,509000,3,200000,0.136,1,4,176000,295000,0.676,,0.85,n_2020<10; n_2025<10; pooled_2021<10; pooled_2425<10
42003020100,3546.0,8,297426,16,303500,28,316890,41,284000,39,410500,38,326000,37,267500,-0.119,44,75,316890,290000,-0.085,-0.085,2.12,
42003020300,1925.0,4,338000,6,495000,12,487500,13,434900,13,590000,19,799000,17,525000,0.061,18,36,487500,650000,0.333,0.333,1.87,n_2020<10
42003030500,1972.0,3,181500,6,155000,18,140875,17,168000,16,220000,16,200750,18,177500,0.145,24,34,146500,181000,0.235,0.235,1.72,n_2020<10
42003040200,686.0,0,,0,,1,275000,2,166500,8,276954,10,288500,1,580000,,1,11,275000,294000,0.069,,1.6,n_2020<10; n_2025<10; pooled_2021<10
42003040400,1255.0,3,165000,18,185500,22,162350,37,234000,32,230000,37,253000,36,242253,0.306,40,73,170850,245000,0.434,0.434,5.82,
42003040500,1265.0,0,,0,,0,,0,,3,617625,2,582500,1,346000,,0,3,,565000,,,0.24,n_2020<10; n_2025<10; pooled_2021<10; pooled_2425<10
42003040600,1068.0,0,,0,,2,280000,4,490000,3,337500,2,459500,1,650000,,2,3,280000,589000,1.104,,0.28,n_2020<10; n_2025<10; pooled_2021<10; pooled_2425<10
42003040900,1810.0,4,147450,11,163000,18,210500,30,257000,23,255000,14,223500,21,235000,0.442,29,35,190000,235000,0.237,0.237,1.93,
42003050100,1100.0,1,53000,3,225000,0,,3,192500,1,275000,2,159000,3,190000,-0.156,3,5,225000,190000,-0.156,,0.45,n_2020<10; n_2025<10; pooled_2021<10; pooled_2425<10
42003050600,1095.0,2,41750,4,90000,10,81000,8,179500,7,106500,8,111950,4,235000,1.611,14,12,82250,145000,0.763,0.763,1.1,n_2020<10; n_2025<10
42003050900,813.0,0,,0,,3,105000,1,91500,0,,0,,0,,,3,0,105000,,,,0.0,n_2020<10; n_2025<10; pooled_2021<10; pooled_2425<10
42003051000,913.0,0,,0,,1,202000,0,,0,,0,,0,,,1,0,202000,,,,0.0,n_2020<10; n_2025<10; pooled_2021<10; pooled_2425<10
42003051100,270.0,0,,0,,0,,0,,0,,0,,0,,,0,0,,,,,0.0,n_2020<10; n_2025<10; pooled_2021<10; pooled_2425<10
42003060300,2008.0,11,342144,17,339000,34,430000,25,395000,21,376000,26,430000,22,445000,0.313,51,48,415000,435000,0.048,0.048,2.39,
42003060500,880.0,1,335000,6,191000,5,320000,4,274500,6,177500,4,227500,5,220000,0.152,11,9,210000,220000,0.048,,1.02,n_2020<10; n_2025<10; pooled_2425<10
42003070300,1282.0,5,550000,12,599250,15,620000,26,553048,16,550000,23,879400,27,629000,0.05,27,50,620000,682333,0.101,0.101,3.9,
42003070500,1933.0,3,315000,7,220000,20,202000,12,388450,27,450000,18,440000,21,330000,0.5,27,39,204000,385000,0.887,0.887,2.02,n_2020<10
42003070600,1412.0,4,235500,24,229750,16,231750,20,270000,22,326000,23,309900,21,335000,0.458,40,44,229750,324500,0.412,0.412,3.12,
42003070800,1904.0,1,645000,1,510000,10,612500,10,509050,6,889500,17,865000,13,750707,0.472,11,30,605000,781625,0.292,0.292,1.58,n_2020<10
42003070900,2736.0,9,265000,11,505000,33,365000,64,283750,45,300000,41,320000,39,453000,-0.103,44,80,377500,366000,-0.03,-0.03,2.92,
42003080200,1076.0,2,130000,5,180000,6,214500,4,247500,9,213000,10,257450,13,247500,0.375,11,23,195000,255000,0.308,0.308,2.14,n_2020<10
42003080400,1046.0,2,130978,0,,10,336980,9,270000,10,392500,8,394625,6,355000,,10,14,336980,363750,0.079,0.079,1.34,n_2020<10; n_2025<10
42003080600,1250.0,2,165800,4,387500,3,555000,11,380000,7,424000,10,556250,6,395000,0.019,7,16,430000,527000,0.226,,1.28,n_2020<10; n_2025<10; pooled_2021<10
42003080700,1376.0,0,,4,294000,1,645000,3,260000,1,175000,3,575000,3,375000,0.276,5,6,343000,536250,0.563,,0.44,n_2020<10; n_2025<10; pooled_2021<10; pooled_2425<10
42003080900,1204.0,2,247500,3,400000,3,190000,10,325000,10,290000,7,325000,5,369143,-0.077,6,12,194950,333250,0.709,,1.0,n_2020<10; n_2025<10; pooled_2021<10
42003090100,1388.0,4,216000,23,390000,15,360000,23,405000,23,380000,26,432500,18,395000,0.013,38,44,381500,420000,0.101,0.101,3.17,
42003090200,1548.0,3,425000,20,295000,15,255000,32,322750,27,324900,24,420000,27,452000,0.532,35,51,295000,450000,0.525,0.525,3.29,
42003090300,986.0,2,111250,11,258750,4,300000,12,338625,14,240500,10,257750,10,298500,0.154,15,20,262800,271500,0.033,0.033,2.03,
42003100500,932.0,2,126000,5,225550,2,267500,15,165000,14,230000,14,245000,18,305000,0.352,7,32,235000,274500,0.168,,3.43,n_2020<10; pooled_2021<10
42003101100,1492.0,5,350000,21,314900,21,369900,37,395000,29,385000,25,323500,39,365000,0.159,42,64,360500,360900,0.001,0.001,4.29,
42003101400,1665.0,2,218778,21,265000,13,205000,35,280000,23,306750,32,347950,25,342502,0.292,34,57,250500,346000,0.381,0.381,3.42,
42003101800,1335.0,5,132000,13,180500,18,248500,37,244000,28,272075,25,309000,37,304500,0.687,31,62,240000,304750,0.27,0.27,4.64,
42003101900,1331.0,4,74900,4,229000,6,85250,6,247875,16,192500,16,260000,8,226450,-0.011,10,24,107750,260000,1.413,1.413,1.8,n_2020<10; n_2025<10
42003110200,2364.0,3,230000,12,342750,15,570000,19,365000,30,400000,20,680000,11,655000,0.911,27,31,480000,660000,0.375,0.375,1.31,
42003110600,1135.0,2,246250,20,419000,13,457500,17,476000,17,475000,17,498000,32,474162,0.132,33,49,447000,490000,0.096,0.096,4.32,
42003111300,1561.0,3,125000,10,414500,11,430000,15,500000,18,531000,16,445000,11,625000,0.508,21,27,430000,492500,0.145,0.145,1.73,
42003111400,772.0,1,333750,8,150000,4,118738,3,164000,9,275000,8,250000,4,251750,0.678,12,12,150000,251750,0.678,0.678,1.55,n_2020<10; n_2025<10
42003111500,2679.0,1,240000,3,72997,2,128350,7,184900,3,110000,10,448750,4,394300,4.402,5,14,106700,448750,3.206,,0.52,n_2020<10; n_2025<10; pooled_2021<10
42003120300,794.0,0,,4,29000,3,65500,5,49900,7,64000,4,47500,5,67000,1.31,7,9,50119,50000,-0.002,,1.13,n_2020<10; n_2025<10; pooled_2021<10; pooled_2425<10
42003120900,861.0,0,,3,118000,4,101500,6,41798,1,107000,4,159750,4,125000,0.059,7,8,118000,138750,0.176,,0.93,n_2020<10; n_2025<10; pooled_2021<10; pooled_2425<10
42003130200,627.0,1,23500,0,,0,,1,33119,1,68000,1,115000,2,138500,,0,3,,117000,,,0.48,n_2020<10; n_2025<10; pooled_2021<10; pooled_2425<10
42003130600,1497.0,1,81500,4,49000,5,36000,6,58250,9,80400,6,111750,2,94700,0.933,9,8,45000,111750,1.483,,0.53,n_2020<10; n_2025<10; pooled_2021<10; pooled_2425<10
42003130700,1355.0,0,,1,17500,1,50500,4,43750,3,35000,3,50000,6,49000,1.8,2,9,34000,50000,0.471,,0.66,n_2020<10; n_2025<10; pooled_2021<10; pooled_2425<10
42003130800,1530.0,1,95000,3,163000,2,153500,1,40000,7,112000,6,66000,1,239900,0.472,5,7,163000,75000,-0.54,,0.46,n_2020<10; n_2025<10; pooled_2021<10; pooled_2425<10
42003140100,1145.0,4,576146,14,722500,14,705993,23,650000,24,735000,17,775000,20,779400,0.079,28,37,705993,775000,0.098,0.098,3.23,
42003140200,974.0,1,480000,6,549235,15,635000,22,765000,14,640000,11,775000,8,849000,0.546,21,19,615000,775000,0.26,0.26,1.95,n_2020<10; n_2025<10
42003140300,1540.0,2,1012450,12,442500,9,566000,31,544000,35,780000,20,893750,30,720000,0.627,21,50,560000,813000,0.452,0.452,3.25,
42003140400,971.0,2,405000,12,487500,13,638000,25,599952,24,632500,25,840000,29,750000,0.538,25,54,575000,785000,0.365,0.365,5.56,
42003140500,1229.0,2,413000,5,200000,2,342500,13,350000,9,315000,5,420000,15,295000,0.475,7,20,207000,336500,0.626,,1.63,n_2020<10; pooled_2021<10
42003140800,2017.0,1,515500,21,450000,15,450000,21,424269,19,440000,22,442000,36,622500,0.383,36,58,450000,557500,0.239,0.239,2.88,
42003141100,626.0,1,185000,6,246500,12,195673,11,275000,17,290000,13,294000,10,262500,0.065,18,23,215173,286500,0.331,0.331,3.67,n_2020<10
42003141200,1959.0,3,185000,19,408000,18,366400,34,472500,36,542500,29,553000,36,473500,0.161,37,65,385000,520000,0.351,0.351,3.32,
42003141300,2459.0,7,320000,15,239000,21,250000,34,266450,28,405500,26,458750,34,385000,0.611,36,60,240000,394034,0.642,0.642,2.44,
42003141400,2935.0,9,301000,28,327400,27,408500,38,398500,49,415000,41,435000,45,385000,0.176,55,86,360000,412000,0.144,0.144,2.93,
42003151600,1415.0,4,139500,15,180000,9,220900,29,200000,16,182950,21,215000,17,220000,0.222,24,38,192500,220000,0.143,0.143,2.69,
42003151700,2582.0,4,172000,25,179000,40,223500,52,279500,49,237000,50,259250,46,268750,0.501,65,96,208000,261250,0.256,0.256,3.72,
42003160800,1513.0,5,149000,15,150000,28,155622,28,190350,31,162500,27,195000,15,269000,0.793,43,42,154600,215000,0.391,0.391,2.78,
42003160900,2261.0,5,182000,16,233500,19,274500,22,249950,26,292000,23,285000,21,295918,0.267,35,44,242500,291000,0.2,0.2,1.95,
42003161000,1390.0,4,38000,6,60000,1,30000,5,55000,8,85000,10,120000,6,119500,0.992,7,16,55000,120000,1.182,,1.15,n_2020<10; n_2025<10; pooled_2021<10
42003170200,2505.0,13,193000,42,280000,67,284000,49,305000,48,334789,49,309000,49,325000,0.161,109,98,280000,312000,0.114,0.114,3.91,
42003170600,1146.0,6,94000,12,138000,19,150000,24,172502,18,237500,17,181100,13,146000,0.058,31,30,145000,172500,0.19,0.19,2.62,
42003180300,1246.0,3,37500,2,98500,10,47500,7,84000,11,108750,10,97500,3,70000,-0.289,12,13,50000,75000,0.5,0.5,1.04,n_2020<10; n_2025<10
42003180700,1152.0,4,236500,6,143500,6,193250,18,237750,14,232400,9,225000,13,325000,1.265,12,22,162750,249500,0.533,0.533,1.91,n_2020<10
42003190300,1275.0,2,186150,12,318250,15,319472,17,302500,6,357500,25,320000,16,341500,0.073,27,41,319472,320000,0.002,0.002,3.22,
42003191100,1493.0,11,300000,25,297000,21,425000,28,348000,32,367250,36,320000,27,345000,0.162,46,63,399250,345000,-0.136,-0.136,4.22,
42003191400,1850.0,5,125500,12,142000,12,229500,19,288911,15,275000,14,211250,15,189000,0.331,24,29,148500,200000,0.347,0.347,1.57,
42003191500,1096.0,6,67000,9,139900,12,194748,20,175000,15,199900,22,187950,12,189000,0.351,21,34,182500,187950,0.03,0.03,3.1,n_2020<10
42003191600,1970.0,7,43260,24,143750,21,155000,39,173000,35,185000,43,180000,36,195000,0.357,45,79,145000,186000,0.283,0.283,4.01,
42003191700,1664.0,4,95875,17,155000,19,160000,44,189500,46,191500,37,205000,32,207950,0.342,36,69,155500,206000,0.325,0.325,4.15,
42003191800,2704.0,15,140000,34,186350,45,172500,59,201000,55,184000,58,217000,58,234250,0.257,79,116,175000,229450,0.311,0.311,4.29,
42003191900,1119.0,6,97908,22,147500,17,138000,28,180000,18,181500,17,195000,24,207500,0.407,39,41,145000,196150,0.353,0.353,3.66,
42003192000,1739.0,5,80000,16,131600,27,115000,26,152000,27,175000,28,200000,45,185000,0.406,43,73,125000,185000,0.48,0.48,4.2,
42003202200,1360.0,6,48000,10,96500,12,123750,17,130000,17,147000,16,143000,10,159000,0.648,22,26,108250,156000,0.441,0.441,1.91,
42003202300,2073.0,4,128500,21,175000,19,210000,31,200000,27,232500,31,262000,30,236250,0.35,40,61,192750,243200,0.262,0.262,2.94,
42003241300,2299.0,3,100000,12,130000,17,110000,27,131000,29,205000,14,236500,22,167500,0.288,29,36,114000,185000,0.623,0.623,1.57,
42003250900,671.0,1,79000,1,165000,5,220000,10,167500,10,199000,2,272000,3,235000,0.424,6,5,192500,235000,0.221,,0.75,n_2020<10; n_2025<10; pooled_2021<10; pooled_2425<10
42003260200,1018.0,4,92144,12,129750,15,126000,20,175000,17,170000,20,185500,12,218500,0.684,27,32,129500,192000,0.483,0.483,3.14,
42003260700,816.0,1,195500,6,115000,7,175000,3,89900,14,245000,10,256500,11,217000,0.887,13,21,160000,247700,0.548,0.548,2.57,n_2020<10
42003261300,1114.0,0,,5,110000,11,154000,7,158000,10,167500,12,147500,3,230000,1.091,16,15,150000,168000,0.12,0.12,1.35,n_2020<10; n_2025<10
42003261400,1276.0,1,37500,5,144000,9,83700,12,86750,6,185000,5,115000,14,117500,-0.184,14,19,109150,115000,0.054,0.054,1.49,n_2020<10
42003261500,782.0,3,67000,5,68000,4,58500,6,96500,5,85000,7,199900,6,168000,1.471,9,13,65000,199900,2.075,,1.66,n_2020<10; n_2025<10; pooled_2021<10
42003262000,1314.0,3,50000,6,116750,9,60000,16,122250,17,152200,5,195900,12,157500,0.349,15,17,82500,195000,1.364,1.364,1.29,n_2020<10
42003270100,1281.0,6,66250,12,167500,18,162500,22,213500,28,227500,20,210000,22,220000,0.313,30,42,167500,217500,0.299,0.299,3.28,
42003270300,1026.0,4,66450,5,142500,6,111250,13,162500,12,149500,18,180000,9,195000,0.368,11,27,142500,185000,0.298,0.298,2.63,n_2020<10; n_2025<10
42003270800,1417.0,7,135000,13,175000,14,193750,29,210000,28,199950,15,227500,12,218000,0.246,27,27,179900,227000,0.262,0.262,1.91,
42003271600,2353.0,9,46000,17,70000,22,65000,31,120000,23,75000,18,128100,23,96500,0.379,39,41,66000,110500,0.674,0.674,1.74,
42003281400,1183.0,3,111000,16,130000,17,128000,19,175500,19,175000,18,167500,11,190000,0.462,33,29,130000,170000,0.308,0.308,2.45,
42003281500,676.0,2,113571,5,127900,11,160000,16,144000,14,180500,11,172000,10,139000,0.087,16,21,143450,170000,0.185,0.185,3.11,n_2020<10
42003290100,979.0,6,40000,6,68500,15,106500,25,150000,17,103900,13,127000,13,135000,0.971,21,26,87000,131000,0.506,0.506,2.66,n_2020<10
42003290200,2170.0,5,54500,17,87500,30,125000,35,132000,32,124950,27,140000,21,163000,0.863,47,48,98500,152450,0.548,0.548,2.21,
42003290400,2254.0,3,67000,28,118000,17,145000,33,130000,48,130000,31,169500,32,155000,0.314,45,63,125001,165000,0.32,0.32,2.8,
42003300100,1748.0,3,67500,8,36000,23,50000,30,76750,25,75000,16,92500,13,120000,2.333,31,29,47500,115000,1.421,1.421,1.66,n_2020<10
42003310200,1584.0,5,110000,27,123000,24,119650,35,165000,32,148000,29,169000,36,181750,0.478,51,65,120000,175000,0.458,0.458,4.1,
42003320400,966.0,4,98488,5,56000,7,142000,16,152000,19,170000,16,150000,25,164000,1.929,12,41,137750,159000,0.154,0.154,4.24,n_2020<10
42003320600,1091.0,1,247400,9,134900,17,169900,28,208000,22,199500,17,212000,17,240000,0.779,26,34,162500,229000,0.409,0.409,3.12,n_2020<10
42003320700,824.0,2,64000,14,123785,5,105000,18,147950,16,188830,9,163000,12,211500,0.709,19,21,110000,196000,0.782,0.782,2.55,
42003401100,2295.0,15,174900,33,135500,38,137500,41,175000,46,169450,37,164000,35,180000,0.328,71,72,135500,177500,0.31,0.31,3.14,
42003401200,1774.0,4,70860,10,97275,23,55000,19,130000,12,165250,15,125000,9,81600,-0.161,33,24,76000,100250,0.319,0.319,1.35,n_2025<10
42003401300,1247.0,9,98500,27,129000,31,148500,27,150000,24,170000,20,164250,31,171000,0.326,58,51,132662,166000,0.251,0.251,4.09,
42003402000,1701.0,5,59900,18,75500,25,90000,24,111000,19,134000,25,130000,19,148000,0.96,43,44,76000,132050,0.738,0.738,2.59,
42003403500,2261.0,3,91000,12,69800,27,85000,37,105000,24,105250,24,112250,11,123000,0.762,39,35,75000,119500,0.593,0.593,1.55,
42003404000,776.0,5,72000,9,87000,13,141111,8,208500,10,126062,17,170000,11,144000,0.655,22,28,100500,157000,0.562,0.562,3.61,n_2020<10
42003405000,523.0,1,226000,3,130000,4,277000,3,210000,4,149500,3,230000,4,280000,1.154,7,7,201500,240000,0.191,,1.34,n_2020<10; n_2025<10; pooled_2021<10; pooled_2425<10
42003406000,1017.0,3,142308,11,150000,8,191250,15,191000,12,155000,6,195200,11,205000,0.367,19,17,175000,205000,0.171,0.171,1.67,
42003407001,2671.0,10,148006,27,249000,30,255426,35,270000,42,292500,34,326000,39,350000,0.406,57,73,249000,342500,0.376,0.376,2.73,
42003407002,2869.0,11,207500,35,225000,37,230000,66,283750,45,275000,53,301000,64,310938,0.382,72,117,229500,305000,0.329,0.329,4.08,
42003408001,2400.0,9,289500,45,412500,45,415000,44,349750,25,390000,39,510000,49,565000,0.37,90,88,415000,537500,0.295,0.295,3.67,
42003408002,2711.0,15,250000,47,269900,67,287500,64,355000,55,330000,55,360000,49,355000,0.315,114,104,280000,357500,0.277,0.277,3.84,
42003409001,3516.0,40,357500,101,427500,113,520900,104,525000,64,591250,79,564000,79,652000,0.525,214,158,480000,605528,0.262,0.262,4.49,
42003409002,1787.0,22,565850,62,634225,60,679250,62,786500,62,733450,54,807500,53,770000,0.214,122,107,644500,775000,0.202,0.202,5.99,
42003410000,498.0,5,350000,13,408000,15,365000,24,451000,11,540000,5,585000,10,640000,0.569,28,15,367500,600000,0.633,0.633,3.01,
42003411001,1429.0,16,565000,36,461944,45,480000,46,651500,35,694000,32,680000,34,825000,0.786,81,66,475000,797001,0.678,0.678,4.62,
42003411002,2557.0,28,317500,76,364500,80,418000,68,440505,64,476950,67,500000,82,495000,0.358,156,149,381250,495000,0.298,0.298,5.83,
42003412002,1813.0,9,420000,35,418519,23,450000,40,479500,41,499900,36,617500,45,540000,0.29,58,81,424500,588000,0.385,0.385,4.47,
42003412003,2221.0,20,353500,57,419900,49,500000,57,385000,67,520000,47,559000,69,536000,0.276,106,116,450000,550297,0.223,0.223,5.22,
42003412004,1627.0,20,339975,49,390000,51,435000,40,400950,30,456000,30,620000,44,445000,0.141,100,74,402500,550000,0.366,0.366,4.55,
42003413100,2823.0,15,283500,50,327450,62,411500,68,357500,48,460003,52,452250,54,445000,0.359,112,106,360500,450000,0.248,0.248,3.75,
42003413201,1623.0,10,187500,32,235550,34,267204,39,295000,26,295000,40,352500,36,334500,0.42,66,76,250000,344500,0.378,0.378,4.68,
42003413202,1311.0,10,162297,27,273000,30,177150,38,297500,46,244000,28,335000,40,309500,0.134,57,68,225000,314500,0.398,0.398,5.19,
42003413300,1902.0,17,239900,42,269950,30,265450,62,327825,45,305700,43,380000,50,342778,0.27,72,93,269950,365000,0.352,0.352,4.89,
42003413400,1800.0,11,310000,38,302544,29,351000,45,390000,48,378500,42,332000,41,449744,0.487,67,83,320000,401000,0.253,0.253,4.61,
42003413500,3415.0,11,265000,47,285000,44,312500,44,346000,52,367450,50,366000,53,382000,0.34,91,103,295000,380000,0.288,0.288,3.02,
42003414101,2057.0,17,260000,51,290000,57,300000,52,333500,44,371500,44,385000,63,343000,0.183,108,107,297500,369000,0.24,0.24,5.2,
42003414102,2923.0,18,300000,56,299500,58,284500,67,360000,68,348500,64,352500,57,370000,0.235,114,121,299000,360000,0.204,0.204,4.14,
42003414200,2310.0,7,382500,36,402500,46,387450,48,347500,39,312000,46,432500,38,382000,-0.051,82,84,399950,397500,-0.006,-0.006,3.64,
42003415001,1777.0,8,128750,32,300000,25,321000,28,280000,20,391000,29,435000,34,345000,0.15,57,63,311500,395000,0.268,0.268,3.55,
42003415002,1138.0,5,311112,22,237450,24,402500,13,263460,24,370000,17,352000,15,465000,0.958,46,32,310000,375000,0.21,0.21,2.81,
42003416000,805.0,2,117500,15,133000,11,135000,14,153250,15,169900,9,161000,16,206500,0.553,26,25,134000,198000,0.478,0.478,3.11,
42003417100,1106.0,6,100500,11,130000,21,135000,15,145000,27,160000,17,160000,18,187000,0.438,32,35,134000,174000,0.299,0.299,3.16,
42003417200,697.0,6,99950,6,120000,4,150000,5,142500,3,187500,4,155000,4,146500,0.221,10,8,122500,155000,0.265,,1.15,n_2020<10; n_2025<10; pooled_2425<10
42003418000,879.0,8,101250,15,156000,18,152500,29,175000,22,171450,15,202000,18,235000,0.506,33,33,155000,226000,0.458,0.458,3.75,
42003419000,1663.0,10,150000,30,258500,20,332500,23,189900,24,356533,19,261000,30,290500,0.124,50,49,288500,270000,-0.064,-0.064,2.95,
42003420000,985.0,2,120500,9,179900,8,192500,9,215000,9,202000,12,218250,10,239500,0.331,17,22,185000,230000,0.243,0.243,2.23,n_2020<10
42003421100,2250.0,9,380000,40,286000,43,407000,59,428750,50,455000,37,549000,42,536500,0.876,83,79,358000,540000,0.508,0.508,3.51,
42003421200,1798.0,14,305000,43,335000,31,355000,48,402500,47,380000,43,505000,48,423645,0.265,74,91,337500,445349,0.32,0.32,5.06,
42003422000,1804.0,17,640000,55,800000,55,725000,46,769500,39,960000,48,965000,48,977000,0.221,110,96,752500,977000,0.298,0.298,5.32,
42003423000,1374.0,8,300000,20,317450,14,355000,29,370000,21,342500,19,415000,23,414000,0.304,34,42,330000,415000,0.258,0.258,3.06,
42003424000,1803.0,0,,8,95000,5,110000,21,125000,16,140100,10,162750,7,219000,1.305,13,17,100000,170000,0.7,0.7,0.94,n_2020<10; n_2025<10
42003425000,1754.0,3,50000,10,112500,18,110000,19,125000,18,172500,26,205000,20,177500,0.578,28,46,112500,182500,0.622,0.622,2.62,
42003426300,2449.0,27,185000,48,232000,48,230000,68,275000,74,265000,81,295000,65,306000,0.319,96,146,230000,302500,0.315,0.315,5.96,
42003426400,2120.0,16,156000,35,190000,29,207000,52,240500,40,261250,42,248250,38,264950,0.394,64,80,202500,250000,0.235,0.235,3.77,
42003426700,1231.0,7,170000,14,157500,13,188000,14,227500,27,240000,17,220000,6,298000,0.892,27,23,180000,260000,0.444,0.444,1.87,n_2025<10
42003426800,2097.0,23,218000,48,245000,46,276500,44,261000,51,300000,53,330000,41,357000,0.457,94,94,250000,343500,0.374,0.374,4.48,
42003427000,2146.0,6,40750,12,99833,11,100000,17,118500,18,140000,22,168500,20,135000,0.352,23,42,100000,157004,0.57,0.57,1.96,
42003427100,2339.0,23,205000,43,220000,37,245000,52,285500,53,262500,56,291000,64,307000,0.395,80,120,239681,300000,0.252,0.252,5.13,
42003427200,2493.0,14,160250,26,189450,23,217000,42,235000,39,240000,21,242000,38,249000,0.314,49,59,205000,245000,0.195,0.195,2.37,
42003428100,598.0,2,68750,5,169000,3,140000,8,203250,9,205000,12,227498,12,213776,0.265,8,24,154500,221748,0.435,,4.01,n_2020<10; pooled_2021<10
42003428200,993.0,9,150000,15,180928,17,220000,18,227500,23,241000,23,265000,16,267500,0.478,32,39,196000,265000,0.352,0.352,3.93,
42003429100,1192.0,5,233000,18,234000,27,225000,30,246000,24,303500,18,277500,19,287000,0.226,45,37,229000,286500,0.251,0.251,3.1,
42003429201,2219.0,13,258500,37,259000,27,255000,42,315000,33,350000,35,404900,40,392500,0.515,64,75,257000,399000,0.553,0.553,3.38,
42003429202,1887.0,11,143500,40,204750,37,199900,52,260000,54,257500,54,315150,41,308000,0.504,77,95,199900,312000,0.561,0.561,5.03,
42003429300,2828.0,12,173750,48,231200,59,279000,68,289250,56,348950,53,289900,69,315000,0.362,107,122,257500,302500,0.175,0.175,4.31,
42003429400,1968.0,7,173000,37,189900,42,202500,48,253000,33,264565,35,325000,51,279000,0.469,79,86,190000,284058,0.495,0.495,4.37,
42003429500,2513.0,18,149000,51,154000,57,197000,65,205000,55,245000,37,230000,54,242500,0.575,108,91,171750,235000,0.368,0.368,3.62,
42003429600,1692.0,10,158835,32,170735,32,192500,42,238950,35,220000,47,245000,30,241200,0.413,64,77,185750,245000,0.319,0.319,4.55,
42003429700,1099.0,5,160000,19,179900,24,220000,22,219475,25,242500,26,246232,14,253150,0.407,43,40,201500,246882,0.225,0.225,3.64,
42003430100,955.0,9,134900,11,145000,23,160000,25,180000,19,210000,14,221750,19,228000,0.572,34,33,155000,225000,0.452,0.452,3.46,
42003430200,1861.0,9,170000,43,175000,30,192000,46,220408,41,237500,41,235000,42,239950,0.371,73,83,179900,239900,0.334,0.334,4.46,
42003431100,1756.0,5,160000,13,120000,13,220000,18,209000,23,255000,13,255000,12,282000,1.35,26,25,140500,260000,0.851,0.851,1.42,
42003431400,888.0,5,95000,8,192562,14,162500,11,198000,17,230000,18,206500,23,205000,0.065,22,41,170062,205000,0.205,0.205,4.62,n_2020<10
42003431500,1868.0,3,120000,6,140500,10,201000,18,210750,29,255000,9,245000,12,226750,0.614,16,21,166250,245000,0.474,0.474,1.12,n_2020<10
42003432300,1470.0,6,129774,17,120000,14,137500,23,220000,24,210500,19,150000,19,200000,0.667,31,38,125000,180000,0.44,0.44,2.59,
42003432400,1479.0,14,109250,20,161500,17,172900,27,174900,22,176000,22,201250,20,247250,0.531,37,42,165000,226250,0.371,0.371,2.84,
42003434000,856.0,13,221500,25,270000,15,227925,9,310000,20,337200,16,387500,13,325000,0.204,40,29,252500,360000,0.426,0.426,3.39,
42003435000,1176.0,4,188950,11,125000,19,195000,20,200000,21,220000,22,261416,15,227500,0.82,30,37,189450,237500,0.254,0.254,3.15,
42003437000,2737.0,39,376000,61,400000,63,430000,63,447000,60,464000,51,459000,54,477500,0.194,124,105,427500,470000,0.099,0.099,3.84,
42003439000,627.0,8,387500,22,537188,8,310000,13,267000,11,680000,15,675000,11,755000,0.405,30,26,469500,700000,0.491,0.491,4.15,
42003445500,1913.0,17,500000,33,405000,34,351750,56,500000,53,362800,58,501250,40,509625,0.258,67,98,367500,509625,0.387,0.387,5.12,
42003446000,653.0,4,853264,21,650000,14,723106,21,895000,19,825000,18,1018730,20,999500,0.538,35,38,650000,999500,0.538,0.538,5.82,
42003447000,672.0,2,98000,9,290000,9,244000,17,325000,13,355500,15,333000,19,331000,0.141,18,34,285000,332000,0.165,0.165,5.06,n_2020<10
42003448000,629.0,1,70000,9,110000,6,134750,11,137000,14,139950,9,145000,9,164800,0.498,15,18,120000,148250,0.235,0.235,2.86,n_2020<10; n_2025<10
42003449000,1144.0,3,112900,14,194500,26,190000,24,201000,23,222500,26,228250,22,295000,0.517,40,48,190000,242500,0.276,0.276,4.2,
42003450700,1584.0,4,103125,16,114950,16,117500,30,167500,27,162000,31,149900,20,180000,0.566,32,51,117500,168000,0.43,0.43,3.22,
42003450800,1346.0,4,90500,14,118240,21,127500,29,140000,12,164000,15,172500,16,184500,0.56,35,31,119480,178000,0.49,0.49,2.3,
42003451101,1602.0,21,132500,52,269014,45,240000,41,285000,40,270000,48,305000,43,336000,0.249,97,91,268000,312000,0.164,0.164,5.68,
42003451102,2298.0,25,210000,32,250250,24,245250,43,255000,37,302000,43,264900,40,275000,0.099,56,83,249000,270000,0.084,0.084,3.61,
42003451104,1360.0,7,290000,44,309000,21,360000,39,310000,33,311000,46,387450,41,370000,0.197,65,87,325000,375000,0.154,0.154,6.4,
42003451105,2311.0,16,348700,35,252000,48,252500,36,250502,41,270000,43,255000,47,240000,-0.048,83,90,252000,245000,-0.028,-0.028,3.89,
42003451300,3045.0,24,301000,72,270500,44,338950,77,356100,63,362000,69,350000,71,370000,0.368,116,140,288700,356400,0.234,0.234,4.6,
42003452000,2950.0,27,265950,63,268000,61,307500,53,285000,56,338000,60,363750,51,385000,0.437,124,111,285704,367500,0.286,0.286,3.76,
42003453003,740.0,3,160000,10,199950,10,210000,11,240000,15,250000,6,281750,9,244000,0.22,20,15,199950,259900,0.3,0.3,2.03,n_2025<10
42003453004,3671.0,28,143050,73,196900,61,195000,81,220125,47,255000,67,265000,49,265000,0.346,134,116,196700,265000,0.347,0.347,3.16,
42003455000,705.0,2,147700,8,159500,9,220000,15,185000,6,230000,15,225000,10,245000,0.536,17,25,178500,226000,0.266,0.266,3.55,n_2020<10
42003456001,1705.0,12,371000,50,338450,51,375000,29,395000,30,402500,38,474500,35,427500,0.263,101,73,360000,465000,0.292,0.292,4.28,
42003456003,2853.0,35,281000,92,312250,103,345000,74,355500,71,360000,83,425000,82,432500,0.385,195,165,330500,425000,0.286,0.286,5.78,
42003456004,2671.0,23,233900,44,189450,70,208750,75,295000,77,221000,86,233513,68,323500,0.708,114,154,201250,272500,0.354,0.354,5.77,
42003457100,767.0,6,104500,5,159000,9,156900,8,249250,10,184000,14,207500,10,196750,0.237,14,24,157950,199750,0.265,0.265,3.13,n_2020<10
42003457200,2015.0,13,119900,31,174900,31,170000,42,196250,35,241950,29,205000,35,239900,0.372,62,64,172450,223062,0.293,0.293,3.18,
42003458001,1967.0,19,336500,44,351750,54,461675,41,439500,39,480000,44,539950,40,508000,0.444,98,84,392500,532000,0.355,0.355,4.27,
42003458002,2148.0,15,216184,25,245000,35,300000,36,309950,31,323000,20,329500,30,313500,0.28,60,50,281000,322000,0.146,0.146,2.33,
42003459101,713.0,3,225000,6,179000,7,255000,8,231100,18,270500,6,193500,3,335000,0.872,13,9,200000,306000,0.53,,1.26,n_2020<10; n_2025<10; pooled_2425<10
42003459102,2593.0,21,263000,54,256125,53,277000,57,287000,59,330000,43,357500,63,344900,0.347,107,106,267000,346950,0.299,0.299,4.09,
42003459201,3749.0,16,185000,44,216000,48,240000,55,253000,46,274950,39,335000,60,281000,0.301,92,99,230000,295000,0.283,0.283,2.64,
42003459202,500.0,7,127800,26,130000,26,143150,31,155000,25,168000,30,170000,24,169000,0.3,52,54,131750,170000,0.29,0.29,10.8,
42003460001,2188.0,17,190000,49,192000,35,243900,43,261000,53,245500,52,268000,48,271500,0.414,84,100,210000,270000,0.286,0.286,4.57,
42003460002,1679.0,12,229450,23,250000,26,266000,30,257594,31,265000,31,320000,18,325000,0.3,49,49,263500,320000,0.214,0.214,2.92,
42003461000,614.0,0,,6,88750,11,145000,7,140000,8,154950,4,168000,12,136750,0.541,17,16,134900,137250,0.017,0.017,2.61,n_2020<10
42003462100,1295.0,4,116500,9,90000,15,142000,17,135000,16,169000,9,160000,16,196000,1.178,24,25,128000,187000,0.461,0.461,1.93,n_2020<10
42003462600,1950.0,10,60000,15,79900,25,80000,40,100500,30,95535,26,122500,23,121000,0.514,40,49,79950,121000,0.513,0.513,2.51,
42003463900,1711.0,8,32250,16,61950,12,79625,26,93500,16,92500,25,115000,16,118500,0.913,28,41,65500,115000,0.756,0.756,2.4,
42003464300,1534.0,10,117000,12,146000,12,156978,24,205000,24,201500,22,197500,25,229900,0.575,24,47,153750,206000,0.34,0.34,3.06,
42003464400,1617.0,4,46250,10,66500,9,74900,19,50000,17,55000,12,55000,11,70000,0.053,19,23,74900,70000,-0.065,-0.065,1.42,
42003465600,1432.0,1,64000,11,180000,16,162500,17,237300,19,205000,16,205500,8,222500,0.236,27,24,165000,213000,0.291,0.291,1.68,n_2025<10
42003465800,1876.0,7,90500,32,211450,28,179250,26,218000,29,249900,22,197200,27,240000,0.135,60,49,195250,228400,0.17,0.17,2.61,
42003468700,911.0,3,135000,13,119900,6,203950,15,190000,14,177500,9,220000,11,250000,1.085,19,20,145000,230500,0.59,0.59,2.2,
42003468800,1477.0,21,168000,20,172000,39,220000,36,221500,27,209000,33,230000,24,237500,0.381,59,57,209900,235000,0.12,0.12,3.86,
42003468900,2139.0,5,153500,15,149000,20,190000,32,210000,22,185000,25,190000,24,227250,0.525,35,49,185000,216000,0.168,0.168,2.29,
42003469000,2545.0,19,165000,40,213500,44,235000,61,265000,41,260900,49,293000,54,325000,0.522,84,103,225000,310000,0.378,0.378,4.05,
42003470300,1946.0,8,145500,27,215000,29,233000,39,255600,28,262450,44,275000,33,290000,0.349,56,77,224250,279000,0.244,0.244,3.96,
42003470400,1437.0,9,160950,21,205000,35,220000,52,217500,32,259000,41,266560,37,267000,0.302,56,78,210000,266780,0.27,0.27,5.43,
42003470501,2377.0,8,129500,29,139150,41,188923,45,171000,50,235000,30,185000,36,201750,0.45,70,66,166750,196250,0.177,0.177,2.78,
42003470502,1331.0,8,186750,27,237000,26,171950,35,218000,42,251000,28,188500,36,270725,0.142,53,64,215000,240000,0.116,0.116,4.81,
42003470600,1560.0,8,99000,20,131500,22,126000,28,147500,17,161750,28,171450,31,202500,0.54,42,59,129500,175000,0.351,0.351,3.78,
42003471000,761.0,4,130000,12,122500,14,162500,16,184500,15,173500,8,225000,12,221250,0.806,26,20,138700,225000,0.622,0.622,2.63,
42003472100,1294.0,10,139250,26,200000,15,192000,21,193250,25,235000,21,295000,19,293000,0.465,41,40,200000,294000,0.47,0.47,3.09,
42003472200,1237.0,1,100000,19,190000,16,221250,19,263000,14,275000,21,305000,17,275000,0.447,35,38,192500,292500,0.519,0.519,3.07,
42003472300,1089.0,7,115000,16,169250,10,178500,17,234500,20,213500,11,241201,21,230000,0.359,26,32,169250,231700,0.369,0.369,2.94,
42003472400,831.0,6,154950,19,234900,13,243500,35,260000,32,283056,12,274000,30,307000,0.307,32,42,237950,296500,0.246,0.246,5.05,
42003473100,2123.0,5,217500,36,289500,37,322000,36,381500,40,411000,33,440000,43,464000,0.603,73,76,315000,458750,0.456,0.456,3.58,
42003473200,1674.0,7,202000,25,268210,21,315000,35,320000,35,305000,32,355000,30,359950,0.342,46,62,271500,355000,0.308,0.308,3.7,
42003473300,2611.0,12,262750,45,285000,47,287000,58,308000,63,319000,44,349500,63,375000,0.316,92,107,286000,365100,0.277,0.277,4.1,
42003473401,1625.0,8,314500,19,490000,17,285000,33,482500,32,578500,24,615938,26,630000,0.286,36,50,413200,620000,0.5,0.5,3.08,
42003473402,1596.0,7,312247,34,308675,23,330500,63,349900,48,385000,47,400000,30,431750,0.399,57,77,325000,412000,0.268,0.268,4.82,
42003473500,1334.0,15,366000,21,287500,26,373750,44,501250,41,510000,34,449500,36,527662,0.835,47,70,349900,506900,0.449,0.449,5.25,
42003473601,1713.0,10,342950,43,346000,25,376000,35,399000,45,435000,41,539000,28,597450,0.727,68,69,355500,552000,0.553,0.553,4.03,
42003473602,1964.0,14,245000,37,295000,32,332500,50,360000,48,378000,37,380000,48,450000,0.525,69,85,312500,425000,0.36,0.36,4.33,
42003474101,1521.0,19,295000,38,323000,30,364950,58,377500,29,348900,40,452450,29,395000,0.223,68,69,351000,445000,0.268,0.268,4.54,
42003474102,1482.0,16,376250,41,425000,32,452500,35,485000,43,500000,47,535000,42,561250,0.321,73,89,440000,550000,0.25,0.25,6.01,
42003474201,965.0,12,299500,24,358500,24,350272,34,386000,36,401250,30,437500,25,499700,0.394,48,55,356272,469000,0.316,0.316,5.7,
42003474202,2147.0,17,315000,51,349000,66,399950,60,405000,43,426000,51,500000,45,523000,0.499,117,96,375000,507269,0.353,0.353,4.47,
42003474203,1721.0,17,280000,50,295000,58,371250,59,382500,58,395500,43,417700,50,427500,0.449,108,93,354950,417700,0.177,0.177,5.4,
42003475101,2652.0,13,168000,35,177900,37,182500,41,203500,51,210000,33,252000,31,304500,0.712,72,64,180200,264500,0.468,0.468,2.41,
42003475102,703.0,6,167450,11,215000,15,262000,22,279250,20,370000,14,316500,11,315000,0.465,26,25,254250,315000,0.239,0.239,3.56,
42003475200,2409.0,17,220000,29,227000,44,233000,78,255000,47,285000,36,301108,48,317290,0.398,73,84,227500,315840,0.388,0.388,3.49,
42003475301,2306.0,9,184000,30,175000,31,190000,33,200000,31,230000,42,247600,41,259900,0.485,61,83,182000,256000,0.407,0.407,3.6,
42003475303,1753.0,12,220000,44,235500,47,255000,39,276000,31,298000,35,320000,39,307000,0.304,91,74,245000,315500,0.288,0.288,4.22,
42003475304,2381.0,19,180000,59,225000,39,251000,54,267688,63,303000,51,330000,45,310000,0.378,98,96,243000,321850,0.324,0.324,4.03,
42003475401,2016.0,19,177000,35,240000,28,256000,39,265000,31,320000,36,300500,36,319750,0.332,63,72,250000,310125,0.24,0.24,3.57,
42003475402,1452.0,12,189950,20,234000,25,290000,31,249000,28,366250,15,305000,18,387500,0.656,45,33,265000,349900,0.32,0.32,2.27,
42003476100,2481.0,9,159000,38,166500,25,175500,43,190000,28,187500,23,210000,37,221000,0.327,63,60,173000,220000,0.272,0.272,2.42,
42003476200,1606.0,5,168000,33,153000,34,171250,51,180000,42,202500,32,222500,50,221950,0.451,67,82,163000,221950,0.362,0.362,5.11,
42003477100,1928.0,13,178000,40,192000,52,192750,55,230000,44,256500,56,255000,56,245000,0.276,92,112,192250,250626,0.304,0.304,5.81,
42003477200,2121.0,8,160800,42,201000,54,210000,41,222500,33,254000,32,238000,44,248500,0.236,96,76,204950,244500,0.193,0.193,3.58,
42003477300,3081.0,11,175000,32,200500,47,215000,47,221000,34,260000,30,239000,39,265000,0.322,79,69,210000,250000,0.19,0.19,2.24,
42003478100,2125.0,9,109900,34,139250,35,159000,41,165000,44,174000,37,210000,38,180000,0.293,69,75,145000,189800,0.309,0.309,3.53,
42003478200,2703.0,17,78500,52,133000,57,145000,66,169125,48,176000,65,189900,60,190000,0.429,109,125,139000,190000,0.367,0.367,4.62,
42003479000,878.0,10,151950,14,164750,18,172250,21,219900,17,169900,17,230000,22,228000,0.384,32,39,170250,230000,0.351,0.351,4.44,
42003480101,2622.0,6,141450,26,175500,32,202000,19,230000,34,216450,38,231500,32,230000,0.311,58,70,193250,231500,0.198,0.198,2.67,
42003480102,1255.0,7,140000,19,175000,26,190000,32,203500,20,225000,29,220000,37,239900,0.371,45,66,180000,230000,0.278,0.278,5.26,
42003480200,1626.0,8,179750,38,160000,27,189500,42,215500,25,204900,36,210000,33,230000,0.438,65,69,170000,210000,0.235,0.235,4.24,
42003480300,1648.0,17,129000,33,177500,29,182500,42,205000,29,204000,42,237250,36,214250,0.207,62,78,182250,222500,0.221,0.221,4.73,
42003480400,2419.0,12,127500,34,144350,38,165500,45,174000,60,185000,42,205500,49,225000,0.559,72,91,155500,216000,0.389,0.389,3.76,
42003481000,1489.0,7,38000,9,75000,12,73138,24,71250,27,75000,16,86500,17,104500,0.393,21,33,75000,95000,0.267,0.267,2.22,n_2020<10
42003482500,959.0,5,115000,8,127450,11,172500,20,152125,12,169450,9,191000,7,208000,0.632,19,16,150000,196500,0.31,0.31,1.67,n_2020<10; n_2025<10
42003483800,1736.0,4,26000,6,22000,5,40000,16,71000,12,89505,6,99500,8,60625,1.756,11,14,38000,86750,1.283,1.283,0.81,n_2020<10; n_2025<10
42003484300,1724.0,3,57400,17,72000,20,90240,25,85000,28,139500,26,137000,28,167500,1.326,37,54,73500,151250,1.058,1.058,3.13,
42003484500,2933.0,5,106000,35,118000,36,144500,46,155000,41,170000,57,170000,44,179900,0.525,71,101,131500,172000,0.308,0.308,3.44,
42003484600,1121.0,3,48000,6,82450,14,116000,18,135500,9,140000,18,169750,11,166000,1.013,20,29,104500,169500,0.622,0.622,2.59,n_2020<10
42003485000,638.0,3,76500,4,64000,5,83500,9,118000,9,133000,4,112000,11,158000,1.469,9,15,69000,143500,1.08,,2.35,n_2020<10; pooled_2021<10
42003486700,1360.0,3,52000,1,53500,4,45000,9,115000,4,74500,8,112500,7,122000,1.28,5,15,45000,122000,1.711,,1.1,n_2020<10; n_2025<10; pooled_2021<10
42003486800,857.0,1,50000,6,24954,4,37750,6,48500,8,48950,4,56525,2,75750,2.036,10,6,35500,58750,0.655,,0.7,n_2020<10; n_2025<10; pooled_2425<10
42003486900,850.0,0,,9,33000,6,57500,10,80445,4,33500,6,54000,7,47000,0.424,15,13,38000,50000,0.316,0.316,1.53,n_2020<10; n_2025<10
42003487000,983.0,6,86450,11,74900,17,89900,10,85000,14,107139,7,120000,5,130000,0.736,28,12,81450,128500,0.578,0.578,1.22,n_2025<10
42003488100,972.0,6,102500,14,98225,13,134000,12,158950,20,157500,22,168500,17,159900,0.628,27,39,109000,167000,0.532,0.532,4.01,
42003488200,1475.0,12,66625,25,109200,15,129900,26,121500,29,144500,24,150450,27,155000,0.419,40,51,114100,151500,0.328,0.328,3.46,
42003488300,974.0,5,179000,21,150000,14,170000,26,187500,24,218500,20,210000,18,222950,0.486,35,38,165000,211500,0.282,0.282,3.9,
42003488400,2140.0,12,74100,30,94000,26,114450,46,145050,42,144600,41,170000,29,165000,0.755,56,70,103950,170000,0.635,0.635,3.27,
42003488500,1318.0,3,86920,28,121500,15,169900,26,150500,26,165250,22,185750,16,164500,0.354,43,38,145101,172000,0.185,0.185,2.88,
42003488600,2093.0,9,92500,37,140000,24,156450,52,166000,49,182500,26,194750,57,185000,0.321,61,83,145000,194500,0.341,0.341,3.97,
42003489001,2162.0,7,157900,32,201500,44,202500,47,243900,45,250000,37,249000,36,255000,0.266,76,73,201500,250000,0.241,0.241,3.38,
42003489002,1616.0,8,207500,18,182500,39,210000,44,238750,26,285000,48,292700,29,290000,0.589,57,77,196000,290400,0.482,0.482,4.76,
42003490002,2546.0,10,149200,27,180614,43,219900,40,239000,33,240000,41,280000,51,300000,0.661,70,92,199750,284950,0.427,0.427,3.61,
42003490003,1532.0,11,217000,27,225000,29,235000,41,245000,22,257450,33,250000,35,286900,0.275,56,68,228000,272500,0.195,0.195,4.44,
42003490004,1937.0,9,183000,36,210500,57,265555,45,265000,49,254000,37,285000,46,302450,0.437,93,83,230000,299000,0.3,0.3,4.28,
42003491101,2866.0,18,166200,49,290000,61,301000,51,418250,46,345000,53,350000,59,425000,0.466,110,112,300500,385000,0.281,0.281,3.91,
42003491200,1046.0,2,162450,5,209000,13,160000,9,195900,6,163250,14,232500,11,205000,-0.019,18,25,171000,225000,0.316,0.316,2.39,n_2020<10
42003492700,1098.0,3,34000,7,61000,17,33000,27,76000,15,58000,9,73000,7,77000,0.262,24,16,37500,75000,1.0,1.0,1.46,n_2020<10; n_2025<10
42003492800,1246.0,8,42500,8,57375,10,76500,13,60000,14,72000,10,114000,12,103750,0.808,18,22,70500,110250,0.564,0.564,1.77,n_2020<10
42003492900,1248.0,6,42250,20,46450,15,60000,20,71600,19,66000,18,82350,14,82450,0.775,35,32,57000,82450,0.446,0.446,2.56,
42003494000,652.0,0,,6,116950,10,109500,8,150000,9,134900,3,150000,9,190000,0.625,16,12,109500,157500,0.438,0.438,1.84,n_2020<10; n_2025<10
42003495000,1440.0,7,130000,9,104900,10,170000,16,172450,6,160700,22,217500,8,180000,0.716,19,30,127000,205000,0.614,0.614,2.08,n_2020<10; n_2025<10
42003496101,1264.0,7,155000,15,156000,16,162475,23,202000,15,190000,17,196500,17,206000,0.321,31,34,162450,202950,0.249,0.249,2.69,
42003496102,1879.0,10,166500,21,170000,26,169950,30,192450,31,184000,25,260000,23,185000,0.088,47,48,170000,208200,0.225,0.225,2.55,
42003496200,2626.0,10,142950,29,145000,23,135000,49,183500,32,210000,43,174500,31,185000,0.276,52,74,140500,179950,0.281,0.281,2.82,
42003497000,455.0,3,105000,4,84950,3,140000,3,181818,7,158500,4,250000,3,253000,1.978,7,7,99000,253000,1.556,,1.54,n_2020<10; n_2025<10; pooled_2021<10; pooled_2425<10
42003498000,1156.0,9,87500,13,99000,17,108500,26,138950,21,144500,20,123500,15,154500,0.561,30,35,105750,139900,0.323,0.323,3.03,
42003499300,762.0,3,80000,10,76200,16,91000,4,153500,15,96000,14,136023,7,110000,0.444,26,21,85000,116000,0.365,0.365,2.76,n_2025<10
42003499400,1305.0,10,38300,7,57000,22,74000,30,86500,14,112000,25,95000,15,133000,1.333,29,40,67500,114000,0.689,0.689,3.07,n_2020<10
42003500300,1817.0,15,73000,33,79900,29,89500,41,95000,38,115000,43,111500,40,123500,0.546,62,83,83750,116600,0.392,0.392,4.57,
42003501000,865.0,2,53450,9,80000,10,103550,11,131500,2,126250,8,124775,8,97000,0.212,19,16,95900,110275,0.15,0.15,1.85,n_2020<10; n_2025<10
42003503002,3089.0,16,126445,36,144250,48,157450,62,156000,51,168000,45,165200,36,177500,0.231,84,81,149900,168000,0.121,0.121,2.62,
42003504100,2557.0,11,79900,20,80450,29,125000,32,138000,32,144950,34,140000,30,126500,0.572,49,64,93000,134500,0.446,0.446,2.5,
42003507000,1137.0,3,56000,18,82500,15,90000,14,129440,13,102000,13,95000,15,125000,0.515,33,28,90000,115750,0.286,0.286,2.46,
42003508000,1147.0,2,33000,4,55000,15,40000,11,57165,6,81925,9,62607,5,90000,0.636,19,14,44000,70000,0.591,0.591,1.22,n_2020<10; n_2025<10
42003509400,2745.0,7,44100,21,60000,25,78000,30,88050,15,64000,25,95000,10,135250,1.254,46,35,67000,110000,0.642,0.642,1.28,
42003510000,1005.0,2,30500,13,60000,5,40000,10,124000,12,86105,6,68750,6,102500,0.708,18,12,46500,77250,0.661,0.661,1.19,n_2025<10
42003512000,1221.0,4,59250,10,67200,9,48000,13,80000,8,128500,12,93500,4,134725,1.005,19,16,50337,105500,1.096,1.096,1.31,n_2025<10
42003513000,1431.0,0,,8,27725,3,40000,4,52750,5,38900,7,30000,2,76000,1.741,11,9,30000,37000,0.233,,0.63,n_2020<10; n_2025<10; pooled_2425<10
42003513800,1017.0,0,,4,23000,4,45750,2,69725,3,130000,2,73500,2,49750,1.163,8,4,27000,49750,0.843,,0.39,n_2020<10; n_2025<10; pooled_2021<10; pooled_2425<10
42003514000,923.0,1,22000,3,32100,2,44250,1,137000,2,40750,4,62000,3,78000,1.43,5,7,42000,78000,0.857,,0.76,n_2020<10; n_2025<10; pooled_2021<10; pooled_2425<10
42003515100,1625.0,3,88500,21,85000,13,125000,13,133000,21,145000,21,106000,18,163950,0.929,34,39,101000,130000,0.287,0.287,2.4,
42003515200,1085.0,4,92500,18,99282,14,120250,23,141000,19,139900,19,177500,18,164000,0.652,32,37,114000,173500,0.522,0.522,3.41,
42003515300,1128.0,7,40000,6,109250,10,138000,9,195500,18,196250,8,194750,8,142900,0.308,16,16,130500,172950,0.325,0.325,1.42,n_2020<10; n_2025<10
42003515401,1053.0,4,46250,17,244900,19,238875,27,223000,23,265000,22,282500,26,377500,0.541,36,48,240938,312000,0.295,0.295,4.56,
42003516100,754.0,8,217750,19,260000,12,250000,18,345002,29,355000,18,333700,16,330000,0.269,31,34,258000,330000,0.279,0.279,4.51,
42003516200,864.0,4,219750,19,220000,9,239000,13,250000,25,315000,29,288000,16,313000,0.423,28,45,226500,289000,0.276,0.276,5.21,
42003517000,999.0,4,83000,9,108000,11,101000,11,139180,9,153000,10,190750,11,175000,0.62,20,21,105000,185000,0.762,0.762,2.1,n_2020<10
42003518001,1677.0,13,136000,44,171500,42,203220,56,237500,50,265000,49,250000,43,239000,0.394,86,92,190000,250000,0.316,0.316,5.49,
42003519000,1376.0,12,187500,45,209900,35,255000,50,230000,51,245000,31,307000,49,275000,0.31,80,80,214650,292500,0.363,0.363,5.81,
42003520001,1599.0,10,141874,25,127500,23,145000,38,211000,35,175000,36,215750,37,227000,0.78,48,73,141500,220000,0.555,0.555,4.57,
42003520002,1658.0,10,90000,29,110000,31,149000,34,161800,29,160000,33,154900,21,174900,0.59,60,54,124500,164400,0.32,0.32,3.26,
42003521100,2038.0,11,155000,36,167450,27,197250,49,212000,47,237000,46,237450,48,229950,0.373,63,94,173000,234500,0.355,0.355,4.61,
42003521200,2492.0,12,111121,31,130000,41,165000,40,169000,24,165500,27,192407,33,198000,0.523,72,60,150000,195250,0.302,0.302,2.41,
42003521301,2195.0,9,224900,47,202500,31,195000,36,203000,24,242000,28,224400,35,253000,0.249,78,63,196250,250000,0.274,0.274,2.87,
42003521302,2321.0,6,150735,26,130000,28,139000,22,156525,20,176000,14,208200,21,205000,0.577,54,35,134250,205900,0.534,0.534,1.51,
42003521401,1312.0,12,151450,13,140000,23,195000,30,203750,21,210000,20,234500,23,261000,0.864,36,43,181416,260000,0.433,0.433,3.28,
42003521402,1547.0,18,200250,34,235050,51,250000,56,266500,45,290000,41,320000,42,306000,0.302,85,83,239900,310000,0.292,0.292,5.37,
42003521500,2010.0,15,142900,34,161500,38,194880,52,203450,36,205000,45,230000,47,235000,0.455,72,92,186562,235000,0.26,0.26,4.58,
42003522000,1734.0,7,58000,7,55000,16,57750,18,89950,17,82000,14,121500,8,94450,0.717,23,22,57500,109950,0.912,0.912,1.27,n_2020<10; n_2025<10
42003523100,1765.0,9,66000,12,70000,18,84278,23,110000,27,127500,25,125000,16,180575,1.58,30,41,76000,146000,0.921,0.921,2.32,
42003523200,2029.0,15,78500,21,87000,33,102555,37,129500,49,141200,40,166648,31,168000,0.931,54,71,98000,167500,0.709,0.709,3.5,
42003523300,1917.0,6,111000,39,100000,40,140000,54,164000,39,165000,45,180000,26,204000,1.04,79,71,123000,185000,0.504,0.504,3.7,
42003523400,2515.0,18,94750,62,101500,58,125000,73,144000,54,166000,43,160000,47,169900,0.674,120,90,112450,165000,0.467,0.467,3.58,
42003523501,2036.0,20,89950,33,123000,36,120000,44,164925,42,181250,34,174200,43,175000,0.423,69,77,120100,175000,0.457,0.457,3.78,
42003523502,775.0,4,88950,12,88250,17,125000,13,130000,14,140000,14,158950,6,165000,0.87,29,20,112555,158950,0.412,0.412,2.58,n_2025<10
42003523600,2283.0,17,83000,40,130950,44,145500,45,170000,42,176950,46,186500,33,190000,0.451,84,79,136000,190000,0.397,0.397,3.46,
42003523701,1790.0,12,128500,25,127900,33,144500,38,175000,32,172500,42,185000,43,200000,0.564,58,85,131000,194900,0.488,0.488,4.75,
42003523702,2714.0,17,105000,42,115250,35,140000,59,155000,48,163000,38,184950,28,181000,0.57,77,66,120000,184950,0.541,0.541,2.43,
42003523800,2437.0,16,92000,42,135000,49,155555,58,174950,49,170000,57,187500,49,191000,0.415,91,106,144000,190000,0.319,0.319,4.35,
42003524000,1306.0,3,169900,4,106950,9,125000,11,125000,13,120000,17,180000,11,190000,0.777,13,28,125000,187500,0.5,0.5,2.14,n_2020<10
42003525100,957.0,7,215000,34,175000,32,207000,26,210750,29,240000,32,248750,23,270000,0.543,66,55,184000,261022,0.419,0.419,5.75,
42003525200,1452.0,9,271000,15,405000,27,466000,33,260000,30,503500,20,595000,26,561675,0.387,42,46,452500,575000,0.271,0.271,3.17,
42003525300,1078.0,6,162500,11,360000,13,340000,23,345000,13,244900,19,320000,23,355000,-0.014,24,42,350000,349950,-0.0,-0.0,3.9,
42003526101,3184.0,18,237000,56,225000,70,266000,41,235000,57,235000,53,262500,58,319500,0.42,126,111,237500,290000,0.221,0.221,3.49,
42003526102,987.0,5,185000,12,178750,17,271000,14,289950,20,317500,16,263964,14,335000,0.874,29,30,220000,300000,0.364,0.364,3.04,
42003526201,1491.0,14,142000,23,159900,21,205000,40,244850,26,263400,34,220000,36,247000,0.545,44,70,186450,233500,0.252,0.252,4.69,
42003526202,1916.0,10,171500,27,173000,40,212500,44,214950,32,223000,32,266400,37,230000,0.329,67,69,198000,245000,0.237,0.237,3.6,
42003526301,1661.0,11,158050,30,167500,33,192000,33,225000,38,217750,29,259900,31,238750,0.425,63,60,175000,244250,0.396,0.396,3.61,
42003526302,2294.0,19,165000,31,185000,26,216000,48,217000,37,240000,35,250000,45,252500,0.365,57,80,192000,250000,0.302,0.302,3.49,
42003550900,918.0,0,,5,19500,4,44500,4,32500,7,44500,4,47300,1,55000,1.821,9,5,29000,49600,0.71,,0.54,n_2020<10; n_2025<10; pooled_2021<10; pooled_2425<10
42003551200,1840.0,5,64700,13,36000,13,82850,23,79500,23,82000,13,95000,17,98000,1.722,26,30,51250,96500,0.883,0.883,1.63,
42003551300,1129.0,3,120000,14,89250,12,71450,25,130000,22,124000,11,174900,16,146375,0.64,26,27,71450,154000,1.155,1.155,2.39,
42003551900,906.0,0,,2,51500,1,25000,0,,1,15000,0,,1,29000,-0.437,3,1,28000,29000,0.036,,0.11,n_2020<10; n_2025<10; pooled_2021<10; pooled_2425<10
42003552000,1147.0,2,23250,8,28000,7,44000,13,73000,10,58897,13,50000,11,115000,3.107,15,24,35000,63312,0.809,0.809,2.09,n_2020<10
42003552100,482.0,1,28500,0,,1,20000,2,57250,0,,0,,0,,,1,0,20000,,,,0.0,n_2020<10; n_2025<10; pooled_2021<10; pooled_2425<10
42003552200,521.0,1,43000,2,29950,2,33750,4,62000,4,54950,4,42000,6,60570,1.022,4,10,33750,49500,0.467,,1.92,n_2020<10; n_2025<10; pooled_2021<10
42003552300,1009.0,2,30950,4,25250,5,33000,6,32250,8,42500,11,55000,3,100000,2.96,9,14,28500,59000,1.07,,1.39,n_2020<10; n_2025<10; pooled_2021<10
42003552400,1558.0,3,28500,13,54000,14,71500,27,85000,23,87000,26,106500,15,77600,0.437,27,41,61000,101000,0.656,0.656,2.63,
42003560400,934.0,3,87500,1,150000,1,53000,2,145000,4,135000,3,167900,1,250000,0.667,2,4,101500,208950,1.059,,0.43,n_2020<10; n_2025<10; pooled_2021<10; pooled_2425<10
42003560500,1514.0,2,201500,10,287500,9,249000,26,327500,21,295000,15,385000,15,385000,0.339,19,30,265000,385000,0.453,0.453,1.98,
42003561400,2564.0,9,80000,22,129500,20,110000,27,105000,21,150000,22,180250,26,181000,0.398,42,48,112000,181000,0.616,0.616,1.87,
42003561500,1785.0,5,100000,12,90165,10,96000,18,115000,18,127750,21,145000,13,140000,0.553,22,34,91165,142500,0.563,0.563,1.9,
42003561900,1125.0,0,,2,55000,4,33000,6,89250,6,91750,5,55000,3,149000,1.709,6,8,43000,88000,1.047,,0.71,n_2020<10; n_2025<10; pooled_2021<10; pooled_2425<10
42003562000,2111.0,2,960000,6,336750,6,635000,8,437000,12,725000,10,412500,8,692962,1.058,12,18,406000,425000,0.047,0.047,0.85,n_2020<10; n_2025<10
42003562300,1668.0,5,40000,6,92000,9,65000,7,100000,13,150000,9,126000,9,205000,1.228,15,18,69000,173250,1.511,1.511,1.08,n_2020<10; n_2025<10
42003562400,1315.0,4,55250,3,92000,10,113000,13,92000,11,145000,12,147500,22,163250,0.774,13,34,105000,158250,0.507,0.507,2.59,n_2020<10
42003562500,1277.0,4,80950,5,53000,17,60000,26,62550,10,124950,10,135750,5,129000,1.434,22,15,57000,132500,1.325,1.325,1.17,n_2020<10; n_2025<10
42003562600,1595.0,4,48450,5,54000,13,90000,18,104075,13,113000,23,97500,10,113750,1.106,18,33,82500,97500,0.182,0.182,2.07,n_2020<10
42003562700,1405.0,0,,1,720000,5,596900,4,588750,3,450000,3,392075,2,748000,0.039,6,5,648450,730000,0.126,,0.36,n_2020<10; n_2025<10; pooled_2021<10; pooled_2425<10
42003562800,823.0,1,55000,7,159005,6,226000,13,196000,16,169000,7,175000,11,232500,0.462,13,18,160000,198500,0.241,0.241,2.19,n_2020<10
42003562901,787.0,1,79740,4,231500,7,224900,10,237950,2,284475,12,205000,8,279000,0.205,11,20,225000,212500,-0.056,-0.056,2.54,n_2020<10; n_2025<10
42003563000,1469.0,3,34000,13,121000,10,123100,11,105000,17,142000,11,159900,11,160000,0.322,23,22,121200,159950,0.32,0.32,1.5,
42003563100,1752.0,11,110000,22,139900,24,170000,41,170000,35,196500,39,195000,33,213402,0.525,46,72,153450,199900,0.303,0.303,4.11,
42003563201,304.0,0,,0,,0,,0,,0,,0,,0,,,0,0,,,,,0.0,n_2020<10; n_2025<10; pooled_2021<10; pooled_2425<10
42003563202,1567.0,4,120000,8,220950,12,355000,13,360000,19,310000,9,372500,12,380500,0.722,20,21,294500,372500,0.265,0.265,1.34,n_2020<10
42003563300,658.0,5,537000,16,648490,7,800000,12,816000,14,680000,13,854300,12,832500,0.284,23,25,685000,854300,0.247,0.247,3.8,
42003563800,1832.0,9,216500,29,265000,20,221250,29,250000,24,365000,26,372500,40,354850,0.339,49,66,238000,370000,0.555,0.555,3.6,
42003563900,2220.0,13,103100,41,145000,35,145000,50,171865,34,180000,43,181900,35,200000,0.379,76,78,145000,186500,0.286,0.286,3.51,
42003564000,3020.0,23,290000,44,336400,60,355700,43,365000,52,382500,44,410500,56,433500,0.289,104,100,340000,426250,0.254,0.254,3.31,
42003564100,430.0,1,185000,11,360000,6,410000,12,470000,5,495000,10,442500,6,690000,0.917,17,16,360000,481000,0.336,0.336,3.72,n_2025<10
42003564200,1064.0,4,108450,12,138000,13,175000,9,174000,7,160500,22,196000,9,236550,0.714,25,31,145000,210000,0.448,0.448,2.91,n_2025<10
42003564400,2890.0,19,95000,42,99500,43,112000,44,111000,48,152500,48,143500,48,168000,0.688,85,96,103000,153500,0.49,0.49,3.32,
42003564500,1263.0,6,142250,10,131750,22,165350,17,200000,17,230000,12,216525,19,192500,0.461,32,31,162000,200000,0.235,0.235,2.45,
42003564700,1623.0,3,19000,6,41000,4,80444,9,67500,8,78700,4,49500,4,160928,2.925,10,8,49250,100000,1.03,,0.49,n_2020<10; n_2025<10; pooled_2425<10
42003564800,1143.0,0,,7,31000,3,45000,11,60000,7,85000,6,79250,4,102500,2.306,10,10,37500,92500,1.467,1.467,0.87,n_2020<10; n_2025<10
42003565100,1870.0,3,332000,10,329950,17,415000,20,361800,18,425450,26,472000,27,500000,0.515,27,53,400000,480000,0.2,0.2,2.83,
42003565200,1663.0,2,70000,5,210000,10,208600,11,257000,7,290000,11,286000,8,192500,-0.083,15,19,210000,285000,0.357,0.357,1.14,n_2020<10; n_2025<10
42003565300,558.0,4,90250,10,172500,4,205200,11,114000,9,172000,8,192500,5,214900,0.246,14,13,174950,210000,0.2,0.2,2.33,n_2025<10
42003802101,,0,,0,,0,,0,,0,,0,,1,322000,,0,1,,322000,,,,n_2020<10; n_2025<10; pooled_2021<10; pooled_2425<10
42003980000,0.0,0,,0,,0,,0,,0,,0,,0,,,0,0,,,,,,n_2020<10; n_2025<10; pooled_2021<10; pooled_2425<10
42003980100,0.0,0,,0,,0,,0,,0,,0,,0,,,0,0,,,,,,n_2020<10; n_2025<10; pooled_2021<10; pooled_2425<10
42003980300,0.0,0,,0,,0,,0,,0,,0,,0,,,0,0,,,,,,n_2020<10; n_2025<10; pooled_2021<10; pooled_2425<10
42003980400,8.0,0,,0,,0,,0,,0,,0,,0,,,0,0,,,,,0.0,n_2020<10; n_2025<10; pooled_2021<10; pooled_2425<10
42003980500,9.0,0,,0,,1,85500,1,140000,0,,0,,0,,,1,0,85500,,,,0.0,n_2020<10; n_2025<10; pooled_2021<10; pooled_2425<10
42003980600,5.0,0,,0,,0,,0,,0,,0,,0,,,0,0,,,,,0.0,n_2020<10; n_2025<10; pooled_2021<10; pooled_2425<10
42003980700,191.0,0,,0,,0,,0,,0,,0,,0,,,0,0,,,,,0.0,n_2020<10; n_2025<10; pooled_2021<10; pooled_2425<10
42003980800,0.0,0,,0,,0,,0,,0,,0,,0,,,0,0,,,,,,n_2020<10; n_2025<10; pooled_2021<10; pooled_2425<10
42003980900,0.0,0,,0,,0,,0,,0,,0,,0,,,0,0,,,,,,n_2020<10; n_2025<10; pooled_2021<10; pooled_2425<10
42003981000,0.0,0,,0,,0,,0,,0,,0,,0,,,0,0,,,,,,n_2020<10; n_2025<10; pooled_2021<10; pooled_2425<10
42003981100,0.0,0,,0,,0,,0,,0,,0,,0,,,0,0,,,,,,n_2020<10; n_2025<10; pooled_2021<10; pooled_2425<10
42003981200,0.0,0,,0,,0,,0,,0,,0,,0,,,0,0,,,,,,n_2020<10; n_2025<10; pooled_2021<10; pooled_2425<10
42003981800,0.0,0,,0,,0,,0,,0,,0,,0,,,0,0,,,,,,n_2020<10; n_2025<10; pooled_2021<10; pooled_2425<10
42003982200,8.0,0,,0,,0,,0,,0,,0,,0,,,0,0,,,,,0.0,n_2020<10; n_2025<10; pooled_2021<10; pooled_2425<10
