tract,households_2020_census,housing_units_2020_census,pop_2020_census,households_acs2024,households_acs2024_moe,hh_change,hh_change_pct,hh_change_pct_moe,change_exceeds_moe,small_base_flag
42003010301,0,0,1807,0.0,12.0,,,,,True
42003010302,391,479,4075,329.0,81.0,-62,-0.1586,0.2072,False,False
42003020100,2626,3345,4729,2484.0,369.0,-142,-0.0541,0.1405,False,False
42003020300,1241,1428,1845,1486.0,216.0,245,0.1974,0.1741,True,False
42003030500,1730,1926,3041,1583.0,248.0,-147,-0.085,0.1434,False,False
42003040200,569,765,2534,451.0,72.0,-118,-0.2074,0.1265,True,False
42003040400,991,1106,2220,956.0,138.0,-35,-0.0353,0.1393,False,False
42003040500,1250,1460,3781,924.0,191.0,-326,-0.2608,0.1528,True,False
42003040600,1003,1175,2054,767.0,104.0,-236,-0.2353,0.1037,True,False
42003040900,1632,1893,3326,1449.0,224.0,-183,-0.1121,0.1373,False,False
42003050100,926,1093,1757,887.0,150.0,-39,-0.0421,0.162,False,False
42003050600,844,1107,1723,777.0,152.0,-67,-0.0794,0.1801,False,False
42003050900,746,826,1386,766.0,91.0,20,0.0268,0.122,False,False
42003051000,768,833,1703,752.0,227.0,-16,-0.0208,0.2956,False,False
42003051100,233,255,617,260.0,53.0,27,0.1159,0.2275,False,False
42003060300,1519,1705,2641,1681.0,167.0,162,0.1066,0.1099,False,False
42003060500,675,775,1201,665.0,107.0,-10,-0.0148,0.1585,False,False
42003070300,1191,1287,2243,1018.0,144.0,-173,-0.1453,0.1209,True,False
42003070500,1865,2005,3040,1712.0,170.0,-153,-0.082,0.0912,False,False
42003070600,1329,1400,2194,1239.0,241.0,-90,-0.0677,0.1813,False,False
42003070800,1737,1848,2853,1635.0,204.0,-102,-0.0587,0.1174,False,False
42003070900,2646,2884,4987,2335.0,301.0,-311,-0.1175,0.1138,True,False
42003080200,906,1014,1618,939.0,100.0,33,0.0364,0.1104,False,False
42003080400,986,1049,1674,921.0,129.0,-65,-0.0659,0.1308,False,False
42003080600,1140,1216,2008,1053.0,138.0,-87,-0.0763,0.1211,False,False
42003080700,1243,1333,1963,1235.0,184.0,-8,-0.0064,0.148,False,False
42003080900,1059,1153,1824,1120.0,158.0,61,0.0576,0.1492,False,False
42003090100,1227,1385,2038,1260.0,156.0,33,0.0269,0.1271,False,False
42003090200,1367,1534,2678,1322.0,181.0,-45,-0.0329,0.1324,False,False
42003090300,834,973,1541,791.0,128.0,-43,-0.0516,0.1535,False,False
42003100500,904,957,2013,919.0,82.0,15,0.0166,0.0907,False,False
42003101100,1261,1459,2394,1143.0,134.0,-118,-0.0936,0.1063,False,False
42003101400,1556,1688,3252,1460.0,204.0,-96,-0.0617,0.1311,False,False
42003101800,1150,1242,2414,1324.0,156.0,174,0.1513,0.1357,True,False
42003101900,1029,1201,2432,1133.0,171.0,104,0.1011,0.1662,False,False
42003110200,1891,2117,3787,2144.0,351.0,253,0.1338,0.1856,False,False
42003110600,1035,1107,2440,1062.0,116.0,27,0.0261,0.1121,False,False
42003111300,1252,1451,2658,1204.0,166.0,-48,-0.0383,0.1326,False,False
42003111400,606,719,1211,660.0,99.0,54,0.0891,0.1634,False,False
42003111500,2022,2255,3529,2146.0,324.0,124,0.0613,0.1602,False,False
42003120300,651,796,1424,609.0,136.0,-42,-0.0645,0.2089,False,False
42003120900,678,852,1545,597.0,142.0,-81,-0.1195,0.2094,False,False
42003130200,431,581,1028,389.0,63.0,-42,-0.0974,0.1462,False,False
42003130600,1228,1449,2892,1232.0,161.0,4,0.0033,0.1311,False,False
42003130700,1000,1309,2231,1064.0,176.0,64,0.064,0.176,False,False
42003130800,1056,1331,2260,938.0,214.0,-118,-0.1117,0.2027,False,False
42003140100,1043,1122,5579,1048.0,123.0,5,0.0048,0.1179,False,False
42003140200,1061,1143,2771,853.0,107.0,-208,-0.196,0.1008,True,False
42003140300,1516,1601,3529,1335.0,148.0,-181,-0.1194,0.0976,True,False
42003140400,927,984,2312,876.0,93.0,-51,-0.055,0.1003,False,False
42003140500,1005,1166,1988,1133.0,263.0,128,0.1274,0.2617,False,False
42003140800,1938,2086,4658,1873.0,232.0,-65,-0.0335,0.1197,False,False
42003141100,601,635,1339,611.0,57.0,10,0.0166,0.0948,False,False
42003141200,1804,1928,4007,1833.0,155.0,29,0.0161,0.0859,False,False
42003141300,2457,2609,5048,2299.0,234.0,-158,-0.0643,0.0952,False,False
42003141400,2718,3002,5593,2582.0,298.0,-136,-0.05,0.1096,False,False
42003151600,1114,1233,2305,1253.0,206.0,139,0.1248,0.1849,False,False
42003151700,2351,2533,4956,2330.0,396.0,-21,-0.0089,0.1684,False,False
42003160800,1283,1488,2552,1258.0,218.0,-25,-0.0195,0.1699,False,False
42003160900,2217,2465,3483,2023.0,219.0,-194,-0.0875,0.0988,False,False
42003161000,1162,1321,2666,1146.0,244.0,-16,-0.0138,0.21,False,False
42003170200,2172,2564,3984,2138.0,283.0,-34,-0.0157,0.1303,False,False
42003170600,872,1086,1775,897.0,135.0,25,0.0287,0.1548,False,False
42003180300,987,1160,2305,984.0,207.0,-3,-0.003,0.2097,False,False
42003180700,1028,1152,2050,1092.0,104.0,64,0.0623,0.1012,False,False
42003190300,1090,1227,1930,1231.0,173.0,141,0.1294,0.1587,False,False
42003191100,1286,1432,2397,1352.0,161.0,66,0.0513,0.1252,False,False
42003191400,1548,1776,2725,1548.0,221.0,0,0.0,0.1428,False,False
42003191500,1090,1209,2005,908.0,131.0,-182,-0.167,0.1202,True,False
42003191600,1853,2045,4141,1779.0,208.0,-74,-0.0399,0.1123,False,False
42003191700,1527,1621,3391,1475.0,160.0,-52,-0.0341,0.1048,False,False
42003191800,2436,2590,5252,2634.0,273.0,198,0.0813,0.1121,False,False
42003191900,989,1073,2177,1085.0,182.0,96,0.0971,0.184,False,False
42003192000,1619,1803,3455,1456.0,175.0,-163,-0.1007,0.1081,False,False
42003202200,1102,1236,2550,1195.0,222.0,93,0.0844,0.2015,False,False
42003202300,2028,2136,4127,1902.0,268.0,-126,-0.0621,0.1321,False,False
42003241300,1798,2225,3395,1888.0,234.0,90,0.0501,0.1301,False,False
42003250900,559,671,1140,608.0,117.0,49,0.0877,0.2093,False,False
42003260200,910,1027,2092,905.0,114.0,-5,-0.0055,0.1253,False,False
42003260700,699,796,1653,639.0,129.0,-60,-0.0858,0.1845,False,False
42003261300,994,1076,2767,991.0,153.0,-3,-0.003,0.1539,False,False
42003261400,991,1206,2241,986.0,157.0,-5,-0.005,0.1584,False,False
42003261500,707,870,1524,674.0,116.0,-33,-0.0467,0.1641,False,False
42003262000,1087,1261,2400,1200.0,147.0,113,0.104,0.1352,False,False
42003270100,1120,1226,2578,1181.0,183.0,61,0.0545,0.1634,False,False
42003270300,893,991,1906,945.0,182.0,52,0.0582,0.2038,False,False
42003270800,1246,1324,2621,1281.0,263.0,35,0.0281,0.2111,False,False
42003271600,1737,2064,4046,2152.0,338.0,415,0.2389,0.1946,True,False
42003281400,1037,1120,2552,1092.0,154.0,55,0.053,0.1485,False,False
42003281500,643,704,1447,590.0,77.0,-53,-0.0824,0.1198,False,False
42003290100,911,1032,2130,770.0,134.0,-141,-0.1548,0.1471,True,False
42003290200,1753,1969,4141,1865.0,250.0,112,0.0639,0.1426,False,False
42003290400,1810,2016,4019,1841.0,201.0,31,0.0171,0.111,False,False
42003300100,1361,1714,3493,1177.0,172.0,-184,-0.1352,0.1264,True,False
42003310200,1414,1563,3155,1402.0,141.0,-12,-0.0085,0.0997,False,False
42003320400,817,897,1870,895.0,126.0,78,0.0955,0.1542,False,False
42003320600,994,1052,2243,1019.0,114.0,25,0.0252,0.1147,False,False
42003320700,720,776,1613,701.0,105.0,-19,-0.0264,0.1458,False,False
42003401100,2140,2279,4601,2157.0,255.0,17,0.0079,0.1192,False,False
42003401200,1370,1648,2911,1263.0,204.0,-107,-0.0781,0.1489,False,False
42003401300,1149,1233,2645,1174.0,170.0,25,0.0218,0.148,False,False
42003402000,1494,1675,3240,1533.0,166.0,39,0.0261,0.1111,False,False
42003403500,1996,2334,4352,2020.0,244.0,24,0.012,0.1222,False,False
42003404000,658,778,1490,639.0,83.0,-19,-0.0289,0.1261,False,False
42003405000,499,535,1161,475.0,65.0,-24,-0.0481,0.1303,False,False
42003406000,977,1032,2210,928.0,113.0,-49,-0.0502,0.1157,False,False
42003407001,2423,2568,5586,2487.0,242.0,64,0.0264,0.0999,False,False
42003407002,2744,2869,6676,2844.0,199.0,100,0.0364,0.0725,False,False
42003408001,2170,2326,5633,2117.0,169.0,-53,-0.0244,0.0779,False,False
42003408002,2358,2422,6309,2621.0,309.0,263,0.1115,0.131,False,False
42003409001,3216,3363,9192,3317.0,263.0,101,0.0314,0.0818,False,False
42003409002,1660,1731,5499,1787.0,217.0,127,0.0765,0.1307,False,False
42003410000,487,505,1183,483.0,68.0,-4,-0.0082,0.1396,False,False
42003411001,1307,1343,4004,1429.0,129.0,122,0.0933,0.0987,False,False
42003411002,2302,2458,6076,2388.0,218.0,86,0.0374,0.0947,False,False
42003412002,1634,1673,4865,1782.0,261.0,148,0.0906,0.1597,False,False
42003412003,2192,2243,6312,2132.0,182.0,-60,-0.0274,0.083,False,False
42003412004,1550,1640,4302,1485.0,170.0,-65,-0.0419,0.1097,False,False
42003413100,2789,2865,6998,2671.0,207.0,-118,-0.0423,0.0742,False,False
42003413201,1590,1661,3826,1550.0,116.0,-40,-0.0252,0.073,False,False
42003413202,1224,1274,2860,1240.0,151.0,16,0.0131,0.1234,False,False
42003413300,1882,1937,4876,1826.0,166.0,-56,-0.0298,0.0882,False,False
42003413400,1720,1765,4517,1677.0,162.0,-43,-0.025,0.0942,False,False
42003413500,2950,3218,6621,3222.0,359.0,272,0.0922,0.1217,False,False
42003414101,2093,2150,5499,2033.0,201.0,-60,-0.0287,0.096,False,False
42003414102,2902,3104,7044,2738.0,260.0,-164,-0.0565,0.0896,False,False
42003414200,2256,2351,5936,2038.0,201.0,-218,-0.0966,0.0891,True,False
42003415001,1644,1773,4650,1654.0,152.0,10,0.0061,0.0925,False,False
42003415002,985,1046,2604,1058.0,109.0,73,0.0741,0.1107,False,False
42003416000,746,819,1540,724.0,74.0,-22,-0.0295,0.0992,False,False
42003417100,976,1044,2166,1075.0,86.0,99,0.1014,0.0881,True,False
42003417200,632,694,1234,580.0,74.0,-52,-0.0823,0.1171,False,False
42003418000,805,850,1672,780.0,83.0,-25,-0.0311,0.1031,False,False
42003419000,1514,1721,3133,1597.0,115.0,83,0.0548,0.076,False,False
42003420000,851,922,1454,910.0,144.0,59,0.0693,0.1692,False,False
42003421100,2045,2225,4969,2123.0,174.0,78,0.0381,0.0851,False,False
42003421200,1732,1821,4315,1644.0,219.0,-88,-0.0508,0.1264,False,False
42003422000,1834,1957,5343,1725.0,130.0,-109,-0.0594,0.0709,False,False
42003423000,1367,1478,2916,1192.0,115.0,-175,-0.128,0.0841,True,False
42003424000,1614,1851,3187,1612.0,162.0,-2,-0.0012,0.1004,False,False
42003425000,1629,1806,3437,1628.0,168.0,-1,-0.0006,0.1031,False,False
42003426300,2468,2543,5982,2449.0,179.0,-19,-0.0077,0.0725,False,False
42003426400,2039,2116,4435,2034.0,244.0,-5,-0.0025,0.1197,False,False
42003426700,1159,1212,2303,1133.0,180.0,-26,-0.0224,0.1553,False,False
42003426800,2051,2104,5150,2050.0,236.0,-1,-0.0005,0.1151,False,False
42003427000,1759,2038,3376,1646.0,145.0,-113,-0.0642,0.0824,False,False
42003427100,2204,2260,5340,2234.0,268.0,30,0.0136,0.1216,False,False
42003427200,2241,2451,4922,2414.0,251.0,173,0.0772,0.112,False,False
42003428100,523,589,1187,575.0,89.0,52,0.0994,0.1702,False,False
42003428200,935,981,2068,959.0,80.0,24,0.0257,0.0856,False,False
42003429100,1167,1249,2607,1120.0,203.0,-47,-0.0403,0.174,False,False
42003429201,2018,2144,4941,2042.0,191.0,24,0.0119,0.0946,False,False
42003429202,1907,1973,4605,1801.0,139.0,-106,-0.0556,0.0729,False,False
42003429300,2872,2957,6546,2828.0,211.0,-44,-0.0153,0.0735,False,False
42003429400,1959,2019,4498,1815.0,188.0,-144,-0.0735,0.096,False,False
42003429500,2476,2648,4412,2314.0,243.0,-162,-0.0654,0.0981,False,False
42003429600,1691,1767,3588,1663.0,141.0,-28,-0.0166,0.0834,False,False
42003429700,1067,1131,2370,980.0,151.0,-87,-0.0815,0.1415,False,False
42003430100,940,997,2134,933.0,181.0,-7,-0.0074,0.1926,False,False
42003430200,2077,2200,4551,1861.0,166.0,-216,-0.104,0.0799,True,False
42003431100,1713,1854,3253,1657.0,193.0,-56,-0.0327,0.1127,False,False
42003431400,896,983,1893,874.0,101.0,-22,-0.0246,0.1127,False,False
42003431500,1735,1888,3165,1522.0,219.0,-213,-0.1228,0.1262,False,False
42003432300,1209,1282,2183,1365.0,206.0,156,0.129,0.1704,False,False
42003432400,1335,1466,2579,1345.0,180.0,10,0.0075,0.1348,False,False
42003434000,748,797,1918,797.0,102.0,49,0.0655,0.1364,False,False
42003435000,1169,1227,2525,1112.0,106.0,-57,-0.0488,0.0907,False,False
42003437000,2748,2877,7178,2622.0,159.0,-126,-0.0459,0.0579,False,False
42003439000,550,580,1505,581.0,53.0,31,0.0564,0.0964,False,False
42003445500,1776,2008,3907,1642.0,121.0,-134,-0.0755,0.0681,True,False
42003446000,601,640,1669,597.0,62.0,-4,-0.0067,0.1032,False,False
42003447000,598,633,1624,651.0,155.0,53,0.0886,0.2592,False,False
42003448000,542,612,1162,558.0,67.0,16,0.0295,0.1236,False,False
42003449000,1034,1115,2488,975.0,128.0,-59,-0.0571,0.1238,False,False
42003450700,1488,1646,3033,1354.0,209.0,-134,-0.0901,0.1405,False,False
42003450800,1248,1414,2526,1235.0,137.0,-13,-0.0104,0.1098,False,False
42003451101,1543,1611,3792,1548.0,177.0,5,0.0032,0.1147,False,False
42003451102,2058,2220,6047,2190.0,293.0,132,0.0641,0.1424,False,False
42003451104,1390,1400,3966,1320.0,189.0,-70,-0.0504,0.136,False,False
42003451105,2372,2582,5625,2142.0,219.0,-230,-0.097,0.0923,True,False
42003451300,3029,3243,7810,2965.0,355.0,-64,-0.0211,0.1172,False,False
42003452000,2578,2712,6372,2850.0,290.0,272,0.1055,0.1125,False,False
42003453003,722,767,2184,720.0,97.0,-2,-0.0028,0.1343,False,False
42003453004,3263,3445,7258,3250.0,415.0,-13,-0.004,0.1272,False,False
42003455000,645,691,1475,689.0,88.0,44,0.0682,0.1364,False,False
42003456001,1611,1690,4679,1662.0,180.0,51,0.0317,0.1117,False,False
42003456003,2855,2964,8059,2649.0,182.0,-206,-0.0722,0.0637,True,False
42003456004,2321,2436,5620,2572.0,200.0,251,0.1081,0.0862,True,False
42003457100,747,799,1406,695.0,89.0,-52,-0.0696,0.1191,False,False
42003457200,1639,1788,3398,1808.0,151.0,169,0.1031,0.0921,True,False
42003458001,1939,2119,4333,1875.0,160.0,-64,-0.033,0.0825,False,False
42003458002,1969,2070,4602,2053.0,211.0,84,0.0427,0.1072,False,False
42003459101,673,710,1733,683.0,76.0,10,0.0149,0.1129,False,False
42003459102,2558,2679,6426,2514.0,207.0,-44,-0.0172,0.0809,False,False
42003459201,3453,3811,7344,3543.0,281.0,90,0.0261,0.0814,False,False
42003459202,470,499,677,474.0,61.0,4,0.0085,0.1298,False,False
42003460001,2103,2158,4925,2141.0,182.0,38,0.0181,0.0865,False,False
42003460002,1695,1778,3776,1581.0,156.0,-114,-0.0673,0.092,False,False
42003461000,581,637,1108,594.0,47.0,13,0.0224,0.0809,False,False
42003462100,1156,1331,2524,1158.0,184.0,2,0.0017,0.1592,False,False
42003462600,1705,2003,3902,1689.0,231.0,-16,-0.0094,0.1355,False,False
42003463900,1232,1443,2712,1439.0,274.0,207,0.168,0.2224,False,False
42003464300,1549,1649,3391,1534.0,177.0,-15,-0.0097,0.1143,False,False
42003464400,1476,1752,3208,1274.0,201.0,-202,-0.1369,0.1362,True,False
42003465600,1310,1390,2494,1319.0,170.0,9,0.0069,0.1298,False,False
42003465800,1662,1791,3605,1700.0,199.0,38,0.0229,0.1197,False,False
42003468700,809,894,1670,843.0,88.0,34,0.042,0.1088,False,False
42003468800,1320,1410,2553,1423.0,153.0,103,0.078,0.1159,False,False
42003468900,1872,2041,3911,1951.0,201.0,79,0.0422,0.1074,False,False
42003469000,2303,2445,4941,2432.0,169.0,129,0.056,0.0734,False,False
42003470300,1816,1942,4317,1783.0,177.0,-33,-0.0182,0.0975,False,False
42003470400,1380,1441,3068,1375.0,185.0,-5,-0.0036,0.1341,False,False
42003470501,2061,2241,4317,2272.0,349.0,211,0.1024,0.1693,False,False
42003470502,1296,1359,3011,1144.0,149.0,-152,-0.1173,0.115,True,False
42003470600,1460,1584,2936,1396.0,134.0,-64,-0.0438,0.0918,False,False
42003471000,625,684,1288,675.0,97.0,50,0.08,0.1552,False,False
42003472100,1219,1305,2395,1186.0,133.0,-33,-0.0271,0.1091,False,False
42003472200,1085,1126,2224,1188.0,203.0,103,0.0949,0.1871,False,False
42003472300,946,1029,1849,943.0,145.0,-3,-0.0032,0.1533,False,False
42003472400,801,839,1776,796.0,116.0,-5,-0.0062,0.1448,False,False
42003473100,2166,2293,4963,1936.0,224.0,-230,-0.1062,0.1034,True,False
42003473200,1625,1733,3294,1589.0,147.0,-36,-0.0222,0.0905,False,False
42003473300,2384,2507,5771,2411.0,270.0,27,0.0113,0.1133,False,False
42003473401,1579,1674,3731,1534.0,149.0,-45,-0.0285,0.0944,False,False
42003473402,1486,1588,3678,1490.0,166.0,4,0.0027,0.1117,False,False
42003473500,1298,1355,3788,1205.0,131.0,-93,-0.0716,0.1009,False,False
42003473601,1620,1749,4136,1604.0,165.0,-16,-0.0099,0.1019,False,False
42003473602,1903,1986,4714,1877.0,150.0,-26,-0.0137,0.0788,False,False
42003474101,1531,1589,4460,1498.0,158.0,-33,-0.0216,0.1032,False,False
42003474102,1404,1491,3901,1343.0,135.0,-61,-0.0434,0.0962,False,False
42003474201,901,931,2634,933.0,127.0,32,0.0355,0.141,False,False
42003474202,2042,2199,5363,2084.0,176.0,42,0.0206,0.0862,False,False
42003474203,1628,1677,4802,1692.0,211.0,64,0.0393,0.1296,False,False
42003475101,2438,2658,4977,2417.0,253.0,-21,-0.0086,0.1038,False,False
42003475102,668,707,1677,679.0,56.0,11,0.0165,0.0838,False,False
42003475200,2340,2429,5568,2288.0,207.0,-52,-0.0222,0.0885,False,False
42003475301,2082,2183,4460,2150.0,408.0,68,0.0327,0.196,False,False
42003475303,1592,1683,4150,1726.0,191.0,134,0.0842,0.12,False,False
42003475304,2289,2373,5466,2381.0,223.0,92,0.0402,0.0974,False,False
42003475401,1690,1766,4066,1827.0,258.0,137,0.0811,0.1527,False,False
42003475402,1264,1326,3213,1361.0,308.0,97,0.0767,0.2437,False,False
42003476100,2471,2650,4979,2261.0,192.0,-210,-0.085,0.0777,True,False
42003476200,1499,1574,3270,1527.0,187.0,28,0.0187,0.1247,False,False
42003477100,1663,1763,3779,1817.0,162.0,154,0.0926,0.0974,False,False
42003477200,1997,2071,4466,2054.0,196.0,57,0.0285,0.0981,False,False
42003477300,2810,3060,6819,2856.0,229.0,46,0.0164,0.0815,False,False
42003478100,2053,2209,4363,1958.0,227.0,-95,-0.0463,0.1106,False,False
42003478200,2445,2654,5719,2604.0,366.0,159,0.065,0.1497,False,False
42003479000,863,892,1985,849.0,98.0,-14,-0.0162,0.1136,False,False
42003480101,2550,2722,5975,2400.0,249.0,-150,-0.0588,0.0976,False,False
42003480102,1323,1365,3121,1216.0,121.0,-107,-0.0809,0.0915,False,False
42003480200,1450,1531,3797,1460.0,193.0,10,0.0069,0.1331,False,False
42003480300,1540,1617,3613,1570.0,164.0,30,0.0195,0.1065,False,False
42003480400,2193,2288,5004,2209.0,245.0,16,0.0073,0.1117,False,False
42003481000,1475,1765,3394,1199.0,204.0,-276,-0.1871,0.1383,True,False
42003482500,866,1018,1872,838.0,118.0,-28,-0.0323,0.1363,False,False
42003483800,1467,1891,2884,1416.0,257.0,-51,-0.0348,0.1752,False,False
42003484300,1463,1797,3122,1435.0,177.0,-28,-0.0191,0.121,False,False
42003484500,2685,2917,5614,2728.0,284.0,43,0.016,0.1058,False,False
42003484600,991,1110,2038,991.0,189.0,0,0.0,0.1907,False,False
42003485000,544,612,1179,549.0,103.0,5,0.0092,0.1893,False,False
42003486700,1132,1300,2212,980.0,152.0,-152,-0.1343,0.1343,False,False
42003486800,669,825,1653,572.0,108.0,-97,-0.145,0.1614,False,False
42003486900,590,720,1389,669.0,170.0,79,0.1339,0.2881,False,False
42003487000,855,978,1612,871.0,133.0,16,0.0187,0.1556,False,False
42003488100,920,1002,2149,951.0,142.0,31,0.0337,0.1543,False,False
42003488200,1441,1584,3441,1326.0,195.0,-115,-0.0798,0.1353,False,False
42003488300,918,997,2008,844.0,107.0,-74,-0.0806,0.1166,False,False
42003488400,2124,2300,4649,2049.0,235.0,-75,-0.0353,0.1106,False,False
42003488500,1268,1330,2742,1197.0,217.0,-71,-0.056,0.1711,False,False
42003488600,2038,2194,4600,1919.0,175.0,-119,-0.0584,0.0859,False,False
42003489001,1932,2071,4703,1936.0,148.0,4,0.0021,0.0766,False,False
42003489002,1542,1588,3801,1509.0,192.0,-33,-0.0214,0.1245,False,False
42003490002,2279,2470,5102,2340.0,251.0,61,0.0268,0.1101,False,False
42003490003,1478,1545,3679,1437.0,129.0,-41,-0.0277,0.0873,False,False
42003490004,1920,1999,4946,1928.0,142.0,8,0.0042,0.074,False,False
42003491101,2807,2902,7681,2644.0,217.0,-163,-0.0581,0.0773,False,False
42003491200,899,995,2114,955.0,107.0,56,0.0623,0.119,False,False
42003492700,861,1042,1819,850.0,164.0,-11,-0.0128,0.1905,False,False
42003492800,1123,1382,2465,1015.0,144.0,-108,-0.0962,0.1282,False,False
42003492900,884,1125,1897,850.0,174.0,-34,-0.0385,0.1968,False,False
42003494000,620,706,1398,577.0,58.0,-43,-0.0694,0.0935,False,False
42003495000,1336,1458,3070,1368.0,109.0,32,0.024,0.0816,False,False
42003496101,1218,1292,3031,1178.0,186.0,-40,-0.0328,0.1527,False,False
42003496102,1864,1975,4370,1779.0,200.0,-85,-0.0456,0.1073,False,False
42003496200,2440,2658,5581,2296.0,158.0,-144,-0.059,0.0648,False,False
42003497000,422,457,932,443.0,82.0,21,0.0498,0.1943,False,False
42003498000,1065,1146,2355,1060.0,140.0,-5,-0.0047,0.1315,False,False
42003499300,748,833,1678,701.0,98.0,-47,-0.0628,0.131,False,False
42003499400,1227,1455,2797,1128.0,174.0,-99,-0.0807,0.1418,False,False
42003500300,1643,1825,3680,1664.0,134.0,21,0.0128,0.0816,False,False
42003501000,763,862,1476,808.0,97.0,45,0.059,0.1271,False,False
42003503002,2779,2944,5846,3019.0,272.0,240,0.0864,0.0979,False,False
42003504100,2374,2634,5026,2231.0,261.0,-143,-0.0602,0.1099,False,False
42003507000,1005,1129,2076,1033.0,100.0,28,0.0279,0.0995,False,False
42003508000,818,1057,1781,909.0,150.0,91,0.1112,0.1834,False,False
42003509400,2418,2791,5114,2429.0,218.0,11,0.0045,0.0902,False,False
42003510000,835,1005,1927,806.0,116.0,-29,-0.0347,0.1389,False,False
42003512000,978,1140,2073,1077.0,172.0,99,0.1012,0.1759,False,False
42003513000,1052,1278,2247,1065.0,191.0,13,0.0124,0.1816,False,False
42003513800,777,1011,1721,710.0,146.0,-67,-0.0862,0.1879,False,False
42003514000,825,987,1896,770.0,128.0,-55,-0.0667,0.1552,False,False
42003515100,1267,1436,2566,1472.0,261.0,205,0.1618,0.206,False,False
42003515200,1097,1206,2034,986.0,144.0,-111,-0.1012,0.1313,False,False
42003515300,906,1043,1734,963.0,189.0,57,0.0629,0.2086,False,False
42003515401,1125,1209,2290,931.0,102.0,-194,-0.1724,0.0907,True,False
42003516100,711,753,1406,697.0,95.0,-14,-0.0197,0.1336,False,False
42003516200,864,925,1739,807.0,78.0,-57,-0.066,0.0903,False,False
42003517000,999,1076,1730,923.0,107.0,-76,-0.0761,0.1071,False,False
42003518001,1629,1718,3286,1571.0,192.0,-58,-0.0356,0.1179,False,False
42003519000,1420,1494,3157,1357.0,148.0,-63,-0.0444,0.1042,False,False
42003520001,1615,1702,3258,1563.0,160.0,-52,-0.0322,0.0991,False,False
42003520002,1552,1686,3092,1586.0,137.0,34,0.0219,0.0883,False,False
42003521100,1812,1878,4551,1833.0,176.0,21,0.0116,0.0971,False,False
42003521200,2313,2463,4521,2301.0,313.0,-12,-0.0052,0.1353,False,False
42003521301,2057,2198,4216,2048.0,256.0,-9,-0.0044,0.1245,False,False
42003521302,2049,2241,4516,1781.0,271.0,-268,-0.1308,0.1323,False,False
42003521401,1240,1307,2924,1258.0,146.0,18,0.0145,0.1177,False,False
42003521402,1523,1583,3855,1520.0,169.0,-3,-0.002,0.111,False,False
42003521500,1846,1959,4083,1906.0,191.0,60,0.0325,0.1035,False,False
42003522000,1405,1705,3101,1412.0,149.0,7,0.005,0.106,False,False
42003523100,1631,1866,3805,1481.0,207.0,-150,-0.092,0.1269,False,False
42003523200,1629,1827,3743,1834.0,235.0,205,0.1258,0.1443,False,False
42003523300,1711,1828,3807,1693.0,238.0,-18,-0.0105,0.1391,False,False
42003523400,2375,2552,4921,2358.0,375.0,-17,-0.0072,0.1579,False,False
42003523501,1973,2118,4703,1677.0,198.0,-296,-0.15,0.1004,True,False
42003523502,660,724,1497,688.0,155.0,28,0.0424,0.2348,False,False
42003523600,2144,2275,4852,2121.0,261.0,-23,-0.0107,0.1217,False,False
42003523701,1794,1900,3868,1669.0,178.0,-125,-0.0697,0.0992,False,False
42003523702,2527,2709,5176,2404.0,347.0,-123,-0.0487,0.1373,False,False
42003523800,2206,2379,4687,2039.0,228.0,-167,-0.0757,0.1034,False,False
42003524000,1169,1302,2492,1127.0,157.0,-42,-0.0359,0.1343,False,False
42003525100,967,1035,2003,941.0,118.0,-26,-0.0269,0.122,False,False
42003525200,1396,1510,2536,1298.0,141.0,-98,-0.0702,0.101,False,False
42003525300,925,989,2219,980.0,145.0,55,0.0595,0.1568,False,False
42003526101,3103,3289,7410,3010.0,290.0,-93,-0.03,0.0935,False,False
42003526102,951,988,2327,854.0,107.0,-97,-0.102,0.1125,False,False
42003526201,1464,1542,3704,1360.0,167.0,-104,-0.071,0.1141,False,False
42003526202,1950,2047,4649,1812.0,175.0,-138,-0.0708,0.0897,False,False
42003526301,1643,1688,3989,1605.0,187.0,-38,-0.0231,0.1138,False,False
42003526302,2201,2315,5065,2244.0,235.0,43,0.0195,0.1068,False,False
42003550900,618,815,1467,679.0,166.0,61,0.0987,0.2686,False,False
42003551200,1495,1706,3391,1618.0,339.0,123,0.0823,0.2268,False,False
42003551300,1092,1173,2347,966.0,105.0,-126,-0.1154,0.0962,True,False
42003551900,712,837,1330,779.0,175.0,67,0.0941,0.2458,False,False
42003552000,921,1081,2294,781.0,173.0,-140,-0.152,0.1878,False,False
42003552100,345,473,1175,348.0,105.0,3,0.0087,0.3043,False,False
42003552200,430,515,969,415.0,94.0,-15,-0.0349,0.2186,False,False
42003552300,705,910,1862,737.0,152.0,32,0.0454,0.2156,False,False
42003552400,1277,1455,2892,1345.0,231.0,68,0.0532,0.1809,False,False
42003560400,861,990,1553,818.0,118.0,-43,-0.0499,0.137,False,False
42003560500,1267,1362,2193,1390.0,263.0,123,0.0971,0.2076,False,False
42003561400,2271,2536,4012,2200.0,309.0,-71,-0.0313,0.1361,False,False
42003561500,1430,1674,2588,1431.0,194.0,1,0.0007,0.1357,False,False
42003561900,916,1081,1898,904.0,174.0,-12,-0.0131,0.19,False,False
42003562000,2234,2361,3449,1762.0,259.0,-472,-0.2113,0.1159,True,False
42003562300,1297,1572,3115,1383.0,197.0,86,0.0663,0.1519,False,False
42003562400,1067,1302,2363,1098.0,175.0,31,0.0291,0.164,False,False
42003562500,1123,1293,2919,1124.0,169.0,1,0.0009,0.1505,False,False
42003562600,1119,1351,2398,1405.0,352.0,286,0.2556,0.3146,False,False
42003562700,1324,1419,1959,1342.0,122.0,18,0.0136,0.0921,False,False
42003562800,739,793,1516,754.0,89.0,15,0.0203,0.1204,False,False
42003562901,627,760,1433,623.0,80.0,-4,-0.0064,0.1276,False,False
42003563000,1301,1429,2928,1320.0,148.0,19,0.0146,0.1138,False,False
42003563100,1636,1727,3722,1647.0,218.0,11,0.0067,0.1333,False,False
42003563201,214,233,301,275.0,86.0,61,0.285,0.4019,False,False
42003563202,1126,1466,1903,1244.0,205.0,118,0.1048,0.1821,False,False
42003563300,575,624,1546,580.0,68.0,5,0.0087,0.1183,False,False
42003563800,1778,1884,3881,1606.0,118.0,-172,-0.0967,0.0664,True,False
42003563900,1913,2107,3891,1935.0,165.0,22,0.0115,0.0863,False,False
42003564000,2829,3014,7121,2835.0,289.0,6,0.0021,0.1022,False,False
42003564100,367,375,907,430.0,80.0,63,0.1717,0.218,False,False
42003564200,1042,1103,2094,985.0,112.0,-57,-0.0547,0.1075,False,False
42003564400,2798,3054,5631,2660.0,237.0,-138,-0.0493,0.0847,False,False
42003564500,1228,1321,3032,1131.0,162.0,-97,-0.079,0.1319,False,False
42003564700,1096,1511,2184,1113.0,209.0,17,0.0155,0.1907,False,False
42003564800,877,1124,1819,733.0,102.0,-144,-0.1642,0.1163,True,False
42003565100,1552,1861,2972,1553.0,202.0,1,0.0006,0.1302,False,False
42003565200,1373,1566,2740,1326.0,287.0,-47,-0.0342,0.209,False,False
42003565300,533,579,1238,514.0,90.0,-19,-0.0356,0.1689,False,False
42003980000,0,0,0,0.0,12.0,,,,,True
42003980100,2,2,8,0.0,12.0,,,,,True
42003980300,0,0,0,0.0,12.0,,,,,True
42003980400,12,13,13,8.0,7.0,,,,,True
42003980500,5,13,18,9.0,10.0,,,,,True
42003980600,1,3,19,5.0,7.0,,,,,True
42003980700,13,27,29,132.0,41.0,,,,,True
42003980800,1,1,3,0.0,12.0,,,,,True
42003980900,0,0,0,0.0,12.0,,,,,True
42003981000,0,2,4,0.0,12.0,,,,,True
42003981100,0,0,0,0.0,12.0,,,,,True
42003981200,0,0,0,0.0,12.0,,,,,True
42003981800,0,2,314,0.0,12.0,,,,,True
42003982200,62,67,5022,8.0,7.0,,,,,True
