geoid,canopy_pct_mean,canopy_px,impervious_pct_mean,impervious_px,lst_c_mean_20250810,lst_px
420031517005,12.6,309,72.2,131,45.65,210
420035639003,17.2,423,63.3,184,43.1,291
420032904004,23.9,710,45.4,308,43.08,478
420035639001,27.2,789,50.0,340,41.81,536
420039801001,37.8,3269,27.2,1424,37.86,2216
420034962003,50.7,12977,7.5,5646,34.05,8795
420034721001,14.1,629,66.1,273,46.04,424
420035639004,38.0,986,39.4,433,39.26,673
420034846001,19.1,1058,47.7,459,43.26,721
420035638004,50.2,1189,11.6,512,34.8,797
420034994003,5.0,670,84.0,297,47.2,452
420035631001,50.2,3527,25.3,1537,39.09,2393
420034752001,42.9,1587,22.5,692,39.25,1077
420035631002,20.3,1687,48.0,731,44.91,1146
420039808001,4.3,980,56.5,429,41.38,669
420031915002,15.3,532,66.3,230,45.51,355
420034751021,26.5,3503,36.6,1521,43.31,2375
420031911001,44.5,1367,33.4,596,39.64,929
420034870001,35.0,1964,26.0,851,39.64,1331
420034881002,23.3,1192,43.0,516,42.56,806
420032509001,37.7,501,44.8,215,41.84,337
420034270002,29.1,1520,43.1,667,40.4,1025
420035639002,32.7,1438,44.8,621,40.92,971
420035234001,40.6,1657,33.2,725,38.02,1132
420035190003,39.9,2899,24.8,1262,37.05,1979
420035628001,30.4,2157,33.2,936,41.46,1458
420034643002,31.4,760,43.4,330,43.72,515
420034141014,35.2,2511,19.6,1087,38.26,1696
420035628002,43.5,1260,29.6,541,40.45,850
420035234003,40.7,757,30.1,331,38.21,514
420035234004,35.9,814,34.5,349,39.69,545
420034511042,61.2,10402,7.7,4524,36.64,6504
420030802002,3.6,175,90.4,77,49.45,118
420034511022,52.2,2582,14.9,1121,38.45,1745
420035633002,58.5,36488,3.3,15873,34.89,24760
420034741021,36.2,6507,30.3,2827,40.97,4416
420034900023,55.8,8641,11.8,3753,36.56,5864
420034900022,39.3,2919,24.4,1269,40.43,1979
420035261014,49.6,6597,18.1,2868,35.48,4467
420035200011,39.3,4464,34.0,1940,39.26,3027
420032620003,53.0,1642,28.6,712,38.92,1110
420034480001,16.5,5959,53.6,2600,44.41,4050
420034490001,46.0,6032,17.6,2626,37.02,4079
420034507001,38.6,2112,34.0,915,41.13,1434
420034507002,39.5,1967,34.2,856,41.54,1334
420034281002,31.6,575,41.9,248,41.81,391
420034267001,47.2,1463,21.5,622,39.09,984
420034511021,42.4,5230,25.1,2272,38.6,3552
420034270003,28.1,719,57.3,312,44.65,488
420034264003,38.4,1199,34.6,524,42.06,810
420034264001,40.1,2162,32.9,935,41.42,1465
420034264002,35.6,1131,40.4,490,43.68,767
420034621001,8.5,4668,54.2,2027,42.89,3160
420034592011,46.2,13740,21.5,5977,38.59,9309
420034240004,17.9,394,66.0,171,45.89,275
420034571001,33.5,991,39.0,431,44.1,675
420034571002,9.1,817,71.8,357,47.86,553
420034267002,49.2,5740,25.3,2505,38.81,3898
420034560042,23.1,1193,31.9,516,40.64,809
420034270001,38.8,1139,41.1,495,42.01,775
420034281001,41.2,1195,24.1,523,40.14,813
420034591011,49.9,12485,17.0,5426,37.58,8461
420034293001,52.7,3548,20.6,1540,37.99,2404
420034293003,49.0,5420,20.6,2358,38.88,3676
420034293004,62.5,3806,12.2,1663,36.69,2589
420034294001,33.3,1275,42.2,563,42.07,870
420034294002,34.4,2149,33.3,941,41.9,1454
420034294003,38.5,1863,34.2,810,41.72,1262
420034294004,47.9,1546,26.8,675,39.29,1053
420034302005,30.7,483,43.9,209,42.7,327
420034297002,51.2,2054,24.1,886,38.92,1389
420034301001,39.0,553,39.6,245,41.38,377
420035626001,31.4,2079,45.1,910,41.65,1404
420034301002,31.0,1089,44.4,474,42.81,737
420034302001,38.9,650,35.1,285,41.35,448
420035619002,39.6,1254,41.1,545,39.62,852
420034302002,27.5,1248,52.9,541,43.52,846
420034302003,16.5,541,57.2,236,46.14,367
420034302004,25.4,459,45.0,202,43.76,310
420039818001,44.7,4091,16.9,1785,36.2,2779
420031516002,28.6,1087,55.0,475,41.93,733
420034592014,44.6,4406,21.9,1917,38.72,2989
420034513002,42.3,3034,16.9,1326,39.65,2059
420035638005,40.5,2787,18.4,1219,37.13,1894
420034741022,42.9,2674,25.0,1166,38.87,1818
420034742033,37.4,4447,23.3,1939,40.15,3020
420034060002,57.7,13465,2.9,5845,31.78,9126
420034011001,44.8,11360,14.9,4943,34.14,7716
420035236003,35.5,2946,34.2,1280,39.07,2002
420034900021,29.5,1089,35.5,469,42.93,738
420032904003,16.0,342,59.8,146,44.6,234
420031413003,10.9,390,73.8,175,45.44,264
420030902003,4.6,134,86.5,63,47.64,93
420039810001,36.2,2653,18.9,1149,40.16,1791
420031517006,14.8,382,68.6,166,44.95,260
420031517004,16.6,301,64.6,132,44.45,205
420035605001,19.8,371,65.3,160,43.49,251
420031106002,21.8,438,59.3,187,43.04,295
420030603001,11.9,744,76.2,325,46.88,503
420034314001,36.9,1328,40.7,576,42.46,900
420034340002,29.9,1419,31.7,614,38.86,965
420030201005,0.5,541,77.6,238,45.15,189
420034340001,46.9,856,31.2,377,40.94,578
420034350001,41.8,1573,33.2,689,40.68,1065
420031608001,31.6,1493,49.8,645,41.61,1013
420034350002,17.4,1863,41.0,809,39.94,1268
420035220001,32.3,505,49.1,220,38.64,341
420035220002,11.0,599,69.0,257,44.3,407
420034470001,63.5,7488,11.5,3257,36.3,5080
420039811001,63.4,217,4.5,97,36.11,144
420034643003,32.0,673,45.7,292,42.2,454
420034292012,30.8,5469,41.7,2373,42.89,3708
420035140001,17.2,456,63.3,200,45.45,312
420034881001,42.0,2083,28.8,904,37.99,1419
420034591021,32.4,4711,25.0,2052,42.01,3212
420035520001,10.5,277,73.5,114,44.65,190
420035627001,10.8,723,77.2,314,48.0,489
420039806001,1.3,2784,66.7,1215,45.21,1890
420039807001,6.5,2072,46.7,901,40.13,1411
420032615002,35.0,1512,29.1,653,41.39,1015
420034230001,35.2,765,35.1,322,41.51,521
420031807002,12.6,246,67.7,105,46.15,174
420031114001,27.4,298,56.1,131,45.08,204
420031903002,43.0,656,33.6,283,40.98,445
420031517003,13.0,306,65.1,144,44.85,221
420031706002,27.8,640,41.8,278,41.45,432
420031706001,35.7,966,50.8,419,42.13,654
420031807003,12.1,261,71.7,113,46.33,181
420031903001,31.1,851,47.1,377,44.15,578
420031917001,41.0,2829,30.4,1230,41.21,1923
420035261013,44.9,4700,20.4,2045,36.36,3185
420031917002,22.3,755,55.4,325,44.09,501
420031803001,39.6,907,41.3,391,41.9,622
420034135002,34.3,5025,28.7,2187,40.14,3412
420031403002,18.6,499,63.8,210,44.46,331
420035638003,48.5,4933,15.5,2129,35.97,3356
420031803002,9.3,298,79.1,137,46.81,196
420031803003,13.8,272,76.0,115,45.12,182
420031911002,41.2,1718,36.3,744,40.42,1165
420032703001,25.5,747,58.8,321,44.89,505
420032701001,17.8,836,64.1,363,46.06,569
420034927002,35.0,774,38.6,339,40.97,521
420032701002,25.9,1417,41.8,615,40.79,958
420033204002,19.2,697,58.7,303,43.51,474
420033102001,19.8,548,46.6,238,43.52,375
420030203001,6.1,3685,72.5,1599,45.7,2467
420033102002,28.8,2313,38.4,1007,41.03,1574
420033204001,27.8,941,41.2,404,41.36,634
420034070024,43.5,10255,14.0,4462,36.89,6958
420034080011,43.5,7403,17.0,3215,36.86,5025
420030510001,24.5,463,57.0,204,44.15,323
420034080022,28.4,2260,22.6,981,39.79,1529
420034171001,17.6,860,48.5,374,43.47,581
420030802001,14.0,489,75.6,211,46.85,333
420031403003,18.7,473,63.0,205,43.86,317
420032814001,34.9,667,40.0,291,41.51,453
420034171003,25.3,732,39.1,317,40.8,499
420034011004,33.0,1891,25.7,827,37.89,1286
420034211002,23.7,2748,35.7,1197,40.48,1871
420034132022,52.6,3723,19.5,1616,37.91,2526
420034211004,37.3,1891,34.0,823,40.15,1290
420034150022,59.9,8671,8.5,3777,34.89,5876
420034160001,31.6,1673,32.7,742,39.65,1140
420034230002,9.4,643,61.2,282,43.89,438
420034230003,10.6,517,56.0,226,44.21,351
420034240001,7.6,695,76.9,300,47.92,473
420034160002,55.1,10221,8.6,4437,33.52,6941
420034141013,39.8,3448,27.5,1505,38.6,2336
420034135003,33.7,2261,30.1,986,40.35,1535
420034035005,5.6,960,59.0,421,42.47,652
420034190002,23.3,2372,37.1,1032,41.13,1622
420034141011,34.0,3951,25.8,1712,39.59,2687
420034211001,39.3,5107,19.0,2221,37.52,3466
420034190003,56.2,13112,14.7,5715,35.0,8901
420034035001,48.7,3418,15.5,1482,35.04,2326
420034200001,11.6,2192,41.2,949,40.58,1487
420034035002,27.3,585,49.9,255,41.1,398
420035638006,55.0,857,15.7,376,38.36,578
420034035003,7.5,663,72.3,289,46.15,451
420035638002,56.3,8853,13.3,3867,37.14,6003
420034035004,5.6,1265,49.1,550,40.33,859
420034040001,48.8,12317,16.4,5355,35.07,8384
420034734011,36.9,792,30.9,342,40.36,537
420034710001,17.4,1427,58.9,622,46.15,966
420034734012,25.5,336,41.8,146,43.18,230
420034733004,28.4,590,44.0,251,42.08,397
420034772004,39.0,2105,29.0,925,39.52,1430
420034772003,25.2,1284,34.7,552,41.84,862
420034843003,10.1,595,74.2,252,45.96,400
420034733001,37.3,2103,33.2,914,41.35,1432
420034721002,23.2,430,54.6,186,44.26,294
420034790001,30.9,1409,37.4,603,42.99,943
420034733002,24.2,1470,38.2,642,42.61,991
420034733003,31.9,1770,23.1,770,40.44,1201
420034801021,21.9,1157,33.5,504,43.55,788
420034734013,24.3,648,44.3,279,43.06,436
420034733005,35.0,402,37.8,178,41.51,276
420034801023,22.6,1201,38.3,526,42.6,820
420034734014,31.2,1157,35.5,503,41.48,788
420034801022,11.9,889,40.2,387,45.45,601
420035619001,41.4,824,34.6,358,39.54,561
420034735001,28.6,1156,39.0,506,42.74,787
420034735002,45.7,1043,23.5,453,38.88,708
420030706001,9.7,275,74.3,119,46.05,186
420031920002,25.5,472,48.8,207,43.42,323
420034621002,42.5,2656,19.2,1153,38.25,1798
420030706002,8.5,277,72.1,121,45.2,187
420035236002,39.5,1068,33.6,463,37.86,716
420034621003,47.9,2029,26.4,884,40.8,1383
420034803002,29.1,1897,31.4,819,41.41,1296
420034736021,39.1,929,27.3,403,41.13,623
420034736023,29.8,647,37.1,279,42.95,437
420034736022,31.0,2262,37.6,991,43.27,1553
420034741011,40.8,3248,27.8,1412,41.21,2202
420034742031,36.8,2167,26.1,936,39.93,1468
420034890011,15.1,672,54.0,292,44.67,453
420034644001,21.0,922,62.6,394,46.67,638
420034742032,39.4,1836,27.8,797,39.39,1240
420034751013,28.1,1678,35.8,732,43.14,1142
420034751011,26.5,1173,30.1,512,42.95,801
420034751014,13.0,2038,62.6,889,47.78,1382
420034843002,31.6,1196,40.2,520,42.51,813
420031920001,29.2,550,40.2,235,42.91,363
420034751012,30.6,1114,40.5,488,41.81,754
420034293002,53.4,3287,19.8,1419,38.27,2236
420034752002,25.8,2536,38.9,1101,43.06,1721
420034643001,12.7,727,55.4,316,46.16,495
420030201004,1.4,948,83.3,414,43.21,644
420034752003,36.7,1697,31.2,735,40.75,1147
420034846002,22.5,1250,46.1,540,43.8,844
420034772002,17.1,879,42.1,383,42.47,598
420035253002,26.6,1909,39.6,830,39.87,1298
420034735003,39.2,2366,32.9,1023,40.02,1602
420034753032,35.6,1907,23.2,825,40.51,1291
420034644003,7.6,993,80.8,432,48.35,668
420034753033,40.2,1754,24.1,762,40.92,1188
420034753031,36.9,2293,27.7,998,41.24,1556
420031920003,49.6,857,28.1,377,39.2,592
420034753041,36.0,1083,27.2,471,40.85,737
420034867001,12.3,4090,60.8,1777,44.29,2778
420032509002,47.9,733,34.0,318,39.86,502
420034850001,19.3,1622,44.9,704,41.85,1097
420034753044,32.9,2169,29.3,942,41.92,1480
420035041005,48.9,2936,26.6,1276,36.99,1998
420034753042,44.5,3286,19.5,1430,39.41,2224
420034753043,42.1,1787,19.9,782,39.4,1215
420034961011,46.7,7379,13.9,3206,35.56,5002
420034754011,28.0,3770,34.9,1637,42.22,2558
420030902001,5.2,314,89.9,134,48.34,209
420034867002,14.0,1127,67.4,493,45.11,766
420034754012,28.5,2861,31.4,1242,42.32,1945
420034141012,46.2,8645,12.8,3757,36.94,5860
420034135004,34.4,4402,27.1,1912,40.8,2990
420034264004,35.4,2223,34.2,968,41.83,1506
420034080013,46.5,8137,16.5,3542,36.26,5523
420034171002,14.1,518,53.7,225,44.37,351
420034688002,15.6,515,63.6,224,48.07,349
420034292011,42.7,3539,28.9,1536,40.5,2434
420034291001,54.2,5493,18.8,2385,37.99,3726
420034688003,39.5,1127,34.0,487,43.48,764
420033207001,27.9,1400,40.8,612,42.35,950
420034591022,43.2,4658,20.1,2032,39.67,3148
420034297001,45.8,3949,25.5,1719,39.26,2686
420032615001,39.0,681,39.8,293,41.15,461
420033207002,44.2,1126,34.7,490,39.35,764
420034703001,33.0,3145,39.0,1371,41.79,2140
420034689001,34.9,1233,41.2,536,42.92,833
420034754013,37.8,4700,23.6,2055,39.34,3201
420034689003,17.5,641,61.4,278,47.57,437
420034011003,25.3,1370,31.8,596,40.34,935
420034736024,42.0,876,35.8,381,41.66,590
420034689002,31.5,1373,34.7,598,42.61,933
420034592012,43.7,15108,31.0,6561,39.83,10246
420035238004,35.1,5589,18.5,2438,36.41,3792
420034688001,5.6,452,79.6,198,48.98,310
420034803003,22.8,1170,42.7,511,43.19,794
420035213013,56.1,6302,9.8,2751,34.45,4277
420034843001,18.6,2824,52.4,1236,42.31,1922
420035605002,22.8,522,62.0,230,43.38,358
420030201001,2.0,1291,57.0,564,39.99,882
420030201002,1.7,534,66.2,230,40.71,357
420030402002,5.7,536,84.2,237,49.02,367
420035211003,38.4,5003,24.8,2181,38.07,3392
420035237021,49.0,6410,15.7,2792,35.54,4348
420035237024,26.5,565,41.5,245,42.07,386
420035513002,44.4,5479,27.5,2389,37.92,3709
420035261011,63.6,9013,6.0,3925,32.48,6123
420030201003,0.2,316,93.9,138,44.46,216
420030510002,13.4,774,69.7,339,45.8,523
420030511001,15.3,373,53.5,162,45.04,255
420030603002,3.8,1677,70.9,730,45.8,1136
420034838001,24.8,456,54.9,204,43.1,316
420030605001,20.4,780,65.5,338,44.77,531
420030605002,28.3,492,60.8,215,42.5,336
420034703002,39.4,3432,33.8,1493,41.29,2334
420035261012,51.2,47524,8.7,20677,33.48,32235
420034704001,20.3,762,44.0,330,44.94,511
420034704002,28.1,646,41.7,282,43.63,442
420035262012,36.5,8445,21.7,3665,36.55,5726
420032607002,29.4,577,46.7,250,42.05,391
420030501001,9.2,590,68.3,257,46.75,400
420034772001,36.3,1298,32.8,564,40.34,878
420032607001,47.2,707,32.8,309,40.85,484
420030406001,17.9,257,72.7,109,44.35,168
420030501002,19.9,930,55.6,403,43.23,630
420034704003,40.1,2022,31.5,886,41.24,1378
420031102004,16.4,436,65.7,189,44.59,296
420035200012,41.5,3939,32.2,1721,39.43,2679
420030902002,7.3,409,87.3,180,47.87,280
420030903001,0.8,210,93.5,91,49.76,144
420031203001,32.8,1487,41.4,644,40.65,1007
420030903002,1.6,284,93.1,123,49.64,194
420031102002,9.7,283,73.2,123,45.79,186
420031203002,29.4,584,52.5,257,41.85,395
420031102003,27.8,565,50.0,249,43.38,387
420031005002,23.6,724,46.7,310,42.61,496
420032620001,39.1,1178,41.8,517,41.34,796
420031005001,28.9,646,42.2,282,43.56,441
420032620002,30.0,354,40.6,154,43.18,238
420031014001,14.7,1683,39.3,735,39.11,1140
420031114002,27.1,333,57.6,142,43.53,222
420031302001,14.6,314,71.8,134,45.86,209
420031405001,8.5,754,78.3,328,49.82,508
420031014004,13.5,289,70.7,125,47.59,195
420031405002,17.2,748,58.7,327,45.14,512
420031106003,18.1,262,67.3,114,44.74,177
420034927001,10.7,7719,55.7,3357,44.7,5233
420031516001,12.7,498,71.2,201,44.29,320
420034883001,40.0,2478,24.3,1082,38.8,1687
420031403001,22.5,296,64.9,131,44.3,198
420034962004,35.6,3611,23.6,1571,37.05,2450
420034803001,35.2,2911,19.8,1270,37.09,1981
420034513003,64.5,8241,8.2,3587,36.5,5594
420031807001,14.5,249,68.0,112,44.9,165
420034150012,50.4,14768,10.6,6409,35.06,10001
420034070022,54.3,14411,7.9,6267,34.43,9788
420035080002,36.7,1072,42.5,460,40.16,727
420034790002,32.2,1103,31.6,481,42.5,751
420035261021,43.2,26552,11.5,11540,33.21,18009
420034150021,60.9,16421,5.7,7140,34.03,11157
420034120022,42.9,8757,17.9,3813,38.9,5936
420034591023,54.6,8954,17.3,3900,37.99,6075
420031106001,30.4,525,51.0,231,42.29,360
420034132011,39.0,2634,34.5,1141,40.05,1781
420034132013,33.6,2305,33.0,1005,40.74,1562
420034132012,46.5,2324,21.9,1016,38.6,1581
420031413001,20.1,749,59.1,332,43.64,515
420031413002,22.2,568,57.5,243,42.73,385
420031102001,13.2,268,67.1,115,44.55,184
420034150011,39.7,14719,8.4,6401,35.32,9988
420034592013,31.2,12161,38.1,5289,42.17,8248
420031517001,14.0,413,71.6,179,45.92,279
420035041004,37.6,7881,31.4,3431,37.74,5348
420034211003,24.9,8547,41.5,3719,42.05,5794
420034929002,28.3,772,27.8,339,40.52,523
420034560041,37.0,6607,27.6,2882,40.21,4480
420035213014,42.3,4739,31.4,2059,37.4,3214
420033102003,55.0,2013,17.5,870,36.98,1361
420032904001,29.5,1035,43.8,451,42.75,707
420034511041,52.6,4303,20.2,1874,39.18,2925
420032904002,17.9,984,47.7,433,43.68,675
420031920005,18.6,306,58.1,135,44.63,219
420034511012,42.2,4015,28.9,1744,40.94,2715
420034870002,25.3,3307,39.1,1440,40.11,2251
420035633001,63.4,12279,6.9,5337,35.04,8326
420035638001,65.8,12935,7.7,5623,35.3,8785
420034511023,33.8,2686,32.6,1174,42.81,1818
420031302002,11.9,355,74.9,159,45.79,246
420031915001,24.2,1000,58.4,443,42.49,689
420034530032,53.5,6803,16.6,2971,36.75,4618
420034513001,46.7,14199,16.8,6184,38.73,9630
420032703002,21.9,393,65.4,174,45.64,270
420031920004,15.3,415,63.7,181,45.34,278
420035215002,43.5,8443,21.7,3668,36.41,5726
420034838002,4.0,2275,72.2,996,45.24,1545
420034560012,48.4,15750,10.8,6862,37.92,10695
420034190001,27.6,15953,31.0,6936,37.66,10837
420034741012,41.5,4538,30.9,1978,40.75,3085
420035237011,61.8,4246,9.2,1844,33.86,2869
420034961012,39.3,15557,8.4,6769,34.43,10553
420034080012,54.1,34981,6.8,15234,33.78,23752
420034752004,31.8,3241,29.8,1411,41.48,2194
420031014003,15.3,246,70.0,104,46.23,166
420035215001,55.7,8944,19.3,3896,35.2,6066
420035262011,32.6,3449,21.2,1497,37.25,2337
420034838003,7.2,449,77.3,195,46.64,304
420035211002,25.8,1821,41.0,780,41.1,1229
420034070021,40.3,10911,14.9,4744,36.31,7402
420034070023,38.7,14928,6.5,6502,35.85,10114
420035263021,35.1,2488,35.7,1089,38.43,1690
420035235021,44.4,9084,25.4,3961,36.09,6169
420035237012,55.0,2964,18.6,1290,35.3,2018
420034060001,57.5,50667,2.8,22068,32.23,34395
420034011002,44.0,12360,13.1,5374,33.35,8379
420034291002,43.6,5748,22.3,2502,39.41,3905
420034150013,61.3,32981,4.6,14357,32.83,22383
420034132021,58.1,4249,12.7,1851,36.32,2881
420034560011,39.1,12047,22.2,5227,39.49,8166
420034135001,47.1,5186,16.3,2259,36.67,3520
420034120021,50.4,7023,18.9,3056,38.1,4772
420031517002,21.1,556,63.4,245,42.8,381
420035234006,29.8,1527,42.6,665,41.25,1044
420034994001,38.3,3233,33.2,1403,38.2,2198
420034994002,8.4,391,77.1,175,46.35,275
420035094005,20.7,1271,59.8,552,43.22,862
420035041002,45.1,3532,37.3,1535,37.33,2394
420035041003,38.1,1093,38.0,473,38.57,740
420035138002,5.0,2753,70.3,1201,45.63,1873
420031014002,11.7,220,72.6,97,47.92,151
420035120001,37.3,848,51.5,364,40.03,583
420035140002,11.2,2056,56.6,896,42.65,1393
420035151001,44.7,974,33.5,426,39.62,661
420035120002,35.3,1612,40.4,705,40.23,1086
420035138001,17.3,530,73.5,229,44.56,357
420035151002,9.2,804,77.0,351,46.84,545
420035153001,5.0,452,81.4,195,48.54,305
420035153002,26.3,1480,37.2,645,40.09,1008
420035151003,18.8,336,66.4,145,43.85,229
420035213011,9.0,1903,70.7,826,45.97,1294
420035211001,34.2,2187,35.1,953,38.48,1484
420035213012,25.4,1773,43.6,768,42.49,1210
420035234002,31.6,528,43.0,229,39.56,359
420035236001,48.8,5663,21.7,2461,36.23,3840
420035234005,32.4,953,40.9,414,39.43,646
420035237023,46.0,2808,25.5,1208,37.3,1900
420035237013,46.4,2007,21.9,877,36.31,1365
420035238001,35.6,1846,31.8,805,38.4,1256
420035238002,45.7,1556,25.5,676,36.69,1056
420035238003,33.2,853,40.1,375,38.87,583
420035237014,51.1,3377,18.3,1464,34.97,2280
420035251001,39.9,2608,32.8,1134,38.49,1765
420035237022,39.3,3719,34.3,1630,38.62,2526
420034530031,41.6,23111,10.9,10049,37.15,15673
420035253001,31.3,1593,31.1,695,37.8,1075
420035520004,20.5,431,60.9,189,43.46,302
420035509002,16.4,843,62.9,374,43.1,576
420035263022,28.3,1189,42.1,515,39.92,809
420035263024,40.2,1752,32.4,760,38.78,1190
420035263023,36.7,2244,39.1,978,38.68,1527
420035509001,22.3,1052,49.4,452,41.14,713
420035513001,28.7,2158,41.6,939,41.36,1469
420034511011,53.1,11108,14.1,4846,37.11,7535
420035519001,9.7,4244,57.7,1856,42.36,2885
420035520002,12.6,282,73.6,126,44.37,195
420035520003,9.5,232,76.2,98,45.11,150
420034900024,51.8,2176,15.1,946,37.75,1476
420032814002,43.2,1889,28.1,816,40.56,1279
420034900025,28.2,1000,35.6,434,41.87,674
420034929001,37.4,2447,26.0,1056,38.72,1656
420034890012,30.8,2889,42.1,1252,41.96,1964
420034962001,52.0,9686,13.8,4214,34.77,6588
420034890013,31.0,3580,33.7,1558,41.13,2433
420034962002,26.2,2673,17.4,1164,39.76,1812
420035003001,22.6,2060,46.7,891,41.4,1394
420035003004,19.6,753,52.3,331,43.13,517
420035003002,30.4,1252,37.2,545,41.18,851
420035041001,49.2,2182,28.2,957,37.27,1484
420035070001,44.0,1081,28.4,472,37.9,733
420035003003,43.5,1731,27.8,748,37.72,1167
420035094001,35.5,1183,41.5,512,40.52,801
420035070002,17.2,971,56.1,422,43.42,661
420035080001,12.0,1066,69.9,463,44.41,723
420035094002,32.1,765,45.3,333,40.52,517
420035094003,20.2,366,60.5,157,43.07,248
420030402001,39.2,626,48.4,272,43.16,420
420035215003,19.4,2764,53.7,1203,43.42,1873
420035094004,25.1,1256,58.3,556,42.35,852
420035627002,10.7,1043,72.5,450,47.7,706
420035220003,45.6,1411,28.0,610,37.22,954
420035190001,42.0,4386,20.1,1905,36.61,2971
420031019002,20.5,420,63.6,183,45.86,286
420035190002,30.3,3598,32.5,1569,40.39,2437
420034240002,8.3,2130,40.4,932,37.45,1448
420031019003,16.8,334,67.8,148,45.89,226
420034240003,3.3,546,88.4,237,47.93,360
420034580011,54.5,16290,9.9,7084,37.33,11056
420034580021,33.7,2376,35.5,1035,41.74,1618
420034644002,6.4,1701,68.2,748,45.28,1164
420030406002,19.2,231,72.5,99,44.34,155
420032613001,37.9,1557,34.5,694,39.65,1058
420031019001,34.2,892,41.9,386,42.38,606
420034580022,56.5,19185,10.6,8353,36.15,12306
420031209002,6.5,1376,79.4,597,47.92,932
420034513006,20.6,20431,40.5,8897,43.08,13860
420031209001,21.3,841,58.6,366,43.0,568
420035647001,20.9,349,68.6,150,42.65,238
420030103022,2.5,601,90.4,258,48.53,408
420034580023,52.2,12299,13.1,5337,38.05,8345
420034883002,34.4,9449,25.8,4104,38.92,6402
420034580012,36.0,17733,33.3,7722,41.43,12029
420034490002,60.6,5303,15.0,2314,37.88,3618
420030103021,4.5,511,87.0,226,47.62,353
420031403004,14.4,184,28.0,82,41.86,122
420034511024,33.9,1506,32.8,654,42.1,1028
420039811002,31.5,1472,14.4,641,39.09,984
420034120032,35.3,3915,28.8,1699,39.84,2648
420034090021,44.7,13888,14.0,6076,37.02,9443
420034090022,49.9,24208,12.1,10533,36.39,16438
420035632011,3.6,873,73.7,377,43.95,540
420035647003,10.1,720,78.8,314,46.13,486
420034090014,38.0,6035,32.9,2628,40.0,4108
420035632022,13.4,602,78.2,261,47.69,409
420034090012,57.3,16697,10.5,7260,34.84,11320
420035632021,2.3,568,91.4,249,48.56,383
420034080023,41.7,5089,23.1,2214,38.46,3460
420032716001,50.0,1267,27.6,556,39.45,860
420035651001,9.6,1286,78.9,565,48.48,879
420032613002,37.2,2196,39.1,961,40.65,1495
420032716003,31.6,748,58.8,323,42.96,506
420035647002,31.9,741,50.4,323,39.97,505
420032716002,21.0,666,68.5,292,44.72,452
420035629011,5.7,3910,57.6,1697,41.12,2651
420032716004,22.7,755,59.1,329,44.54,515
420031608002,27.4,479,51.2,213,42.08,330
420035629012,39.0,1540,45.8,673,40.07,1049
420035626002,36.6,2300,31.3,998,38.57,1561
420031403005,22.6,372,60.3,163,43.81,248
420034513005,58.5,4767,12.3,2071,37.21,3234
420034560043,48.4,4656,19.4,2031,38.5,3161
420034120031,46.1,5227,18.9,2274,38.29,3558
420034513004,60.9,9970,12.0,4335,37.04,6764
420034090011,47.0,4394,21.3,1913,38.95,2981
420034120033,52.5,6786,18.0,2957,37.32,4619
420034080021,51.7,15120,15.2,6580,35.44,10267
420034530043,38.1,8069,39.7,3504,41.65,5472
420034090013,50.2,19402,15.5,8442,36.57,13166
420031702004,2.0,353,94.8,154,50.03,241
420030703001,4.5,194,84.2,84,46.88,133
420034690003,26.8,5208,48.5,2272,43.91,3552
420035213024,33.3,5804,32.2,2529,39.47,3940
420034886003,30.8,13832,43.0,6016,41.08,9393
420030901002,2.2,918,65.0,403,44.69,625
420035645001,48.4,17856,12.3,7769,35.19,12124
420035644004,51.7,12009,22.7,5213,35.79,8007
420034970001,61.3,24854,7.0,10827,32.87,16476
420035645002,44.0,13598,16.6,5925,35.69,9222
420034212002,54.5,4032,14.8,1767,36.54,2729
420034782002,38.1,2384,30.9,1037,40.74,1619
420030703002,5.4,217,82.1,95,47.05,147
420035614004,41.5,806,37.9,349,38.46,548
420034884002,16.2,965,55.2,418,44.13,644
420031113003,7.5,174,73.3,75,46.99,118
420035644002,41.8,2671,22.5,1168,36.76,1820
420035623001,52.0,3516,17.3,1528,35.86,2393
420034884003,6.8,352,71.0,157,46.37,255
420035644001,41.0,3638,26.1,1586,37.8,2467
420035630003,44.9,1631,27.6,710,40.34,1112
420034885001,33.5,3150,43.1,1375,40.16,2134
420033001005,11.6,237,66.1,99,45.34,160
420034762003,28.6,1047,42.4,455,43.06,712
420035624003,24.4,847,56.9,362,42.62,564
420035644005,36.9,1118,36.0,487,39.06,754
420034882001,24.5,3351,41.7,1453,40.09,2263
420034722002,18.7,688,60.1,297,45.42,469
420035523002,16.4,711,63.2,310,42.3,483
420034731002,34.1,576,38.7,252,41.55,389
420031914002,37.3,1086,43.2,474,41.81,740
420035644006,59.5,2168,19.0,952,34.25,1085
420034782003,17.9,925,55.8,404,44.34,621
420039809001,7.2,4455,43.6,1939,41.19,3024
420034869001,18.2,558,52.9,251,42.54,382
420034753014,17.9,1341,47.5,580,44.65,903
420034869002,21.9,1297,50.4,563,40.51,881
420034882002,17.1,1619,53.1,705,45.42,1107
420034884001,29.0,2037,34.9,884,40.62,1381
420032614004,46.1,634,37.6,278,39.86,430
420034882003,20.2,1136,44.6,495,42.51,767
420035523003,13.3,353,74.3,146,43.72,229
420032614001,43.1,590,39.7,255,39.78,405
420035625003,44.0,1136,35.4,493,41.16,775
420039804001,72.2,2130,7.1,933,35.81,1445
420034993001,8.3,1735,46.2,749,39.93,1185
420031414005,15.2,279,67.7,122,44.29,189
420034706001,26.8,2628,45.6,1143,44.18,1776
420034884004,32.8,4304,32.3,1859,38.65,2900
420031306001,38.3,1350,42.7,593,39.09,913
420034900031,32.6,9185,18.7,3986,38.73,6227
420031018002,41.5,1523,37.8,669,40.04,1038
420035623003,30.7,1699,55.2,733,41.37,1139
420032708003,43.1,1216,28.8,534,40.85,829
420034530044,34.8,718,32.5,316,42.07,488
420031414004,24.8,2368,53.8,1033,42.18,1609
420034271003,43.4,5858,21.4,2553,39.47,3982
420032023004,35.1,1615,30.2,703,40.75,1100
420035642003,64.0,15939,7.5,6930,33.28,10815
420034600021,45.6,8049,25.4,3499,39.49,5462
420034530042,36.5,2300,37.0,1009,41.91,1557
420031113002,7.3,250,71.8,108,47.43,172
420034250002,22.8,579,53.4,247,44.99,388
420034250001,25.2,914,61.1,409,43.87,634
420034250003,36.5,836,43.5,361,43.02,572
420034250004,14.4,1661,56.7,727,41.64,1125
420034263003,37.4,3102,28.9,1350,40.8,2111
420034263001,34.8,3719,30.0,1631,41.76,2527
420034212003,50.6,351,15.5,158,38.82,240
420034572001,34.2,703,46.4,303,43.63,479
420034610001,3.6,11648,53.3,5063,41.21,7914
420034550001,31.2,2326,32.6,1015,41.05,1584
420034268001,51.1,3063,20.8,1332,37.92,2088
420034272002,48.8,2818,23.7,1227,39.64,1910
420034572002,26.0,618,50.9,269,44.24,412
420034572003,35.0,1672,36.1,729,42.13,1136
420034508001,6.1,1487,62.6,650,43.46,1009
420034572004,18.4,646,50.4,280,44.41,437
420034292021,42.7,2265,27.1,984,40.02,1547
420034282001,63.3,4606,10.2,2000,36.87,3135
420034508003,43.4,724,29.6,312,40.32,489
420034295002,39.4,2208,38.2,960,41.4,1504
420034282002,52.4,3883,16.8,1676,38.53,2633
420034296002,53.1,1578,23.2,688,39.32,1063
420034295001,33.6,2654,38.3,1153,41.97,1800
420035624002,40.3,1220,36.8,536,40.12,834
420034639003,10.6,329,73.2,141,48.02,225
420034626003,11.3,327,70.1,138,47.72,220
420035642001,49.5,4842,7.3,2109,33.22,3291
420039800001,6.1,1675,57.6,729,42.77,1133
420034782001,22.3,988,48.0,430,42.83,669
420035625001,30.4,2505,37.5,1085,39.68,1691
420034773004,20.4,1382,42.8,602,44.23,937
420035641002,52.8,2175,16.7,946,38.39,1472
420034013002,32.1,1449,23.2,631,37.71,976
420035620002,22.2,517,65.0,225,45.66,351
420034705011,28.9,1067,40.2,461,43.47,725
420035640003,29.1,959,28.8,415,40.47,649
420035644003,52.4,3609,21.6,1561,35.9,2444
420035240002,14.2,1587,43.0,684,40.02,1085
420034511051,18.1,3547,53.3,1548,44.84,2408
420034845003,13.6,674,63.1,299,45.4,461
420034845002,18.1,693,48.1,298,43.91,469
420034315002,13.4,432,62.9,189,47.13,296
420030409003,28.7,484,54.5,211,42.72,332
420034890024,26.8,3009,28.1,1305,40.02,2035
420034742021,41.2,7981,20.3,3475,38.4,5422
420031702003,1.9,345,92.2,149,49.9,233
420030705001,9.2,280,75.3,123,46.28,189
420035620003,20.1,446,61.1,193,46.31,301
420030405002,2.4,394,89.5,169,47.86,269
420031113004,9.8,307,69.1,132,46.44,210
420035524001,20.4,403,59.4,177,43.44,275
420035154013,22.0,403,61.5,172,43.05,270
420035524002,32.2,883,46.2,380,41.35,594
420031011003,36.5,472,54.5,207,41.03,328
420034311001,23.5,720,59.3,312,45.32,490
420035604002,13.0,263,70.2,113,45.56,176
420034323002,25.5,422,57.6,179,44.97,286
420034311002,30.6,1051,49.4,463,43.53,716
420035614001,40.5,639,35.5,285,38.29,432
420035642002,58.7,6830,12.8,2975,34.17,4636
420034323001,48.7,1284,27.9,559,40.13,871
420034890023,29.1,1378,34.2,605,42.02,941
420035154011,16.3,505,65.5,217,45.37,340
420034324003,14.8,1050,41.9,460,40.43,708
420035154012,15.0,266,63.6,115,44.96,180
420035644007,61.3,937,6.5,404,34.31,634
420034455003,12.8,1412,48.8,614,42.98,964
420034705012,26.7,1101,53.4,478,44.86,744
420034455001,47.9,1778,23.0,774,38.17,1202
420034455002,26.4,2474,32.1,1080,40.27,1683
420031916004,16.8,327,63.4,139,45.03,215
420034460001,62.8,5299,12.0,2306,36.23,3598
420035614002,32.6,1179,43.6,523,40.14,791
420034460002,22.2,3025,25.4,1310,38.84,2047
420035615001,30.7,1093,39.8,476,40.61,747
420035614003,28.8,877,46.7,379,40.57,603
420035615002,29.6,690,50.1,301,40.64,463
420034592021,38.8,374,40.8,161,43.9,255
420035615003,32.1,675,51.2,294,40.46,456
420034911012,44.3,10869,16.2,4741,37.2,7381
420034900043,49.8,4981,9.9,2163,36.51,3375
420035214023,51.9,2956,22.1,1298,35.89,2000
420034912001,51.1,19771,12.9,8602,36.75,13430
420035233004,51.0,2194,25.0,957,36.75,1492
420034961022,50.6,13881,9.1,6035,33.56,9421
420030709003,17.5,425,62.4,184,44.37,289
420034724002,14.1,360,60.4,163,45.64,251
420031609001,4.0,1086,65.7,472,44.97,738
420035263012,34.1,5723,25.1,2495,37.1,3879
420034268003,49.1,2800,22.3,1213,38.73,1899
420030409002,22.5,442,62.7,195,44.57,301
420031609002,6.1,1868,65.1,814,43.55,1261
420031702001,2.4,956,77.9,418,45.85,654
420031918005,21.6,498,46.8,216,43.98,337
420031916002,43.2,950,27.7,403,41.01,641
420031916005,39.0,809,39.6,356,40.54,547
420031918002,9.0,296,60.8,123,46.2,196
420031918006,21.9,614,47.5,265,43.7,420
420031918004,9.0,401,64.0,174,46.83,273
420031918007,10.3,340,64.5,145,46.46,229
420031919001,19.9,401,58.4,184,45.4,277
420034020002,13.5,422,55.6,185,43.59,288
420031919002,10.6,356,68.8,150,47.55,242
420035214011,49.9,10216,23.5,4450,35.82,6933
420031919003,16.5,413,65.9,178,46.56,277
420035523001,22.9,531,63.4,241,42.06,370
420031918001,7.0,284,69.7,131,47.61,197
420035233002,49.7,2581,20.9,1119,36.62,1749
420034271002,47.7,3084,23.3,1333,39.41,2088
420030806002,8.4,327,77.9,143,48.01,222
420034804001,47.5,2579,19.0,1134,38.47,1760
420031914001,28.0,737,56.6,316,43.65,496
420032614002,37.1,680,47.7,296,41.5,455
420032708001,29.8,615,46.8,269,44.08,417
420032708002,28.9,602,52.7,262,44.0,416
420032902005,17.3,483,57.8,210,43.99,334
420034012001,2.9,1606,52.7,699,39.67,1092
420033206001,37.8,1263,35.9,554,41.59,857
420034012002,18.3,2055,54.7,893,43.85,1390
420035604001,5.6,719,80.5,311,48.36,488
420034012003,5.2,1150,84.8,502,45.82,777
420034012004,8.9,937,55.9,407,43.85,637
420034961023,55.1,35706,3.8,15535,31.97,24028
420030804002,11.5,391,76.3,169,47.87,266
420034013001,10.8,975,52.4,429,44.71,668
420030305001,15.8,713,68.9,310,46.12,485
420030305002,20.4,542,66.3,235,46.03,366
420034070011,60.4,20892,2.4,9105,32.06,14174
420030506001,32.8,765,45.5,332,41.89,521
420030703003,13.4,412,62.0,178,44.78,279
420030506002,22.3,793,54.4,345,44.07,535
420030509001,36.1,873,41.9,378,41.83,594
420034315004,16.8,1335,30.8,579,38.65,907
420030804001,5.6,436,86.4,190,48.32,291
420030807001,9.4,253,74.1,113,47.92,173
420034070013,46.9,27196,3.9,11833,34.12,18469
420030807002,11.0,276,76.8,120,47.07,187
420030809001,3.1,425,86.4,185,49.08,290
420030806001,10.9,450,73.2,196,46.43,305
420031402001,29.8,814,44.3,353,41.76,553
420030809002,4.3,308,79.5,132,47.46,210
420031402002,28.7,646,50.0,280,42.12,438
420032815001,33.2,577,36.8,254,42.09,396
420032901001,25.0,1425,30.3,619,41.36,963
420034020003,12.0,882,51.3,385,43.36,599
420031404001,22.4,404,55.5,176,43.59,273
420034220001,60.6,9711,7.9,4220,34.44,6573
420034212001,42.9,6139,15.6,2677,38.32,4164
420034133001,34.5,4894,32.5,2132,40.96,3316
420034134002,26.9,3220,38.5,1401,42.71,2172
420034172001,5.3,3342,57.9,1464,41.93,2262
420034220002,42.2,8488,10.1,3694,36.17,5759
420034133002,53.4,4741,19.8,2065,37.72,3222
420034220003,61.9,3021,6.4,1312,35.74,2046
420034134001,31.4,3380,26.6,1470,40.76,2282
420034134003,36.1,1868,35.5,816,40.88,1255
420034180001,17.6,2738,39.9,1196,40.96,1861
420034142002,49.4,4479,19.5,1945,38.16,3041
420031404002,26.3,383,54.4,165,43.03,264
420034050001,56.9,46612,6.2,20292,32.88,31622
420031401002,26.0,856,55.5,376,42.24,578
420035623002,16.8,1295,18.5,566,39.87,881
420034885003,22.6,2077,54.2,904,43.82,1409
420034722001,12.3,567,65.6,246,46.8,379
420039822001,5.8,974,77.2,427,47.18,660
420034723001,8.1,291,76.6,128,48.21,197
420035620001,1.5,164,88.0,71,49.67,110
420034723002,6.7,368,69.6,159,48.37,248
420030709004,12.5,267,67.0,121,46.54,182
420035630001,34.6,4816,39.5,2105,41.76,3269
420035213022,19.2,727,55.1,317,43.06,494
420034724001,6.8,448,69.0,194,48.62,305
420034706002,13.0,499,59.5,217,48.12,342
420034773002,33.4,370,34.1,160,40.12,256
420034731001,34.8,1170,35.2,511,41.79,794
420035624001,42.3,1562,35.2,677,40.52,1063
420034781001,17.7,515,58.3,224,44.44,339
420034731003,19.5,431,55.8,189,44.17,290
420034781002,19.0,496,59.5,214,43.95,337
420034731004,22.5,379,45.5,164,43.54,257
420034781003,19.7,1105,57.9,481,44.06,751
420034731005,16.0,333,64.5,145,45.52,228
420034732002,17.9,448,56.1,197,45.17,306
420034732001,16.1,375,55.6,162,45.09,256
420035645003,7.7,1213,51.0,521,41.42,818
420034781004,32.3,787,38.5,343,42.29,540
420034732003,21.9,577,47.9,251,44.17,390
420034801011,21.4,867,35.6,378,43.22,582
420034801012,20.4,1300,35.4,567,42.37,883
420034801014,17.1,1153,45.9,503,43.65,789
420034890021,13.7,723,57.4,321,46.3,492
420039805001,45.3,3106,22.0,1357,37.49,2112
420034801013,13.8,1074,48.9,461,44.61,723
420034773003,27.6,1279,33.3,556,41.73,861
420034734021,33.6,905,43.5,393,41.97,612
420034734023,39.2,1842,32.8,803,41.57,1253
420034802003,31.1,1252,38.6,542,40.97,853
420034734022,35.1,648,35.1,285,40.95,440
420032614003,32.6,430,50.6,184,41.59,292
420030705003,2.5,374,86.1,163,48.28,259
420031011001,4.7,309,84.8,132,46.42,209
420031414002,18.9,329,61.5,144,45.01,228
420030708001,3.8,360,84.2,157,48.18,245
420030708002,7.2,500,64.6,217,46.44,339
420034639002,9.9,734,71.9,322,46.07,497
420034626001,24.7,528,58.9,232,46.22,353
420034890022,35.4,1520,33.3,658,40.25,1029
420034626004,5.0,506,77.2,224,49.8,340
420034706003,22.3,477,60.3,206,46.94,320
420034736011,41.4,1463,31.0,638,39.51,990
420034705022,25.2,1448,40.9,631,44.62,983
420032902004,15.6,315,59.8,138,44.16,214
420034736012,32.3,1396,37.6,608,42.07,949
420033001002,17.1,345,67.2,149,45.19,229
420031414001,28.8,535,54.5,230,42.8,358
420034845004,27.9,1613,40.1,702,41.84,1090
420034020004,5.0,1036,61.8,447,41.65,703
420031408003,10.7,204,74.7,90,47.31,144
420034324001,18.2,372,64.0,162,47.23,256
420034845001,27.2,1843,39.2,804,41.93,1247
420034220004,59.7,17977,5.7,7823,34.24,12215
420034773001,20.9,407,43.2,179,41.83,277
420034656001,21.3,1040,50.2,449,44.65,709
420034600012,42.9,3894,21.1,1689,39.11,2639
420032815002,28.9,604,45.1,261,43.56,408
420035180012,46.2,1609,28.6,700,37.98,1087
420034753011,25.4,1199,43.3,523,43.34,814
420034753012,26.4,779,38.4,333,42.38,528
420035180011,46.8,1462,31.2,634,38.06,983
420034868002,14.6,605,63.8,263,44.38,411
420035170001,41.5,1492,32.6,650,38.19,1014
420034656002,28.0,896,52.0,386,43.2,606
420031018001,24.2,770,46.6,337,44.46,519
420034753013,20.1,3173,46.1,1391,44.04,2162
420034658003,43.8,1811,22.2,793,39.23,1223
420034868001,8.7,2320,65.3,1008,41.93,1572
420035231004,55.2,2060,19.0,900,35.59,1395
420034802001,47.9,3818,20.3,1664,39.14,2600
420034271001,36.5,3096,28.1,1346,41.41,2103
420032901003,26.7,504,51.6,222,43.0,339
420032901002,23.4,502,55.3,219,43.06,341
420034600011,48.2,4625,20.1,2013,38.81,3143
420032902001,46.0,1081,27.7,470,38.84,724
420034658002,31.4,800,45.1,346,43.22,548
420032902002,26.1,587,44.5,255,42.32,393
420032902003,16.2,332,60.1,144,44.73,228
420034141023,53.4,15656,12.1,6810,35.67,10618
420034370002,47.5,13709,16.1,5975,37.88,9292
420034315003,12.0,398,71.0,177,47.35,267
420034687002,25.1,582,44.9,251,45.88,394
420034520003,57.9,16093,11.2,7001,35.76,10913
420034626002,36.1,729,37.6,321,42.81,492
420034950001,44.9,60515,3.8,26332,32.79,40652
420034560032,31.6,2732,29.5,1185,40.38,1857
420033206002,40.9,1568,30.6,682,40.96,1067
420034761001,25.0,567,36.8,251,43.61,389
420034761005,19.8,875,43.3,383,44.0,593
420034761003,20.7,1043,45.5,452,44.98,706
420034754021,48.8,4599,17.3,2004,37.24,3113
420031411001,41.6,2720,29.7,1183,38.52,1844
420034754022,33.8,2815,28.2,1233,41.5,1908
420034761002,23.0,979,44.0,425,43.52,660
420034825001,24.7,5039,46.1,2188,41.51,3410
420034761004,17.2,1181,53.0,511,44.4,806
420034900042,44.0,7977,14.8,3479,37.52,5426
420034762001,27.3,609,43.5,264,42.28,412
420034950002,45.2,38051,5.8,16550,32.88,25635
420034961021,46.8,13386,11.5,5830,34.38,9039
420034980002,46.3,4721,23.8,2051,37.13,3199
420035213023,42.7,6781,20.6,2959,37.05,4601
420034690002,40.4,3977,27.9,1730,40.13,2695
420034762002,32.4,1644,39.5,719,42.53,1118
420035240003,19.0,972,63.1,423,42.25,646
420034810003,11.7,374,70.4,160,46.85,258
420035231001,44.4,8330,11.6,3621,35.21,5646
420035214021,57.6,3742,19.3,1630,35.5,2539
420030404001,2.4,140,89.2,60,48.84,95
420035232001,53.6,3176,19.6,1383,36.05,2154
420034810004,21.8,497,43.8,217,42.65,335
420034804003,20.6,1467,37.7,635,42.67,996
420034810001,12.2,410,65.5,171,45.22,282
420030405001,7.9,511,80.3,228,47.11,354
420034810002,12.7,405,65.3,178,44.93,275
420032602002,41.8,1679,35.7,722,39.69,1133
420032602001,37.3,938,38.7,406,40.85,629
420030709001,9.1,585,78.5,253,47.19,401
420030409001,13.7,823,78.7,350,46.19,556
420030709002,15.0,263,70.1,113,45.7,178
420034771001,23.0,1497,42.7,647,45.32,1019
420034771003,20.9,1538,36.9,668,44.27,1034
420034900041,36.7,2596,26.5,1134,39.57,1761
420034295003,44.5,3067,33.3,1330,40.53,2081
420034771002,22.5,1110,35.8,489,44.17,761
420031115002,1.9,850,87.2,367,49.77,572
420030901001,0.8,651,82.1,283,48.32,441
420031404003,25.2,815,47.7,356,42.84,553
420031011002,2.9,1818,57.2,788,41.61,1238
420031408001,27.7,1167,51.3,503,42.68,801
420031113001,21.2,307,57.4,136,45.72,207
420034736013,29.5,1132,35.9,492,42.98,765
420031414003,24.1,570,54.8,249,43.77,382
420034520002,35.3,12525,25.2,5451,40.63,8498
420034560033,48.7,37897,6.8,16489,36.64,25719
420034390001,64.3,26704,5.6,11616,34.69,18121
420034520001,39.2,63700,22.9,27720,39.16,43224
420035100002,15.0,449,69.1,197,45.99,308
420034802002,26.1,872,37.1,377,42.48,587
420034141022,52.4,9676,13.9,4216,36.75,6556
420034296001,45.7,5036,21.3,2196,39.27,3425
420034100001,66.1,4451,9.6,1938,35.17,3019
420031401001,19.4,1774,58.6,769,43.76,1201
420030705002,3.8,138,83.0,61,45.93,91
420034272004,38.3,2469,32.2,1078,40.31,1681
420034315001,18.7,327,63.3,142,46.52,223
420032023001,41.4,890,32.5,384,40.48,598
420034131001,52.8,15445,7.4,6739,35.24,10474
420034742011,45.9,2760,21.7,1205,39.44,1872
420031408002,18.6,712,67.4,304,45.1,491
420034272003,30.8,2090,35.2,897,42.92,1407
420034742022,37.0,8997,18.2,3917,39.36,6093
420032023003,36.4,1294,35.0,562,41.76,880
420034508002,4.9,1001,58.5,440,44.69,682
420034511053,60.5,11518,13.5,5016,37.0,7817
420034804004,50.4,3069,15.9,1331,38.44,2074
420034886004,43.1,5107,24.5,2227,39.67,3458
420034520004,41.8,68173,7.7,29664,37.47,45290
420034600023,38.0,1586,28.6,686,41.04,1073
420032022001,32.1,1052,44.9,459,42.76,712
420034530041,37.8,3188,23.4,1389,40.76,2166
420035524003,17.1,3097,53.2,1353,42.51,2105
420034324002,15.4,317,69.5,140,46.7,213
420035212002,29.6,4822,49.2,2097,41.55,3277
420034292022,44.8,2149,29.6,936,40.99,1459
420034141021,44.6,9579,18.7,4175,37.48,6509
420033001001,12.7,405,70.9,182,45.55,279
420034131004,46.0,6320,22.5,2753,38.41,4289
420035212003,50.6,4740,17.1,2063,36.25,3222
420034370001,54.3,20420,18.2,8883,37.78,13859
420034804002,38.3,2511,21.1,1101,39.83,1697
420031916001,47.9,2235,24.0,974,38.9,1519
420032022003,35.8,358,41.6,149,41.59,239
420030404002,1.6,236,85.3,103,49.64,159
420034070012,46.5,15056,6.8,6553,34.04,10240
420034131002,41.1,3929,26.3,1701,39.35,2671
420032023002,23.3,1061,43.4,462,44.22,720
420031916003,25.2,328,46.4,150,43.93,227
420034687001,23.7,2123,53.4,928,45.19,1446
420035212001,33.4,4497,42.6,1957,40.64,3059
420032022002,17.2,296,62.4,133,44.66,205
420031702002,3.5,1038,56.2,448,43.38,699
420035640002,50.9,32344,5.1,14082,35.88,21634
420035030025,44.0,4064,27.5,1765,37.72,2750
420034020001,9.1,447,57.0,194,44.94,302
420035200022,46.9,2035,28.4,884,37.96,1377
420035214022,59.1,4313,15.9,1868,34.41,2926
420034600022,40.2,4858,27.4,2111,41.23,3294
420034133003,54.0,1381,15.7,601,38.7,930
420034292023,42.8,3939,31.2,1717,40.78,2674
420034885002,31.8,13207,37.3,5750,40.55,8963
420034560031,37.6,13640,13.2,5935,37.37,9251
420034070014,49.6,30650,4.4,13326,34.42,20795
420035262022,51.1,18065,15.7,7856,34.17,12273
420034639001,25.4,882,50.5,383,44.85,597
420034268002,40.1,4086,30.2,1777,40.68,2775
420034911011,43.2,10937,19.4,4762,38.27,7429
420034272001,47.7,2258,23.7,986,40.23,1539
420035641001,50.3,2759,26.3,1203,38.82,1886
420034886001,52.8,1881,16.9,820,36.64,1277
420034658001,29.2,1130,45.0,496,43.15,766
420034705021,34.6,2121,39.0,926,42.02,1444
420034690001,22.8,1131,46.4,491,43.26,768
420030103011,6.4,943,58.2,411,39.65,639
420035152002,20.1,437,65.5,190,44.05,295
420034013003,45.9,4000,16.9,1734,35.19,2718
420035030023,34.8,1774,34.1,770,41.0,1204
420034773005,18.6,3373,29.8,1473,41.74,2291
420034212004,62.3,7267,7.7,3144,34.66,4928
420035030021,44.4,1948,30.4,857,38.7,1322
420039803001,72.3,2478,3.2,1082,34.15,1687
420035030022,29.4,1340,49.9,585,42.1,904
420034993002,52.2,2837,24.8,1238,36.45,1913
420034131003,46.4,5435,21.2,2352,38.09,3686
420035030024,23.3,1214,49.2,533,42.1,837
420035161001,27.9,1366,56.0,599,43.0,931
420035100001,14.5,1477,68.3,646,44.93,1000
420035521002,6.6,689,53.2,301,43.2,468
420035162002,36.4,664,47.5,290,40.73,450
420035180013,43.4,1865,29.9,811,37.89,1268
420035162001,37.2,886,41.5,384,40.71,603
420035232003,42.7,1381,26.0,596,37.09,930
420035232002,35.9,1031,37.9,447,38.93,701
420035231002,33.2,1875,28.6,816,38.47,1270
420035200021,49.5,2313,25.3,1007,37.03,1571
420035200023,33.8,869,37.1,375,40.22,594
420035231003,32.7,1319,43.7,571,40.45,905
420035232004,32.9,610,44.4,261,39.4,414
420035233003,34.8,734,39.7,318,40.17,499
420035233001,41.5,1357,28.3,588,37.24,917
420035522001,17.2,2024,48.2,879,40.34,1374
420035235013,33.8,2276,35.6,991,39.22,1539
420035235011,32.3,3632,24.5,1579,38.29,2464
420034511052,29.4,2798,36.1,1215,42.1,1903
420035235012,39.5,2901,29.0,1263,39.14,1970
420035252001,20.6,893,62.3,389,42.88,604
420035240001,12.5,405,64.3,180,44.42,287
420035252002,4.7,1842,51.4,800,41.58,1253
420035262021,32.6,2541,31.1,1112,38.24,1724
420035640001,44.4,35342,9.2,15368,37.27,23989
420035262023,30.5,1206,42.5,522,40.71,810
420035263011,36.0,2637,33.4,1154,38.26,1786
420035512001,31.5,759,48.4,332,41.12,512
420035521001,12.0,828,71.9,361,45.53,566
420035512002,22.6,1016,56.0,441,43.12,689
420035512003,19.3,729,61.2,318,43.04,498
420034886002,39.9,3844,28.7,1669,39.81,2601
420031918003,17.7,366,57.3,161,45.49,250
420034263002,36.4,3206,29.7,1400,41.41,2170
420035630002,25.2,1109,40.4,487,43.28,746
420034900033,37.6,2336,25.4,1015,39.3,1586
420034900032,38.0,3446,20.8,1502,38.31,2334
420034940001,16.8,2059,44.6,897,39.8,1396
420034928001,24.1,1467,49.8,641,42.7,998
420034980001,30.6,2579,38.9,1124,38.86,1748
420034928002,25.5,1690,41.5,731,42.34,1150
420035010001,22.8,2686,45.0,1167,40.18,1822
420031412003,21.9,734,56.4,320,43.8,499
420039812001,1.4,1145,79.8,499,42.98,777
420035170002,35.7,3241,27.4,1409,38.92,2220
420035152001,35.3,612,43.6,265,40.74,416
420035213021,35.5,2027,31.5,878,38.75,1379
420030305003,3.0,532,87.7,231,47.09,355
420035214012,50.1,3843,17.5,1667,35.14,2609
420031308001,16.0,549,67.8,242,44.26,374
420033001004,17.1,235,67.7,103,44.75,162
420031307001,46.0,860,33.7,374,38.5,583
420031115003,2.5,534,79.7,236,49.19,363
420034742012,46.8,3587,17.6,1552,38.54,2436
420035648001,33.8,800,45.6,347,40.77,542
420031307002,25.3,625,59.0,266,42.2,422
420031308002,6.3,700,74.5,306,47.32,483
420031308003,8.6,674,72.2,290,47.0,452
420032413002,22.9,943,64.9,407,45.91,638
420033001003,25.5,272,64.1,121,43.76,180
420035640004,50.7,13391,14.9,5834,36.95,9076
420035653001,65.5,12643,11.3,5490,34.99,8586
420031115001,3.1,472,81.4,205,48.73,322
420031307003,17.3,976,67.2,422,44.41,660
420034911013,46.8,10090,12.1,4387,36.53,6837
420035130001,21.4,4331,50.7,1889,43.33,2930
420034120042,54.0,14331,14.8,6240,36.74,9725
420034110022,43.1,8937,20.0,3889,37.99,6069
420035130002,31.9,941,55.7,411,40.94,638
420034120041,61.6,21454,6.2,9345,34.85,14572
420034110011,64.6,35811,3.8,15580,34.42,24230
420034110021,44.6,13690,22.3,5956,38.28,9282
420035652003,18.1,1078,60.2,471,46.96,734
420034142004,49.3,11710,8.7,5110,35.64,7959
420032413001,13.7,2026,56.0,884,41.55,1374
420035652002,6.7,693,79.4,300,48.06,468
420031412002,23.3,1384,55.4,603,43.73,945
420034142003,59.0,8398,9.8,3653,35.55,5685
420035652001,6.4,695,79.2,303,49.94,475
420035648002,23.3,763,67.4,330,43.58,519
420031401003,9.5,190,26.2,83,40.04,127
420031306002,35.4,1331,36.8,582,40.41,904
420035625002,15.6,674,67.4,296,45.53,460
420031610001,44.1,5080,27.9,2211,38.26,3450
420034600013,36.2,4519,24.3,1968,41.4,3074
420031412001,62.0,569,9.8,245,36.97,384
420034110012,37.7,18592,24.1,8088,39.48,12602
420034560034,37.6,6362,24.7,2766,40.3,4319
420034142001,45.7,2702,25.2,1166,38.91,1835
420031609003,0.7,296,95.9,129,50.63,201
420032413003,51.0,1329,34.2,581,39.87,908
