tract,pop_3plus,pop_3plus_moe,enrolled_college,enrolled_college_moe,enrolled_undergrad,enrolled_grad_prof,pct_enrolled_college,pct_enrolled_college_moe,gq_pop,gq_pop_moe,pct_college_outside_gq_approx
42003010301,1855.0,55.0,28.0,37,28.0,0.0,0.0151,0.0199,1855.0,55.0,
42003010302,4729.0,181.0,3963.0,159,3780.0,183.0,0.838,0.0099,4040.0,127.0,0.0
42003020100,4600.0,527.0,1796.0,227,1484.0,312.0,0.3904,0.0208,1261.0,34.0,0.1602
42003020300,1895.0,281.0,105.0,57,28.0,77.0,0.0554,0.0288,17.0,2.0,0.0469
42003030500,2881.0,550.0,349.0,147,203.0,146.0,0.1211,0.0457,64.0,6.0,0.1012
42003040200,2052.0,257.0,1431.0,163,1303.0,128.0,0.6974,0.118,1055.0,108.0,0.3771
42003040400,1603.0,240.0,609.0,128,440.0,169.0,0.3799,0.0561,290.0,33.0,0.243
42003040500,3081.0,553.0,2727.0,513,2479.0,248.0,0.8851,0.05,812.0,27.0,0.844
42003040600,2337.0,456.0,1875.0,471,1782.0,93.0,0.8023,0.127,0.0,12.0,0.8023
42003040900,3271.0,504.0,1944.0,487,1660.0,284.0,0.5943,0.1173,82.0,11.0,0.5839
42003050100,1644.0,346.0,60.0,73,60.0,0.0,0.0365,0.0437,18.0,21.0,0.0258
42003050600,1527.0,353.0,150.0,86,68.0,82.0,0.0982,0.0517,0.0,12.0,0.0982
42003050900,1399.0,238.0,15.0,30,15.0,0.0,0.0107,0.021,0.0,12.0,0.0107
42003051000,2382.0,281.0,1414.0,196,1297.0,117.0,0.5936,0.0429,1134.0,35.0,0.2244
42003051100,782.0,203.0,46.0,50,21.0,25.0,0.0588,0.0624,0.0,12.0,0.0588
42003060300,2711.0,330.0,437.0,175,139.0,298.0,0.1612,0.0616,30.0,9.0,0.1518
42003060500,1104.0,191.0,105.0,51,71.0,34.0,0.0951,0.0436,0.0,12.0,0.0951
42003070300,2066.0,323.0,535.0,180,159.0,376.0,0.259,0.077,126.0,3.0,0.2108
42003070500,2967.0,372.0,838.0,222,202.0,636.0,0.2824,0.066,14.0,3.0,0.279
42003070600,2051.0,428.0,409.0,174,109.0,300.0,0.1994,0.0738,35.0,7.0,0.1855
42003070800,2550.0,358.0,495.0,129,35.0,460.0,0.1941,0.0425,13.0,2.0,0.19
42003070900,4338.0,515.0,1555.0,394,690.0,865.0,0.3585,0.0802,570.0,15.0,0.2614
42003080200,1603.0,189.0,149.0,56,57.0,92.0,0.093,0.0332,0.0,12.0,0.093
42003080400,1528.0,214.0,271.0,100,26.0,245.0,0.1774,0.0607,0.0,12.0,0.1774
42003080600,1993.0,297.0,331.0,115,105.0,226.0,0.1661,0.0519,6.0,3.0,0.1636
42003080700,1898.0,250.0,393.0,157,51.0,342.0,0.2071,0.0779,31.0,5.0,0.1939
42003080900,1835.0,246.0,181.0,83,112.0,69.0,0.0986,0.0435,52.0,4.0,0.0723
42003090100,2013.0,304.0,218.0,125,36.0,182.0,0.1083,0.0601,2.0,2.0,0.1074
42003090200,2574.0,273.0,141.0,67,46.0,95.0,0.0548,0.0252,268.0,5.0,0.0
42003090300,1369.0,384.0,79.0,42,30.0,49.0,0.0577,0.0264,0.0,12.0,0.0577
42003100500,1932.0,221.0,98.0,48,66.0,32.0,0.0507,0.0241,59.0,4.0,0.0208
42003101100,2453.0,425.0,154.0,91,30.0,124.0,0.0628,0.0355,5.0,4.0,0.0609
42003101400,3087.0,394.0,167.0,77,37.0,130.0,0.0541,0.0239,8.0,12.0,0.0516
42003101800,2474.0,331.0,231.0,146,70.0,161.0,0.0934,0.0577,0.0,12.0,0.0934
42003101900,2721.0,363.0,123.0,70,96.0,27.0,0.0452,0.0249,0.0,12.0,0.0452
42003110200,4099.0,727.0,191.0,78,54.0,137.0,0.0466,0.0172,16.0,3.0,0.0429
42003110600,2294.0,255.0,111.0,66,40.0,71.0,0.0484,0.0285,0.0,12.0,0.0484
42003111300,2834.0,440.0,434.0,160,353.0,81.0,0.1531,0.0511,266.0,18.0,0.0654
42003111400,1235.0,299.0,160.0,110,107.0,53.0,0.1296,0.0834,3.0,2.0,0.1274
42003111500,3570.0,611.0,501.0,247,95.0,406.0,0.1403,0.0648,57.0,5.0,0.1264
42003120300,1419.0,542.0,90.0,97,50.0,40.0,0.0634,0.0638,0.0,12.0,0.0634
42003120900,1416.0,292.0,68.0,57,68.0,0.0,0.048,0.0392,206.0,5.0,0.0
42003130200,1058.0,361.0,43.0,39,35.0,8.0,0.0406,0.034,0.0,12.0,0.0406
42003130600,3850.0,547.0,235.0,169,163.0,72.0,0.061,0.0432,2.0,2.0,0.0606
42003130700,2127.0,390.0,75.0,53,69.0,6.0,0.0353,0.024,7.0,2.0,0.0321
42003130800,2086.0,455.0,138.0,107,44.0,94.0,0.0662,0.0492,6.0,3.0,0.0635
42003140100,6133.0,394.0,3987.0,272,3946.0,41.0,0.6501,0.0147,3589.0,63.0,0.1564
42003140200,2517.0,470.0,1102.0,144,816.0,286.0,0.4378,0.0997,657.0,18.0,0.2392
42003140300,3315.0,393.0,512.0,226,159.0,353.0,0.1544,0.0656,11.0,4.0,0.1516
42003140400,2130.0,329.0,247.0,160,160.0,87.0,0.116,0.0731,0.0,12.0,0.116
42003140500,2262.0,350.0,358.0,169,139.0,219.0,0.1583,0.0706,1.0,3.0,0.1579
42003140800,4552.0,564.0,630.0,198,200.0,430.0,0.1384,0.0401,28.0,8.0,0.1331
42003141100,1315.0,166.0,52.0,32,43.0,9.0,0.0395,0.0238,5.0,4.0,0.0359
42003141200,4081.0,403.0,243.0,111,107.0,136.0,0.0595,0.0266,28.0,7.0,0.053
42003141300,4681.0,510.0,1313.0,440,595.0,718.0,0.2805,0.0889,260.0,4.0,0.2382
42003141400,5202.0,660.0,350.0,141,61.0,289.0,0.0673,0.0258,100.0,3.0,0.049
42003151600,2366.0,321.0,193.0,120,86.0,107.0,0.0816,0.0494,0.0,12.0,0.0816
42003151700,4142.0,647.0,327.0,161,136.0,191.0,0.0789,0.0368,0.0,12.0,0.0789
42003160800,2384.0,553.0,265.0,113,155.0,110.0,0.1112,0.0396,1.0,3.0,0.1108
42003160900,3578.0,488.0,762.0,313,526.0,236.0,0.213,0.0826,0.0,12.0,0.213
42003161000,3054.0,715.0,146.0,147,140.0,6.0,0.0478,0.0469,0.0,12.0,0.0478
42003170200,3676.0,598.0,488.0,273,212.0,276.0,0.1328,0.0712,5.0,9.0,0.1316
42003170600,1679.0,279.0,260.0,131,159.0,101.0,0.1549,0.0736,14.0,11.0,0.1477
42003180300,1821.0,334.0,91.0,78,91.0,0.0,0.05,0.0418,19.0,3.0,0.04
42003180700,2354.0,407.0,325.0,336,262.0,63.0,0.1381,0.1406,0.0,12.0,0.1381
42003190300,2013.0,285.0,83.0,96,8.0,75.0,0.0412,0.0474,0.0,12.0,0.0412
42003191100,2304.0,294.0,134.0,87,26.0,108.0,0.0582,0.0371,0.0,12.0,0.0582
42003191400,2451.0,342.0,168.0,89,53.0,115.0,0.0685,0.0351,5.0,8.0,0.0666
42003191500,1791.0,363.0,239.0,164,144.0,95.0,0.1334,0.0876,2.0,5.0,0.1325
42003191600,3513.0,477.0,265.0,128,153.0,112.0,0.0754,0.035,7.0,4.0,0.0736
42003191700,2878.0,757.0,174.0,156,98.0,76.0,0.0605,0.0517,5.0,5.0,0.0588
42003191800,5579.0,761.0,121.0,98,52.0,69.0,0.0217,0.0173,5.0,11.0,0.0208
42003191900,2304.0,265.0,140.0,107,113.0,27.0,0.0608,0.046,29.0,4.0,0.0488
42003192000,3102.0,564.0,164.0,110,127.0,37.0,0.0529,0.0342,59.0,22.0,0.0345
42003202200,2472.0,569.0,295.0,212,198.0,97.0,0.1193,0.0812,0.0,12.0,0.1193
42003202300,3677.0,798.0,200.0,107,112.0,88.0,0.0544,0.0265,84.0,9.0,0.0323
42003241300,3627.0,472.0,297.0,151,168.0,129.0,0.0819,0.0401,5.0,3.0,0.0806
42003250900,1220.0,311.0,64.0,77,54.0,10.0,0.0525,0.0619,0.0,12.0,0.0525
42003260200,2069.0,284.0,96.0,54,79.0,17.0,0.0464,0.0255,30.0,7.0,0.0324
42003260700,1666.0,402.0,99.0,47,35.0,64.0,0.0594,0.0244,0.0,12.0,0.0594
42003261300,2528.0,663.0,89.0,77,73.0,16.0,0.0352,0.0288,0.0,12.0,0.0352
42003261400,1855.0,481.0,67.0,56,28.0,39.0,0.0361,0.0287,73.0,4.0,0.0
42003261500,1629.0,588.0,71.0,91,60.0,11.0,0.0436,0.0539,12.0,15.0,0.0365
42003262000,2541.0,509.0,45.0,52,0.0,45.0,0.0177,0.0203,98.0,10.0,0.0
42003270100,2327.0,345.0,80.0,49,22.0,58.0,0.0344,0.0206,31.0,3.0,0.0213
42003270300,2034.0,463.0,116.0,53,100.0,16.0,0.057,0.0228,36.0,8.0,0.04
42003270800,2355.0,369.0,70.0,78,70.0,0.0,0.0297,0.0328,61.0,10.0,0.0039
42003271600,4266.0,493.0,84.0,97,84.0,0.0,0.0197,0.0226,9.0,4.0,0.0176
42003281400,2415.0,351.0,111.0,92,98.0,13.0,0.046,0.0377,0.0,12.0,0.046
42003281500,1501.0,345.0,58.0,46,27.0,31.0,0.0386,0.0294,5.0,7.0,0.0354
42003290100,1713.0,400.0,76.0,51,52.0,24.0,0.0444,0.0276,16.0,9.0,0.0354
42003290200,3751.0,473.0,102.0,95,102.0,0.0,0.0272,0.025,2.0,4.0,0.0267
42003290400,3490.0,526.0,154.0,85,154.0,0.0,0.0441,0.0234,11.0,26.0,0.0411
42003300100,3333.0,865.0,129.0,90,129.0,0.0,0.0387,0.025,0.0,12.0,0.0387
42003310200,3226.0,330.0,93.0,55,58.0,35.0,0.0288,0.0169,3.0,6.0,0.0279
42003320400,1782.0,200.0,88.0,40,54.0,34.0,0.0494,0.0219,13.0,17.0,0.0424
42003320600,2190.0,374.0,215.0,100,174.0,41.0,0.0982,0.0426,0.0,12.0,0.0982
42003320700,1715.0,295.0,45.0,37,32.0,13.0,0.0262,0.021,0.0,12.0,0.0262
42003401100,4405.0,452.0,110.0,71,110.0,0.0,0.025,0.0159,9.0,5.0,0.023
42003401200,2513.0,382.0,77.0,73,77.0,0.0,0.0306,0.0287,0.0,12.0,0.0306
42003401300,2828.0,418.0,125.0,73,57.0,68.0,0.0442,0.0248,49.0,2.0,0.0273
42003402000,3077.0,74.0,235.0,174,210.0,25.0,0.0764,0.0566,80.0,3.0,0.0517
42003403500,4003.0,223.0,361.0,161,203.0,158.0,0.0902,0.04,47.0,6.0,0.0794
42003404000,1364.0,147.0,16.0,11,12.0,4.0,0.0117,0.0077,21.0,4.0,0.0
42003405000,1026.0,150.0,31.0,16,29.0,2.0,0.0302,0.0152,0.0,12.0,0.0302
42003406000,2166.0,309.0,42.0,22,37.0,5.0,0.0194,0.01,2.0,2.0,0.0185
42003407001,5425.0,570.0,114.0,69,72.0,42.0,0.021,0.0126,22.0,3.0,0.017
42003407002,6407.0,566.0,184.0,77,54.0,130.0,0.0287,0.0117,129.0,6.0,0.0088
42003408001,5323.0,573.0,234.0,311,234.0,0.0,0.044,0.0583,104.0,3.0,0.0249
42003408002,6155.0,558.0,206.0,123,192.0,14.0,0.0335,0.0198,9.0,3.0,0.0321
42003409001,9122.0,685.0,225.0,107,150.0,75.0,0.0247,0.0116,65.0,5.0,0.0177
42003409002,5427.0,708.0,168.0,113,84.0,84.0,0.031,0.0204,0.0,17.0,0.031
42003410000,1179.0,221.0,35.0,17,12.0,23.0,0.0297,0.0133,0.0,12.0,0.0297
42003411001,3940.0,396.0,164.0,91,108.0,56.0,0.0416,0.0228,0.0,12.0,0.0416
42003411002,5929.0,399.0,146.0,85,50.0,96.0,0.0246,0.0142,85.0,4.0,0.0104
42003412002,4858.0,464.0,138.0,77,59.0,79.0,0.0284,0.0157,0.0,12.0,0.0284
42003412003,5930.0,486.0,228.0,111,183.0,45.0,0.0384,0.0184,0.0,17.0,0.0384
42003412004,3975.0,612.0,246.0,97,129.0,117.0,0.0619,0.0223,26.0,7.0,0.0557
42003413100,6694.0,593.0,267.0,124,200.0,67.0,0.0399,0.0182,169.0,5.0,0.015
42003413201,3585.0,373.0,136.0,79,100.0,36.0,0.0379,0.0216,4.0,3.0,0.0369
42003413202,2627.0,306.0,145.0,60,59.0,86.0,0.0552,0.0219,0.0,12.0,0.0552
42003413300,4392.0,384.0,191.0,81,147.0,44.0,0.0435,0.018,214.0,8.0,0.0
42003413400,4339.0,526.0,141.0,61,88.0,53.0,0.0325,0.0136,21.0,4.0,0.0278
42003413500,6420.0,520.0,878.0,189,779.0,99.0,0.1368,0.0272,642.0,15.0,0.0408
42003414101,5360.0,611.0,218.0,131,138.0,80.0,0.0407,0.024,10.0,2.0,0.0389
42003414102,6672.0,767.0,243.0,159,181.0,62.0,0.0364,0.0235,21.0,4.0,0.0334
42003414200,5351.0,550.0,458.0,360,270.0,188.0,0.0856,0.0667,42.0,4.0,0.0784
42003415001,4596.0,273.0,264.0,147,193.0,71.0,0.0574,0.0318,211.0,7.0,0.0121
42003415002,2428.0,282.0,49.0,28,27.0,22.0,0.0202,0.0113,23.0,3.0,0.0108
42003416000,1411.0,157.0,35.0,22,30.0,5.0,0.0248,0.0152,0.0,12.0,0.0248
42003417100,2084.0,159.0,32.0,26,3.0,29.0,0.0154,0.0127,0.0,12.0,0.0154
42003417200,1184.0,160.0,27.0,18,8.0,19.0,0.0228,0.0148,5.0,11.0,0.0187
42003418000,1600.0,208.0,120.0,98,105.0,15.0,0.075,0.0605,6.0,5.0,0.0715
42003419000,3002.0,49.0,57.0,48,57.0,0.0,0.019,0.0158,228.0,5.0,0.0
42003420000,1420.0,191.0,75.0,64,47.0,28.0,0.0528,0.0446,0.0,12.0,0.0528
42003421100,4703.0,311.0,125.0,85,18.0,107.0,0.0266,0.018,135.0,5.0,0.0
42003421200,4052.0,352.0,165.0,85,110.0,55.0,0.0407,0.0208,0.0,12.0,0.0407
42003422000,5141.0,59.0,186.0,88,172.0,14.0,0.0362,0.0172,6.0,2.0,0.0351
42003423000,2609.0,113.0,107.0,56,44.0,63.0,0.041,0.0214,0.0,12.0,0.041
42003424000,3015.0,63.0,225.0,125,109.0,116.0,0.0746,0.0415,1.0,3.0,0.0743
42003425000,3304.0,52.0,197.0,92,157.0,40.0,0.0596,0.0277,6.0,3.0,0.0579
42003426300,5851.0,799.0,123.0,111,61.0,62.0,0.021,0.0187,8.0,3.0,0.0197
42003426400,4039.0,485.0,128.0,98,100.0,28.0,0.0317,0.0241,10.0,4.0,0.0293
42003426700,2175.0,459.0,75.0,41,29.0,46.0,0.0345,0.0175,5.0,5.0,0.0323
42003426800,4976.0,607.0,157.0,100,117.0,40.0,0.0316,0.0197,5.0,6.0,0.0306
42003427000,3281.0,31.0,205.0,101,141.0,64.0,0.0625,0.0307,83.0,29.0,0.0381
42003427100,5055.0,558.0,332.0,170,284.0,48.0,0.0657,0.0328,7.0,2.0,0.0644
42003427200,4685.0,538.0,215.0,139,191.0,24.0,0.0459,0.0291,0.0,12.0,0.0459
42003428100,1089.0,155.0,19.0,21,19.0,0.0,0.0174,0.0189,0.0,12.0,0.0174
42003428200,2009.0,163.0,58.0,30,46.0,12.0,0.0289,0.0147,0.0,12.0,0.0289
42003429100,2411.0,350.0,73.0,50,35.0,38.0,0.0303,0.0205,104.0,4.0,0.0
42003429201,4651.0,413.0,259.0,211,188.0,71.0,0.0557,0.0451,212.0,4.0,0.0106
42003429202,4244.0,422.0,129.0,67,103.0,26.0,0.0304,0.0154,6.0,8.0,0.029
42003429300,6314.0,561.0,340.0,215,272.0,68.0,0.0538,0.0337,174.0,8.0,0.027
42003429400,4085.0,436.0,197.0,146,163.0,34.0,0.0482,0.0354,6.0,8.0,0.0468
42003429500,4221.0,567.0,190.0,114,99.0,91.0,0.045,0.0264,11.0,2.0,0.0425
42003429600,3451.0,365.0,87.0,51,51.0,36.0,0.0252,0.0145,95.0,8.0,0.0
42003429700,2165.0,297.0,134.0,87,71.0,63.0,0.0619,0.0394,5.0,3.0,0.0597
42003430100,1831.0,269.0,49.0,29,26.0,23.0,0.0268,0.0155,0.0,12.0,0.0268
42003430200,4432.0,275.0,161.0,128,139.0,22.0,0.0363,0.0287,5.0,2.0,0.0352
42003431100,3068.0,343.0,132.0,93,59.0,73.0,0.043,0.0298,19.0,7.0,0.0371
42003431400,1795.0,253.0,60.0,37,26.0,34.0,0.0334,0.0202,5.0,5.0,0.0307
42003431500,2796.0,384.0,40.0,43,5.0,35.0,0.0143,0.0152,37.0,5.0,0.0011
42003432300,2056.0,239.0,104.0,67,100.0,4.0,0.0506,0.0319,69.0,6.0,0.0176
42003432400,2506.0,223.0,90.0,77,75.0,15.0,0.0359,0.0306,7.0,4.0,0.0332
42003434000,1851.0,191.0,71.0,32,33.0,38.0,0.0384,0.0166,11.0,5.0,0.0326
42003435000,2378.0,280.0,53.0,36,53.0,0.0,0.0223,0.0149,39.0,8.0,0.006
42003437000,6921.0,97.0,228.0,121,156.0,72.0,0.0329,0.0174,192.0,20.0,0.0053
42003439000,1414.0,148.0,32.0,16,25.0,7.0,0.0226,0.0108,0.0,12.0,0.0226
42003445500,3651.0,75.0,259.0,107,190.0,69.0,0.0709,0.0292,6.0,2.0,0.0694
42003446000,1524.0,127.0,74.0,30,50.0,24.0,0.0486,0.0193,6.0,5.0,0.0448
42003447000,1438.0,186.0,39.0,20,35.0,4.0,0.0271,0.0132,0.0,12.0,0.0271
42003448000,1081.0,144.0,17.0,18,17.0,0.0,0.0157,0.0169,0.0,12.0,0.0157
42003449000,2121.0,291.0,47.0,34,39.0,8.0,0.0222,0.0155,5.0,5.0,0.0198
42003450700,2796.0,375.0,164.0,64,164.0,0.0,0.0587,0.0215,2.0,4.0,0.058
42003450800,2529.0,380.0,6.0,16,0.0,6.0,0.0024,0.0062,5.0,11.0,0.0004
42003451101,3469.0,486.0,87.0,50,81.0,6.0,0.0251,0.0139,55.0,4.0,0.0094
42003451102,6290.0,692.0,1885.0,216,1731.0,154.0,0.2997,0.0093,1496.0,43.0,0.0811
42003451104,3546.0,465.0,105.0,58,85.0,20.0,0.0296,0.0159,13.0,2.0,0.026
42003451105,5946.0,1359.0,800.0,292,685.0,115.0,0.1345,0.0383,292.0,7.0,0.0898
42003451300,7008.0,665.0,131.0,93,131.0,0.0,0.0187,0.0131,77.0,6.0,0.0078
42003452000,6366.0,114.0,223.0,121,132.0,91.0,0.035,0.019,21.0,10.0,0.0318
42003453003,1896.0,223.0,302.0,41,282.0,20.0,0.1593,0.0105,220.0,11.0,0.0489
42003453004,6988.0,768.0,403.0,196,301.0,102.0,0.0577,0.0273,53.0,4.0,0.0505
42003455000,1448.0,141.0,65.0,25,33.0,32.0,0.0449,0.0171,0.0,12.0,0.0449
42003456001,4400.0,459.0,176.0,85,112.0,64.0,0.04,0.0188,0.0,12.0,0.04
42003456003,7320.0,534.0,230.0,110,152.0,78.0,0.0314,0.0148,19.0,4.0,0.0289
42003456004,6083.0,497.0,476.0,189,306.0,170.0,0.0783,0.0304,349.0,8.0,0.0221
42003457100,1417.0,175.0,64.0,51,52.0,12.0,0.0452,0.0357,23.0,9.0,0.0294
42003457200,3172.0,179.0,106.0,60,85.0,21.0,0.0334,0.0189,3.0,2.0,0.0325
42003458001,4290.0,372.0,161.0,78,41.0,120.0,0.0375,0.0178,22.0,3.0,0.0326
42003458002,4518.0,364.0,91.0,96,91.0,0.0,0.0201,0.0211,6.0,3.0,0.0188
42003459101,1668.0,231.0,52.0,37,44.0,8.0,0.0312,0.0216,5.0,7.0,0.0283
42003459102,6362.0,582.0,262.0,171,233.0,29.0,0.0412,0.0266,218.0,8.0,0.0072
42003459201,7069.0,499.0,169.0,71,102.0,67.0,0.0239,0.0099,95.0,7.0,0.0106
42003459202,650.0,86.0,40.0,23,32.0,8.0,0.0615,0.0346,0.0,12.0,0.0615
42003460001,4725.0,376.0,68.0,74,39.0,29.0,0.0144,0.0157,86.0,7.0,0.0
42003460002,3624.0,385.0,101.0,67,90.0,11.0,0.0279,0.0183,46.0,4.0,0.0154
42003461000,1050.0,156.0,30.0,23,16.0,14.0,0.0286,0.0212,0.0,12.0,0.0286
42003462100,2389.0,406.0,21.0,47,21.0,0.0,0.0088,0.0194,5.0,1.0,0.0067
42003462600,3637.0,381.0,257.0,139,208.0,49.0,0.0707,0.0374,28.0,3.0,0.0635
42003463900,2959.0,434.0,61.0,48,40.0,21.0,0.0206,0.016,0.0,12.0,0.0206
42003464300,3223.0,88.0,125.0,67,75.0,50.0,0.0388,0.0206,0.0,12.0,0.0388
42003464400,2683.0,428.0,65.0,75,65.0,0.0,0.0242,0.0277,5.0,2.0,0.0224
42003465600,2347.0,348.0,51.0,43,32.0,19.0,0.0217,0.0181,14.0,4.0,0.0159
42003465800,3405.0,347.0,192.0,86,165.0,27.0,0.0564,0.0247,5.0,1.0,0.055
42003468700,1832.0,266.0,54.0,32,38.0,16.0,0.0295,0.0169,7.0,7.0,0.0258
42003468800,2401.0,282.0,240.0,187,230.0,10.0,0.1,0.0769,12.0,2.0,0.0954
42003468900,3446.0,376.0,94.0,104,85.0,9.0,0.0273,0.0299,7.0,4.0,0.0253
42003469000,4579.0,113.0,166.0,94,83.0,83.0,0.0363,0.0206,5.0,1.0,0.0352
42003470300,3822.0,417.0,207.0,138,191.0,16.0,0.0542,0.0357,361.0,8.0,0.0
42003470400,2966.0,383.0,86.0,49,86.0,0.0,0.029,0.0163,3.0,3.0,0.028
42003470501,4620.0,620.0,158.0,147,110.0,48.0,0.0342,0.0315,36.0,11.0,0.0266
42003470502,2735.0,323.0,111.0,78,90.0,21.0,0.0406,0.0282,162.0,6.0,0.0
42003470600,2722.0,354.0,24.0,30,24.0,0.0,0.0088,0.0111,15.0,4.0,0.0033
42003471000,1206.0,127.0,23.0,13,18.0,5.0,0.0191,0.0109,0.0,12.0,0.0191
42003472100,2195.0,234.0,193.0,82,79.0,114.0,0.0879,0.0362,8.0,2.0,0.0846
42003472200,2187.0,274.0,153.0,138,135.0,18.0,0.07,0.0627,15.0,2.0,0.0635
42003472300,1759.0,238.0,54.0,33,40.0,14.0,0.0307,0.0184,5.0,2.0,0.0279
42003472400,1701.0,195.0,67.0,36,46.0,21.0,0.0394,0.0205,0.0,12.0,0.0394
42003473100,4430.0,660.0,90.0,78,65.0,25.0,0.0203,0.0173,9.0,13.0,0.0183
42003473200,3152.0,331.0,130.0,68,98.0,32.0,0.0412,0.0211,3.0,4.0,0.0403
42003473300,5680.0,553.0,350.0,214,165.0,185.0,0.0616,0.0373,106.0,7.0,0.0438
42003473401,3786.0,471.0,128.0,61,99.0,29.0,0.0338,0.0156,0.0,12.0,0.0338
42003473402,3732.0,639.0,80.0,48,32.0,48.0,0.0214,0.0124,5.0,2.0,0.0201
42003473500,3533.0,462.0,167.0,85,137.0,30.0,0.0473,0.0232,115.0,2.0,0.0152
42003473601,3839.0,330.0,77.0,51,34.0,43.0,0.0201,0.0133,123.0,10.0,0.0
42003473602,4256.0,488.0,79.0,62,53.0,26.0,0.0186,0.0144,122.0,29.0,0.0
42003474101,4190.0,498.0,117.0,55,87.0,30.0,0.0279,0.0127,3.0,3.0,0.0272
42003474102,3497.0,381.0,104.0,85,18.0,86.0,0.0297,0.0241,10.0,3.0,0.027
42003474201,2611.0,305.0,92.0,40,67.0,25.0,0.0352,0.0148,0.0,12.0,0.0352
42003474202,5492.0,539.0,107.0,59,77.0,30.0,0.0195,0.0106,71.0,7.0,0.0066
42003474203,4446.0,500.0,162.0,80,99.0,63.0,0.0364,0.0174,8.0,8.0,0.0347
42003475101,4504.0,502.0,127.0,133,84.0,43.0,0.0282,0.0294,196.0,6.0,0.0
42003475102,1693.0,229.0,32.0,26,17.0,15.0,0.0189,0.0149,0.0,12.0,0.0189
42003475200,5138.0,549.0,118.0,82,66.0,52.0,0.023,0.0157,6.0,1.0,0.0218
42003475301,4429.0,546.0,330.0,117,310.0,20.0,0.0745,0.0248,18.0,4.0,0.0707
42003475303,3978.0,377.0,72.0,59,36.0,36.0,0.0181,0.0148,52.0,9.0,0.0051
42003475304,5098.0,421.0,134.0,111,117.0,17.0,0.0263,0.0217,64.0,4.0,0.0139
42003475401,3846.0,382.0,224.0,130,101.0,123.0,0.0582,0.0332,26.0,10.0,0.0518
42003475402,3164.0,410.0,180.0,101,156.0,24.0,0.0569,0.031,0.0,12.0,0.0569
42003476100,4799.0,430.0,206.0,115,148.0,58.0,0.0429,0.0236,7.0,4.0,0.0415
42003476200,3308.0,422.0,200.0,150,176.0,24.0,0.0605,0.0448,1.0,2.0,0.0602
42003477100,3858.0,354.0,109.0,65,27.0,82.0,0.0283,0.0166,83.0,18.0,0.0069
42003477200,4479.0,504.0,181.0,142,96.0,85.0,0.0404,0.0314,141.0,2.0,0.0092
42003477300,5735.0,423.0,321.0,165,171.0,150.0,0.056,0.0284,3.0,3.0,0.0555
42003478100,4103.0,504.0,100.0,70,50.0,50.0,0.0244,0.0168,33.0,6.0,0.0165
42003478200,5415.0,501.0,382.0,206,245.0,137.0,0.0705,0.0376,0.0,17.0,0.0705
42003479000,1853.0,274.0,78.0,41,32.0,46.0,0.0421,0.0212,0.0,12.0,0.0421
42003480101,5549.0,731.0,356.0,161,301.0,55.0,0.0642,0.0277,5.0,8.0,0.0633
42003480102,3018.0,377.0,125.0,80,125.0,0.0,0.0414,0.026,8.0,8.0,0.0389
42003480200,3615.0,423.0,163.0,86,151.0,12.0,0.0451,0.0232,199.0,7.0,0.0
42003480300,3443.0,392.0,84.0,44,63.0,21.0,0.0244,0.0126,4.0,6.0,0.0233
42003480400,4865.0,535.0,46.0,47,35.0,11.0,0.0095,0.0096,23.0,8.0,0.0048
42003481000,3248.0,63.0,161.0,117,94.0,67.0,0.0496,0.036,0.0,12.0,0.0496
42003482500,1844.0,284.0,108.0,79,108.0,0.0,0.0586,0.0418,2.0,2.0,0.0575
42003483800,2716.0,123.0,203.0,143,174.0,29.0,0.0747,0.0527,22.0,4.0,0.0672
42003484300,2812.0,400.0,51.0,41,28.0,23.0,0.0181,0.0144,26.0,2.0,0.009
42003484500,5369.0,517.0,194.0,151,170.0,24.0,0.0361,0.0279,0.0,17.0,0.0361
42003484600,1841.0,291.0,49.0,38,28.0,21.0,0.0266,0.0204,40.0,3.0,0.005
42003485000,1119.0,210.0,38.0,29,33.0,5.0,0.034,0.025,0.0,12.0,0.034
42003486700,2047.0,450.0,12.0,22,12.0,0.0,0.0059,0.0109,5.0,3.0,0.0034
42003486800,1582.0,331.0,65.0,47,65.0,0.0,0.0411,0.0282,37.0,4.0,0.0181
42003486900,1329.0,312.0,33.0,50,0.0,33.0,0.0248,0.0375,0.0,12.0,0.0248
42003487000,1610.0,248.0,47.0,58,42.0,5.0,0.0292,0.036,0.0,12.0,0.0292
42003488100,2081.0,351.0,89.0,58,42.0,47.0,0.0428,0.0271,3.0,2.0,0.0414
42003488200,3476.0,550.0,205.0,112,141.0,64.0,0.059,0.0309,76.0,4.0,0.0379
42003488300,1910.0,318.0,87.0,84,78.0,9.0,0.0455,0.0432,7.0,9.0,0.042
42003488400,4197.0,620.0,103.0,82,103.0,0.0,0.0245,0.0192,3.0,5.0,0.0238
42003488500,2518.0,405.0,106.0,96,98.0,8.0,0.0421,0.0374,0.0,12.0,0.0421
42003488600,4485.0,977.0,351.0,144,248.0,103.0,0.0783,0.0272,10.0,3.0,0.0762
42003489001,4739.0,438.0,277.0,170,221.0,56.0,0.0585,0.0354,168.0,4.0,0.0238
42003489002,3332.0,432.0,140.0,72,47.0,93.0,0.042,0.0209,3.0,3.0,0.0412
42003490002,4689.0,424.0,161.0,99,144.0,17.0,0.0343,0.0209,14.0,3.0,0.0314
42003490003,3589.0,376.0,65.0,40,65.0,0.0,0.0181,0.0109,5.0,3.0,0.0167
42003490004,5019.0,470.0,284.0,120,197.0,87.0,0.0566,0.0234,45.0,3.0,0.048
42003491101,7508.0,550.0,333.0,165,201.0,132.0,0.0444,0.0217,84.0,6.0,0.0335
42003491200,2068.0,214.0,72.0,43,72.0,0.0,0.0348,0.0203,98.0,3.0,0.0
42003492700,1761.0,362.0,98.0,69,46.0,52.0,0.0557,0.0372,0.0,12.0,0.0557
42003492800,2572.0,484.0,12.0,22,0.0,12.0,0.0047,0.0084,49.0,3.0,0.0
42003492900,1510.0,274.0,18.0,23,18.0,0.0,0.0119,0.0153,0.0,12.0,0.0119
42003494000,1366.0,243.0,73.0,77,60.0,13.0,0.0534,0.0559,0.0,12.0,0.0534
42003495000,2979.0,57.0,48.0,40,42.0,6.0,0.0161,0.0135,7.0,5.0,0.0138
42003496101,2788.0,323.0,132.0,102,30.0,102.0,0.0473,0.036,84.0,10.0,0.0178
42003496102,4165.0,560.0,286.0,302,76.0,210.0,0.0687,0.0719,14.0,3.0,0.0655
42003496200,5395.0,509.0,202.0,141,150.0,52.0,0.0374,0.026,3.0,2.0,0.0369
42003497000,893.0,191.0,23.0,21,23.0,0.0,0.0258,0.0226,10.0,6.0,0.0147
42003498000,2224.0,313.0,31.0,21,16.0,15.0,0.0139,0.0094,20.0,6.0,0.005
42003499300,1522.0,226.0,18.0,16,17.0,1.0,0.0118,0.0107,0.0,12.0,0.0118
42003499400,2671.0,216.0,61.0,55,48.0,13.0,0.0228,0.0206,16.0,5.0,0.0169
42003500300,3576.0,40.0,65.0,38,45.0,20.0,0.0182,0.0106,0.0,12.0,0.0182
42003501000,1522.0,234.0,6.0,13,6.0,0.0,0.0039,0.0088,0.0,12.0,0.0039
42003503002,5642.0,331.0,228.0,78,200.0,28.0,0.0404,0.0137,147.0,6.0,0.0147
42003504100,4998.0,539.0,34.0,37,23.0,11.0,0.0068,0.0075,44.0,2.0,0.0
42003507000,2002.0,236.0,58.0,39,32.0,26.0,0.029,0.0191,0.0,12.0,0.029
42003508000,1697.0,468.0,16.0,17,8.0,8.0,0.0094,0.0097,20.0,4.0,0.0
42003509400,4937.0,75.0,277.0,272,264.0,13.0,0.0561,0.0552,106.0,3.0,0.0354
42003510000,2067.0,427.0,39.0,58,34.0,5.0,0.0189,0.028,8.0,3.0,0.0151
42003512000,2208.0,280.0,75.0,64,75.0,0.0,0.034,0.0287,0.0,12.0,0.034
42003513000,1959.0,286.0,5.0,20,2.0,3.0,0.0026,0.0101,0.0,12.0,0.0026
42003513800,1972.0,635.0,89.0,136,89.0,0.0,0.0451,0.0672,120.0,39.0,0.0
42003514000,1599.0,191.0,0,17,0.0,0.0,0.0,0.0106,8.0,1.0,0.0
42003515100,2774.0,382.0,190.0,120,176.0,14.0,0.0685,0.0423,8.0,3.0,0.0658
42003515200,1912.0,320.0,87.0,68,87.0,0.0,0.0455,0.0348,0.0,12.0,0.0455
42003515300,1486.0,235.0,124.0,69,45.0,79.0,0.0834,0.0442,16.0,5.0,0.0735
42003515401,2093.0,334.0,174.0,91,70.0,104.0,0.0831,0.0416,0.0,12.0,0.0831
42003516100,1348.0,172.0,86.0,53,35.0,51.0,0.0638,0.0387,0.0,12.0,0.0638
42003516200,1619.0,171.0,42.0,23,21.0,21.0,0.0259,0.0142,0.0,12.0,0.0259
42003517000,1574.0,250.0,95.0,47,72.0,23.0,0.0604,0.0283,1.0,3.0,0.0598
42003518001,3029.0,331.0,76.0,38,49.0,27.0,0.0251,0.0121,0.0,12.0,0.0251
42003519000,2899.0,70.0,100.0,70,23.0,77.0,0.0345,0.024,5.0,2.0,0.0328
42003520001,2849.0,225.0,75.0,59,62.0,13.0,0.0263,0.0206,0.0,12.0,0.0263
42003520002,3201.0,213.0,115.0,65,63.0,52.0,0.0359,0.0201,0.0,12.0,0.0359
42003521100,4368.0,453.0,114.0,56,72.0,42.0,0.0261,0.0125,5.0,5.0,0.025
42003521200,4751.0,733.0,101.0,86,16.0,85.0,0.0213,0.0179,43.0,3.0,0.0123
42003521301,3881.0,622.0,310.0,142,213.0,97.0,0.0799,0.0344,139.0,4.0,0.0457
42003521302,3510.0,695.0,194.0,156,39.0,155.0,0.0553,0.043,149.0,4.0,0.0134
42003521401,2985.0,452.0,237.0,214,180.0,57.0,0.0794,0.0708,215.0,6.0,0.0079
42003521402,3914.0,617.0,274.0,195,70.0,204.0,0.07,0.0486,0.0,12.0,0.07
42003521500,4121.0,486.0,97.0,68,68.0,29.0,0.0235,0.0162,10.0,3.0,0.0212
42003522000,2908.0,82.0,85.0,66,56.0,29.0,0.0292,0.0225,0.0,12.0,0.0292
42003523100,3533.0,771.0,289.0,230,241.0,48.0,0.0818,0.0626,4.0,2.0,0.0808
42003523200,3763.0,492.0,143.0,107,114.0,29.0,0.038,0.0279,12.0,2.0,0.0349
42003523300,3850.0,599.0,141.0,78,106.0,35.0,0.0366,0.0193,9.0,4.0,0.0344
42003523400,4951.0,923.0,124.0,82,36.0,88.0,0.025,0.0159,0.0,17.0,0.025
42003523501,3967.0,564.0,135.0,105,122.0,13.0,0.034,0.0261,7.0,4.0,0.0323
42003523502,1216.0,224.0,0,17,0.0,0.0,0.0,0.014,4.0,2.0,0.0
42003523600,4794.0,698.0,384.0,207,299.0,85.0,0.0801,0.0415,5.0,8.0,0.0791
42003523701,3574.0,417.0,108.0,62,61.0,47.0,0.0302,0.0169,0.0,12.0,0.0302
42003523702,5173.0,707.0,82.0,96,34.0,48.0,0.0159,0.0184,0.0,17.0,0.0159
42003523800,4265.0,632.0,145.0,97,52.0,93.0,0.034,0.0222,155.0,14.0,0.0
42003524000,2448.0,390.0,109.0,89,79.0,30.0,0.0445,0.0356,1.0,3.0,0.0441
42003525100,1880.0,219.0,29.0,18,8.0,21.0,0.0154,0.0094,0.0,12.0,0.0154
42003525200,2491.0,237.0,79.0,66,26.0,53.0,0.0317,0.0263,89.0,9.0,0.0
42003525300,2166.0,226.0,62.0,35,19.0,43.0,0.0286,0.016,56.0,2.0,0.0028
42003526101,7479.0,828.0,298.0,198,242.0,56.0,0.0398,0.0261,58.0,2.0,0.0323
42003526102,2177.0,283.0,84.0,40,43.0,41.0,0.0386,0.0179,0.0,12.0,0.0386
42003526201,3362.0,475.0,147.0,79,104.0,43.0,0.0437,0.0227,3.0,6.0,0.0429
42003526202,4332.0,618.0,156.0,98,128.0,28.0,0.036,0.0221,11.0,5.0,0.0336
42003526301,3689.0,406.0,171.0,91,152.0,19.0,0.0464,0.0243,0.0,12.0,0.0464
42003526302,4903.0,622.0,305.0,142,150.0,155.0,0.0622,0.0279,2.0,5.0,0.0618
42003550900,1605.0,288.0,33.0,50,33.0,0.0,0.0206,0.0312,119.0,7.0,0.0
42003551200,3343.0,557.0,127.0,94,98.0,29.0,0.038,0.0273,122.0,39.0,0.0016
42003551300,2060.0,379.0,41.0,56,36.0,5.0,0.0199,0.0267,5.0,11.0,0.0175
42003551900,1535.0,452.0,26.0,35,26.0,0.0,0.0169,0.0223,103.0,20.0,0.0
42003552000,1637.0,386.0,23.0,31,23.0,0.0,0.0141,0.0189,0.0,12.0,0.0141
42003552100,1218.0,222.0,3.0,23,3.0,0.0,0.0025,0.0191,461.0,9.0,0.0
42003552200,823.0,158.0,80.0,72,16.0,64.0,0.0972,0.0856,0.0,12.0,0.0972
42003552300,1560.0,353.0,50.0,38,50.0,0.0,0.0321,0.0232,5.0,1.0,0.0289
42003552400,3182.0,562.0,97.0,90,87.0,10.0,0.0305,0.0276,5.0,5.0,0.029
42003560400,1482.0,229.0,175.0,70,82.0,93.0,0.1181,0.0433,127.0,7.0,0.0354
42003560500,2251.0,304.0,95.0,46,14.0,81.0,0.0422,0.0196,0.0,12.0,0.0422
42003561400,3414.0,442.0,123.0,134,64.0,59.0,0.036,0.0389,5.0,8.0,0.0346
42003561500,2547.0,363.0,168.0,135,144.0,24.0,0.066,0.0522,0.0,12.0,0.066
42003561900,1642.0,328.0,111.0,105,111.0,0.0,0.0676,0.0623,18.0,8.0,0.0573
42003562000,2396.0,339.0,907.0,275,406.0,501.0,0.3785,0.1013,36.0,7.0,0.3691
42003562300,3361.0,398.0,77.0,61,77.0,0.0,0.0229,0.018,234.0,9.0,0.0
42003562400,2602.0,596.0,96.0,75,87.0,9.0,0.0369,0.0274,0.0,12.0,0.0369
42003562500,2740.0,447.0,203.0,167,104.0,99.0,0.0741,0.0598,2.0,4.0,0.0734
42003562600,2503.0,511.0,70.0,62,60.0,10.0,0.028,0.024,0.0,12.0,0.028
42003562700,1949.0,230.0,172.0,64,93.0,79.0,0.0883,0.031,36.0,3.0,0.0711
42003562800,1512.0,176.0,131.0,53,127.0,4.0,0.0866,0.0338,69.0,36.0,0.043
42003562901,1573.0,312.0,55.0,49,39.0,16.0,0.035,0.0302,0.0,12.0,0.035
42003563000,3121.0,400.0,306.0,155,252.0,54.0,0.098,0.0479,68.0,6.0,0.078
42003563100,3428.0,641.0,172.0,134,67.0,105.0,0.0502,0.0379,3.0,5.0,0.0493
42003563201,366.0,126.0,23.0,22,7.0,16.0,0.0628,0.0559,0.0,12.0,0.0628
42003563202,1913.0,251.0,97.0,58,84.0,13.0,0.0507,0.0295,22.0,4.0,0.0397
42003563300,1327.0,119.0,36.0,13,17.0,19.0,0.0271,0.0098,0.0,12.0,0.0271
42003563800,3542.0,247.0,151.0,43,82.0,69.0,0.0426,0.0116,209.0,19.0,0.0
42003563900,3753.0,349.0,257.0,96,212.0,45.0,0.0685,0.0247,0.0,12.0,0.0685
42003564000,7161.0,794.0,222.0,140,59.0,163.0,0.031,0.0193,4.0,9.0,0.0305
42003564100,971.0,113.0,21.0,9,15.0,6.0,0.0216,0.0084,0.0,12.0,0.0216
42003564200,2069.0,292.0,32.0,32,7.0,25.0,0.0155,0.0151,0.0,12.0,0.0155
42003564400,5147.0,567.0,192.0,118,186.0,6.0,0.0373,0.0226,10.0,3.0,0.0354
42003564500,2799.0,545.0,141.0,69,130.0,11.0,0.0504,0.0227,4.0,4.0,0.049
42003564700,2415.0,417.0,86.0,75,63.0,23.0,0.0356,0.0305,45.0,5.0,0.0173
42003564800,1577.0,230.0,131.0,54,117.0,14.0,0.0831,0.0321,3.0,2.0,0.0813
42003565100,2915.0,428.0,148.0,83,81.0,67.0,0.0508,0.0274,68.0,9.0,0.0281
42003565200,2681.0,621.0,62.0,82,62.0,0.0,0.0231,0.0301,28.0,3.0,0.0128
42003565300,1302.0,251.0,107.0,57,77.0,30.0,0.0822,0.041,0.0,12.0,0.0822
42003980000,0.0,12.0,0,17,0.0,0.0,,,0.0,12.0,
42003980100,0.0,12.0,0,17,0.0,0.0,,,0.0,12.0,
42003980300,0.0,12.0,0,17,0.0,0.0,,,0.0,12.0,
42003980400,8.0,7.0,0,17,0.0,0.0,0.0,2.1213,0.0,12.0,0.0
42003980500,9.0,10.0,0,17,0.0,0.0,0.0,1.8856,0.0,12.0,0.0
42003980600,5.0,7.0,0,17,0.0,0.0,0.0,3.3941,0.0,12.0,0.0
42003980700,160.0,52.0,8.0,16,8.0,0.0,0.05,0.1004,0.0,12.0,0.05
42003980800,0.0,12.0,0,17,0.0,0.0,,,0.0,12.0,
42003980900,24.0,3.0,0,17,0.0,0.0,0.0,0.7071,24.0,3.0,
42003981000,0.0,12.0,0,17,0.0,0.0,,,0.0,12.0,
42003981100,0.0,12.0,0,17,0.0,0.0,,,0.0,12.0,
42003981200,0.0,12.0,0,17,0.0,0.0,,,0.0,12.0,
42003981800,305.0,19.0,52.0,31,52.0,0.0,0.1705,0.1024,305.0,19.0,
42003982200,6035.0,177.0,6027.0,194,5992.0,35.0,0.9987,0.0132,6022.0,177.0,0.3846
