tract,households,avg_energy_cost_usd,energy_burden_all,energy_burden_lowinc,energy_burden_eli,energy_burden_tenure_rent,energy_burden_tenure_own,lowinc_households
42003010302,322,2078,0.0332,0.0856,0.1535,,0.033,184
42003020100,2098,1096,0.0097,0.0494,0.1525,,0.0071,614
42003020300,1067,1184,0.0091,0.0632,0.7596,,0.0108,175
42003030500,1577,1224,0.0226,0.046,0.0943,,0.0228,1024
42003040200,434,2047,0.0473,0.0984,0.1663,,0.0418,354
42003040400,999,806,0.0081,0.0247,0.1617,,0.0069,462
42003040500,1025,1644,0.0769,0.1085,0.1949,,0.0375,937
42003040600,832,1697,0.051,0.0691,0.1564,,0.0223,695
42003040900,1574,1849,0.0484,0.0924,0.2045,,0.0344,1165
42003050100,909,1969,0.0576,0.0914,0.2403,,0.041,741
42003050600,832,2369,0.0377,0.0824,0.1907,,0.0366,546
42003050900,738,1406,0.0847,0.0962,0.1683,,0.0652,709
42003051000,847,1114,0.0434,0.0589,0.0834,,0.0334,749
42003051100,158,1434,0.0835,0.1412,0.183,,,141
42003060300,1422,2187,0.0193,0.0615,0.1756,,0.02,443
42003060500,617,2380,0.0277,0.0711,0.1339,,0.0251,298
42003070300,1068,2030,0.0206,0.0644,0.1844,,0.0191,403
42003070500,1667,1705,0.0174,0.0452,0.1365,,0.0182,702
42003070600,1322,1701,0.0181,0.0507,0.1707,,0.0177,446
42003070800,1666,1377,0.0118,0.0519,0.1289,,0.0126,438
42003070900,2391,1198,0.013,0.0503,0.1776,,0.0105,1286
42003080200,1011,2374,0.0311,0.0669,0.1735,,0.0322,515
42003080400,920,1799,0.0248,0.0651,0.1274,,0.0296,435
42003080600,1089,2041,0.0246,0.0667,0.1436,,0.0238,466
42003080700,1243,1475,0.0243,0.048,0.1446,,0.0232,764
42003080900,1101,2061,0.0244,0.0555,0.1933,,0.0266,501
42003090100,1251,2039,0.0198,0.0773,0.1781,,0.0224,490
42003090200,1419,2510,0.0256,0.1089,0.3415,,0.0268,565
42003090300,834,2513,0.0308,0.0767,0.1956,,0.0316,356
42003100500,894,2508,0.0326,0.0803,0.2068,,0.0314,432
42003101100,1138,2756,0.0268,0.0813,0.1794,,0.0248,401
42003101400,1515,2912,0.0284,0.0821,0.1625,,0.0289,532
42003101800,1308,2903,0.0273,0.0912,0.2579,,0.0267,378
42003101900,1131,2685,0.034,0.0888,0.2045,,0.0293,587
42003110200,2035,2438,0.019,0.0594,0.2527,,0.0205,676
42003110600,1074,3037,0.0195,0.0806,0.1751,,0.018,296
42003111300,1284,2255,0.0252,0.067,0.1727,,0.0208,629
42003111400,620,1985,0.0243,0.0711,0.1133,,0.0211,277
42003111500,2050,1264,0.0234,0.0505,0.1124,,0.0492,1261
42003120300,718,2810,0.0495,0.1436,0.2968,,0.0721,518
42003120900,596,2344,0.0554,0.1027,0.1703,,0.044,466
42003130200,352,3221,0.0579,0.1145,0.44,,0.0461,262
42003130600,1180,2085,0.0408,0.129,0.196,,0.0306,816
42003130700,1019,2248,0.0578,0.0949,0.2016,,0.049,754
42003130800,938,2179,0.0627,0.0944,0.1292,,0.0537,859
42003140100,1042,2735,0.0171,0.0908,0.1842,,0.0153,348
42003140200,870,1926,0.019,0.053,0.1426,,0.0167,431
42003140300,1350,2670,0.0166,0.0616,0.2084,,0.0165,323
42003140400,895,3368,0.0165,0.1099,0.2683,,0.0158,156
42003140500,1063,2174,0.0204,0.0591,0.2193,,0.0198,305
42003140800,1899,2708,0.0206,0.0651,0.185,,0.019,663
42003141100,597,3185,0.0233,0.0892,0.3108,,0.0225,199
42003141200,1835,2984,0.0184,0.082,0.2661,,0.0171,426
42003141300,2231,1911,0.0197,0.0612,0.179,,0.0181,1276
42003141400,2483,2181,0.0163,0.0557,0.1008,,0.0155,873
42003151600,1265,2720,0.0298,0.0807,0.2012,,0.03,578
42003151700,2578,2500,0.0299,0.0906,0.3,,0.0269,1111
42003160800,1248,2417,0.031,0.0686,0.1908,,0.0303,702
42003160900,1944,1570,0.0177,0.045,0.0841,,0.0172,674
42003161000,1170,2278,0.0342,0.0891,0.2047,,0.0334,618
42003170200,2094,2110,0.0239,0.0882,0.1926,,0.0213,928
42003170600,862,2282,0.0366,0.0766,0.1696,,0.0381,466
42003180300,970,2280,0.0394,0.0747,0.174,,0.0364,680
42003180700,1019,2556,0.0319,0.0823,0.221,,0.033,522
42003190300,1151,2453,0.0254,0.0714,0.1575,,0.0244,420
42003191100,1284,2147,0.0219,0.0816,0.1519,,0.0209,514
42003191400,1473,2011,0.0275,0.064,0.1799,,0.0321,605
42003191500,944,2512,0.0305,0.075,0.1746,,0.034,342
42003191600,1822,2711,0.037,0.0754,0.2451,,0.0367,886
42003191700,1454,2629,0.0261,0.0877,0.2638,,0.0265,412
42003191800,2478,2755,0.0324,0.0736,0.159,,0.0293,1055
42003191900,1044,2630,0.0331,0.0647,0.176,,0.0321,484
42003192000,1474,2597,0.0341,0.0779,0.2855,,0.032,608
42003202200,1191,2239,0.0382,0.0689,0.2388,,0.0337,626
42003202300,1797,1996,0.0269,0.0612,0.2356,,0.0312,662
42003241300,1765,2472,0.027,0.0761,0.1912,,0.0299,810
42003250900,610,2043,0.0313,0.0735,0.1085,,0.0347,376
42003260200,965,2969,0.0401,0.1053,0.2528,,0.036,484
42003260700,647,2870,0.0315,0.0921,0.2805,,0.0314,194
42003261300,1004,2477,0.0359,0.0797,0.1672,,0.029,615
42003261400,990,2634,0.0421,0.1056,0.3007,,0.0481,622
42003261500,679,2534,0.0475,0.0854,0.2458,,0.0409,459
42003262000,1138,2671,0.0452,0.0905,0.2161,,0.0378,783
42003270100,1256,2927,0.0293,0.0785,0.1952,,0.0295,588
42003270300,934,2308,0.0336,0.0743,0.1872,,0.0325,483
42003270800,1296,2978,0.0308,0.0906,0.2045,,0.0285,439
42003271600,2003,2674,0.0459,0.1069,0.2709,,0.0411,1259
42003281400,1097,2224,0.0384,0.0882,0.1533,,0.0334,713
42003281500,558,2727,0.039,0.0826,0.1887,,0.036,283
42003290100,749,2574,0.0495,0.0966,0.1906,,0.0461,481
42003290200,1912,2286,0.0426,0.0696,0.1447,,0.0447,1294
42003290400,1902,2871,0.0407,0.0806,0.1949,,0.0391,924
42003300100,1389,2680,0.0437,0.0813,0.2053,,0.0408,969
42003310200,1386,3214,0.0369,0.0992,0.2197,,0.0351,567
42003320400,904,3164,0.0427,0.1001,0.2198,,0.0413,418
42003320600,964,2810,0.031,0.0768,0.1854,,0.0313,307
42003320700,722,3317,0.0359,0.0758,0.1828,,0.0348,305
42003401100,2026,2634,0.0247,0.0713,0.192,,0.0236,842
42003401200,1360,2125,0.0317,0.0644,0.1478,,0.0298,805
42003401300,1097,2884,0.0302,0.0872,0.277,,0.0292,466
42003402000,1551,2444,0.0448,0.0736,0.1806,,0.0467,924
42003403500,2188,2527,0.0541,0.0863,0.1961,,0.0568,1569
42003404000,642,2537,0.0345,0.0745,0.1428,,0.0327,301
42003405000,461,2777,0.0291,0.0897,0.215,,0.0282,180
42003406000,955,2851,0.0272,0.0757,0.3043,,0.0266,348
42003407001,2460,2706,0.025,0.0654,0.1499,,0.0238,746
42003407002,2766,2813,0.0254,0.0752,0.202,,0.0242,979
42003408001,1990,2792,0.016,0.0655,0.1568,,0.0155,488
42003408002,2440,2937,0.0177,0.0676,0.1434,,0.0176,690
42003409001,3287,2786,0.0138,0.0772,0.3724,,0.0144,441
42003409002,1680,3385,0.0129,0.0563,,,0.0129,84
42003410000,479,3115,0.0162,0.0659,0.3315,,0.0161,77
42003411001,1420,3570,0.0142,0.0655,0.3082,,0.0146,142
42003411002,2335,2725,0.0163,0.0648,0.4859,,0.0162,439
42003412002,1725,3268,0.0155,0.0716,0.1909,,0.0156,191
42003412003,2189,3089,0.0155,0.0656,0.2569,,0.0152,361
42003412004,1444,3057,0.0175,0.0664,0.1457,,0.017,292
42003413100,2637,2492,0.0164,0.0546,0.0838,,0.0164,749
42003413201,1547,2695,0.0208,0.0618,0.2113,,0.0206,450
42003413202,1242,2645,0.0195,0.0675,0.1902,,0.0191,236
42003413300,1807,2789,0.0213,0.0623,0.1883,,0.0211,500
42003413400,1657,2963,0.019,0.0605,0.387,,0.0185,339
42003413500,3250,1879,0.0181,0.041,0.1233,,0.0184,1201
42003414101,1946,2957,0.017,0.0666,0.2426,,0.0169,377
42003414102,2840,2642,0.018,0.0633,0.1696,,0.0184,810
42003414200,2140,3014,0.0181,0.0708,0.1916,,0.0174,454
42003415001,1602,3194,0.0197,0.0853,0.1808,,0.0189,395
42003415002,1028,3126,0.0209,0.0716,0.2185,,0.0201,265
42003416000,744,2594,0.032,0.0713,0.1662,,0.0315,376
42003417100,1050,2535,0.03,0.0617,0.1819,,0.0308,428
42003417200,584,2062,0.029,0.0623,0.112,,0.0281,307
42003418000,760,2600,0.0296,0.0715,0.1891,,0.0282,316
42003419000,1519,2385,0.0249,0.0635,0.2053,,0.0241,566
42003420000,902,1946,0.0307,0.0647,0.1128,,0.0291,497
42003421100,2080,2521,0.016,0.0649,0.3426,,0.0169,456
42003421200,1816,3042,0.0247,0.0832,0.2142,,0.0245,539
42003422000,1779,3399,0.0163,0.0625,0.2527,,0.0164,183
42003423000,1222,2557,0.0222,0.0612,0.1572,,0.0219,429
42003424000,1597,2261,0.0383,0.0681,0.1085,,0.0396,986
42003425000,1656,2656,0.0439,0.0854,0.17,,0.0378,980
42003426300,2437,3024,0.0251,0.0748,0.3204,,0.025,664
42003426400,1968,2786,0.0292,0.0723,0.5924,,0.0291,674
42003426700,1180,2431,0.0245,0.0519,0.1566,,0.0238,425
42003426800,2094,2987,0.0223,0.0609,0.1452,,0.0224,512
42003427000,1631,2423,0.0376,0.0667,0.1144,,0.0322,884
42003427100,2323,3009,0.0236,0.0643,0.2235,,0.0234,571
42003427200,2398,2518,0.0339,0.0716,0.1882,,0.0336,1187
42003428100,546,2996,0.0313,0.0782,0.1516,,0.0315,207
42003428200,944,2611,0.0306,0.0639,0.2438,,0.0302,361
42003429100,1173,2602,0.0252,0.0562,0.1265,,0.024,448
42003429201,2027,2360,0.0177,0.0599,0.1009,,0.0188,376
42003429202,1790,2885,0.0213,0.0731,0.1838,,0.0211,414
42003429300,2710,2708,0.0241,0.0674,0.1535,,0.0253,901
42003429400,1787,2858,0.0224,0.072,0.1651,,0.0222,607
42003429500,2312,1921,0.0217,0.0444,0.1544,,0.0211,1152
42003429600,1577,2374,0.0246,0.0562,0.1265,,0.0249,494
42003429700,1005,2777,0.0331,0.0795,0.2721,,0.0323,549
42003430100,960,2628,0.0347,0.0787,0.1977,,0.0328,426
42003430200,1846,2782,0.0268,0.053,0.0624,,0.0262,690
42003431100,1717,2340,0.0302,0.0566,0.1431,,0.0298,893
42003431400,895,2573,0.0315,0.0587,0.1705,,0.0311,422
42003431500,1710,1813,0.0228,0.0499,0.1037,,0.0256,830
42003432300,1377,1748,0.0281,0.0517,0.0635,,0.0267,794
42003432400,1255,2152,0.0312,0.0628,0.1163,,0.0261,665
42003434000,779,3174,0.0245,0.0715,0.1609,,0.0232,184
42003435000,1103,2637,0.0311,0.0636,0.1521,,0.0299,525
42003437000,2557,2952,0.0172,0.0621,0.223,,0.0173,391
42003439000,575,3588,0.0193,0.0816,0.2724,,0.0191,120
42003445500,1663,2971,0.0235,0.0792,0.1403,,0.0212,709
42003446000,574,3828,0.0196,0.0826,0.1515,,0.0193,93
42003447000,645,3351,0.0274,0.0873,0.3068,,0.0242,247
42003448000,570,2465,0.034,0.0705,0.1404,,0.0358,281
42003449000,1035,2792,0.0261,0.074,0.1965,,0.0252,411
42003450700,1355,2355,0.0365,0.0676,0.1413,,0.0355,784
42003450800,1161,2305,0.0386,0.0807,0.1696,,0.0364,625
42003451101,1551,2675,0.0205,0.0542,0.1373,,0.0203,335
42003451102,2197,2292,0.0228,0.0567,0.2094,,0.0232,634
42003451104,1382,3082,0.0189,0.0619,0.2598,,0.0188,173
42003451105,2157,2197,0.0194,0.0471,0.0969,,0.0199,641
42003451300,2879,2819,0.0205,0.0574,0.1781,,0.0206,690
42003452000,2895,2658,0.0263,0.0809,0.2186,,0.0247,1075
42003453003,759,2557,0.0243,0.0774,0.2565,,0.0232,220
42003453004,3418,2058,0.0198,0.0573,0.1258,,0.02,898
42003455000,659,2354,0.0251,0.0766,0.3081,,0.0245,213
42003456001,1620,2704,0.0175,0.0538,0.1839,,0.0169,296
42003456003,2660,2892,0.0168,0.0615,0.1812,,0.0167,448
42003456004,2505,1715,0.0161,0.0364,0.0985,,0.0162,810
42003457100,692,2029,0.0295,0.0642,0.1464,,0.0288,338
42003457200,1793,2050,0.0294,0.0687,0.1887,,0.028,954
42003458001,1837,2561,0.019,0.0827,0.2818,,0.0191,390
42003458002,2076,2790,0.0235,0.0718,0.1539,,0.0228,858
42003459101,685,2756,0.0277,0.086,0.2078,,0.0261,224
42003459102,2449,2698,0.0203,0.0625,0.1843,,0.0202,484
42003459201,3425,2012,0.0199,0.0511,0.163,,0.0224,934
42003459202,459,1563,0.017,0.0445,0.1162,,0.0191,163
42003460001,2153,2621,0.0306,0.0689,0.2962,,0.0278,687
42003460002,1591,2398,0.0243,0.064,0.1927,,0.0248,544
42003461000,524,2371,0.037,0.0692,0.1689,,0.0387,281
42003462100,1133,2178,0.0335,0.0707,0.2153,,0.0329,606
42003462600,1671,2515,0.0448,0.0766,0.2241,,0.0416,1037
42003463900,1452,2555,0.0449,0.0772,0.1986,,0.0471,918
42003464300,1500,2383,0.0307,0.0809,0.186,,0.0299,679
42003464400,1433,1879,0.0619,0.1032,0.2004,,0.0602,1203
42003465600,1330,2178,0.0292,0.0672,0.1662,,0.0243,706
42003465800,1712,2405,0.0229,0.0674,0.3953,,0.0216,594
42003468700,792,2398,0.0278,0.0668,0.1686,,0.0257,305
42003468800,1287,2244,0.0316,0.0505,0.0721,,0.0319,555
42003468900,1995,2076,0.0299,0.0613,0.1388,,0.0313,1028
42003469000,2334,2408,0.0251,0.0735,0.2742,,0.0262,763
42003470300,1814,2280,0.0232,0.0529,0.1655,,0.0249,696
42003470400,1364,2691,0.0228,0.071,0.2424,,0.0224,378
42003470501,2258,1443,0.0173,0.0436,0.1323,,0.0202,499
42003470502,1214,2640,0.0206,0.0621,0.2824,,0.0207,296
42003470600,1473,2276,0.0291,0.0558,0.2361,,0.0288,631
42003471000,658,2482,0.0278,0.0733,0.3597,,0.0267,269
42003472100,1157,2250,0.027,0.0568,0.18,,0.0276,413
42003472200,1245,2149,0.0289,0.0651,0.1385,,0.026,583
42003472300,955,2260,0.0273,0.066,0.1313,,0.025,414
42003472400,800,2995,0.0259,0.0861,0.3988,,0.0257,257
42003473100,2029,2437,0.0184,0.0463,0.1086,,0.0183,607
42003473200,1495,1925,0.021,0.0503,0.0973,,0.0198,575
42003473300,2412,2845,0.02,0.0615,0.1216,,0.0185,478
42003473401,1519,2559,0.0176,0.0671,0.2073,,0.0164,387
42003473402,1454,2715,0.0182,0.0587,0.1715,,0.0178,393
42003473500,1261,3162,0.0167,0.0541,0.1099,,0.0166,138
42003473601,1600,2751,0.0194,0.0661,0.3815,,0.0197,474
42003473602,1869,2358,0.0191,0.0524,0.1589,,0.0197,509
42003474101,1501,2531,0.0167,0.0775,0.2596,,0.016,357
42003474102,1388,2492,0.0155,0.075,0.4346,,0.0146,279
42003474201,947,2554,0.0143,0.0558,0.1994,,0.0142,121
42003474202,2035,2274,0.0148,0.0588,0.2726,,0.0156,434
42003474203,1757,2907,0.0183,0.0621,0.3919,,0.0183,348
42003475101,2319,2022,0.0204,0.0509,0.1624,,0.0224,786
42003475102,682,2716,0.0209,0.083,2.3099,,0.0196,138
42003475200,2241,2548,0.0229,0.0652,0.5281,,0.0238,597
42003475301,2268,2190,0.0251,0.0659,0.1812,,0.025,1174
42003475303,1721,2381,0.0165,0.0494,0.1392,,0.0164,301
42003475304,2388,2428,0.018,0.066,0.201,,0.0181,686
42003475401,1836,2511,0.02,0.0705,0.3999,,0.0212,512
42003475402,1370,2339,0.0163,0.0554,0.2075,,0.0158,377
42003476100,2297,1727,0.0247,0.0405,0.1028,,0.0289,1122
42003476200,1470,3174,0.0306,0.0939,0.3534,,0.0301,501
42003477100,1757,2919,0.0263,0.0817,0.226,,0.0263,551
42003477200,2112,2713,0.0258,0.0589,0.1802,,0.0258,790
42003477300,2973,2338,0.0257,0.0568,0.1336,,0.0263,1420
42003478100,2020,2453,0.0353,0.0813,0.181,,0.0357,1034
42003478200,2601,2846,0.0413,0.0793,0.1604,,0.0366,1311
42003479000,828,2812,0.0293,0.0656,0.3593,,0.0291,308
42003480101,2341,2060,0.0293,0.0548,0.1388,,0.0307,1271
42003480102,1239,3021,0.031,0.0684,0.2886,,0.0311,411
42003480200,1507,3152,0.0303,0.0745,0.5483,,0.0306,477
42003480300,1570,3171,0.0321,0.0829,0.3084,,0.0314,667
42003480400,2362,2800,0.0305,0.0859,0.2562,,0.0296,796
42003481000,1459,2339,0.0571,0.0944,0.2363,,0.0519,1034
42003482500,808,2562,0.0281,0.0695,0.188,,0.0264,300
42003483800,1264,2129,0.0474,0.0846,0.1387,,0.0449,927
42003484300,1499,2739,0.0438,0.0905,0.2436,,0.0375,889
42003484500,2641,2677,0.0351,0.0733,0.1481,,0.0348,1499
42003484600,1008,2101,0.0432,0.0796,0.1195,,0.0426,700
42003485000,568,2765,0.0465,0.0795,0.2341,,0.0415,294
42003486700,946,2035,0.0501,0.0657,0.1593,,0.0551,729
42003486800,503,2110,0.0435,0.0878,0.2445,,0.0456,309
42003486900,634,2430,0.046,0.0813,0.1922,,0.0426,411
42003487000,823,2372,0.0387,0.0752,0.1418,,0.0332,507
42003488100,901,3068,0.0355,0.0881,0.1892,,0.0334,379
42003488200,1296,2920,0.0437,0.0955,0.3443,,0.0411,687
42003488300,866,2736,0.0329,0.0904,0.1913,,0.0325,382
42003488400,1929,2580,0.038,0.0869,0.1979,,0.0382,1026
42003488500,1269,2543,0.0374,0.0678,0.1461,,0.038,628
42003488600,2039,2766,0.0339,0.079,0.1278,,0.0336,754
42003489001,1973,2601,0.0245,0.0613,0.2358,,0.0238,670
42003489002,1577,2736,0.0283,0.0689,0.2585,,0.0284,520
42003490002,2401,2342,0.0272,0.0631,0.16,,0.0258,1056
42003490003,1415,2662,0.0212,0.0704,0.2095,,0.0208,318
42003490004,1860,2706,0.0193,0.0633,0.2728,,0.0191,440
42003491101,2765,2897,0.017,0.0744,0.223,,0.0167,466
42003491200,975,2174,0.0202,0.061,0.2009,,0.0207,246
42003492700,859,2146,0.0432,0.0787,0.1718,,0.0372,603
42003492800,1002,2161,0.0422,0.0823,0.1355,,0.0418,671
42003492900,886,2683,0.0577,0.1275,0.6362,,0.037,569
42003494000,605,2349,0.0381,0.0718,0.1604,,0.0356,382
42003495000,1377,2902,0.0415,0.0749,0.36,,0.0413,704
42003496101,1243,2704,0.0249,0.0804,0.1985,,0.0248,395
42003496102,1747,2963,0.0345,0.0923,0.2334,,0.034,793
42003496200,2366,2566,0.0271,0.073,0.1355,,0.0252,1041
42003497000,427,2942,0.0353,0.0804,0.2432,,0.0349,156
42003498000,1075,2830,0.0367,0.072,0.1601,,0.0372,450
42003499300,696,2391,0.042,0.0688,0.1707,,0.0378,427
42003499400,1101,2944,0.0519,0.0908,0.178,,0.05,700
42003500300,1601,2954,0.0433,0.085,0.2106,,0.0439,790
42003501000,809,2107,0.0398,0.0699,0.1521,,0.0379,510
42003503002,2878,2303,0.0319,0.0679,0.1307,,0.0299,1437
42003504100,2260,2073,0.0418,0.0645,0.1096,,0.0421,1644
42003507000,1012,2615,0.0355,0.0713,0.1429,,0.0342,515
42003508000,856,2144,0.041,0.0848,0.1774,,0.0392,602
42003509400,2174,2236,0.0432,0.0651,0.2129,,0.0378,1533
42003510000,809,1917,0.0475,0.0633,0.1636,,0.0504,615
42003512000,1056,2336,0.0451,0.0674,0.1995,,0.0449,722
42003513000,1102,2242,0.0466,0.087,0.1594,,0.0399,780
42003513800,732,2197,0.0583,0.0864,0.1747,,0.0473,592
42003514000,799,2088,0.0435,0.0797,0.2212,,0.0393,592
42003515100,1411,2306,0.0322,0.0648,0.1636,,0.0281,809
42003515200,1051,2095,0.0335,0.0588,0.17,,0.0345,510
42003515300,905,2150,0.0458,0.1007,0.2954,,0.0335,633
42003515401,1026,2703,0.0277,0.071,0.2979,,0.0253,367
42003516100,719,2665,0.022,0.0591,0.1502,,0.0217,168
42003516200,840,2582,0.0228,0.0564,0.4075,,0.0232,233
42003517000,905,2051,0.0375,0.0742,0.0959,,0.0348,579
42003518001,1637,2703,0.026,0.0621,0.1224,,0.0264,533
42003519000,1311,3019,0.025,0.0701,0.1864,,0.025,263
42003520001,1574,2304,0.0267,0.0654,0.1867,,0.0263,720
42003520002,1577,2397,0.0334,0.0543,0.1428,,0.0345,756
42003521100,1753,3062,0.0308,0.0811,0.1954,,0.03,561
42003521200,2032,2098,0.027,0.0526,0.1083,,0.0297,866
42003521301,1976,2212,0.0254,0.0637,0.1278,,0.0268,827
42003521302,2015,2323,0.0338,0.0611,0.1385,,0.0384,931
42003521401,1283,2702,0.026,0.0582,0.1478,,0.0261,356
42003521402,1431,3018,0.0236,0.0847,0.3027,,0.0237,241
42003521500,1871,2745,0.0303,0.0744,0.1847,,0.0298,717
42003522000,1379,2012,0.0439,0.0667,0.123,,0.0449,1029
42003523100,1534,2940,0.0419,0.0877,0.268,,0.0385,796
42003523200,1791,2720,0.0458,0.0961,0.2171,,0.0426,1078
42003523300,1707,2887,0.0351,0.0727,0.3729,,0.035,641
42003523400,2362,2478,0.0384,0.0686,0.1662,,0.0366,1294
42003523501,1729,2875,0.0373,0.0683,0.2132,,0.0368,782
42003523502,763,2858,0.0432,0.0773,0.1754,,0.0427,373
42003523600,2134,2680,0.0329,0.0769,0.2078,,0.0325,987
42003523701,1794,2839,0.0396,0.0747,0.2444,,0.0385,881
42003523702,2498,2233,0.0403,0.0746,0.2386,,0.039,1389
42003523800,2208,2647,0.0333,0.076,0.2056,,0.033,983
42003524000,1208,2416,0.0357,0.069,0.1546,,0.0294,741
42003525100,992,2820,0.0262,0.0868,0.1954,,0.0247,348
42003525200,1353,2072,0.0204,0.0452,0.1051,,0.0179,597
42003525300,1047,2602,0.0219,0.0795,0.2618,,0.0215,291
42003526101,2913,2437,0.0225,0.0616,0.1164,,0.0222,845
42003526102,924,2963,0.029,0.0782,0.1739,,0.0288,285
42003526201,1365,3057,0.031,0.07,0.1677,,0.031,436
42003526202,1840,2815,0.0254,0.0694,0.2762,,0.0243,509
42003526301,1579,2822,0.027,0.0749,0.1994,,0.0271,521
42003526302,2106,2585,0.0266,0.0652,0.2223,,0.0279,657
42003550900,749,2166,0.0515,0.084,0.138,,0.0603,607
42003551200,1735,1998,0.0456,0.0804,0.176,,0.0425,1295
42003551300,1059,2539,0.0363,0.0795,0.1423,,0.034,572
42003551900,739,1176,0.0502,0.062,0.0961,,0.0481,657
42003552000,996,2301,0.0464,0.075,0.1535,,0.0451,733
42003552100,408,1200,0.0631,0.0709,0.1025,,0.0638,385
42003552200,412,2438,0.0377,0.0919,0.2012,,0.0356,247
42003552300,783,2664,0.0624,0.1214,0.21,,0.0493,579
42003552400,1385,2635,0.0608,0.0958,0.1988,,0.0548,1052
42003560400,848,1752,0.033,0.0611,0.2224,,0.0341,492
42003560500,1329,2255,0.0242,0.0708,0.1954,,0.0242,434
42003561400,2303,1800,0.0313,0.0575,0.0967,,0.0342,1433
42003561500,1517,1886,0.0343,0.0647,0.162,,0.0309,954
42003561900,1022,2381,0.0741,0.1005,0.1795,,0.0774,820
42003562000,1849,1060,0.0203,0.048,0.1349,,0.0161,1342
42003562300,1333,2206,0.0562,0.0955,0.1508,,0.0456,1041
42003562400,1129,2733,0.0472,0.0945,0.3026,,0.0422,697
42003562500,1051,2162,0.0472,0.0764,0.1707,,0.0433,732
42003562600,1385,2246,0.0439,0.0834,0.2223,,0.04,923
42003562700,1304,1150,0.0148,0.032,0.0726,,0.0171,619
42003562800,749,2193,0.0351,0.0626,0.1256,,0.0336,416
42003562901,633,2733,0.0433,0.0909,0.1577,,0.0322,363
42003563000,1298,2359,0.0328,0.0765,0.1827,,0.0362,548
42003563100,1628,2433,0.0348,0.0635,0.2481,,0.0347,740
42003563201,180,992,0.0071,0.0343,0.6303,,0.0299,13
42003563202,1314,1852,0.0248,0.0621,0.1544,,0.0216,768
42003563300,581,3577,0.0183,0.0801,0.1872,,0.0176,114
42003563800,1695,2589,0.0225,0.0669,0.1561,,0.0267,510
42003563900,1980,2739,0.0307,0.066,0.2238,,0.0296,772
42003564000,2616,2929,0.0199,0.072,0.1617,,0.0204,571
42003564100,415,3108,0.0198,0.0733,0.3279,,0.0199,32
42003564200,970,2682,0.0358,0.0829,0.1246,,0.0362,477
42003564400,2683,2282,0.0369,0.062,0.1356,,0.0357,1418
42003564500,1173,2789,0.029,0.0692,0.19,,0.0272,523
42003564700,1134,2008,0.0451,0.0718,0.1626,,0.0381,831
42003564800,776,2013,0.054,0.0726,0.1297,,0.0565,628
42003565100,1553,2182,0.0234,0.0883,0.1783,,0.0189,772
42003565200,1515,2614,0.0269,0.0779,0.1249,,0.0208,718
42003565300,525,2774,0.0409,0.0991,0.1872,,0.0402,289
42003980500,19,2654,0.1021,0.1021,1.2467,,0.1021,19
42003980600,8,0,0.0,0.0,0.0,,,6
42003980700,39,793,0.0118,0.0232,,,,6
42003982200,10,6472,0.0378,0.2607,0.2607,,0.0136,5
