tract,owner_units,n_sales_2024_2025,sales_per_100_owner_units
42003010301,,0,
42003010302,117,4,
42003020100,211,75,35.55
42003020300,132,36,
42003030500,352,34,9.66
42003040200,113,11,
42003040400,658,73,11.09
42003040500,85,3,
42003040600,34,3,
42003040900,426,35,8.22
42003050100,187,5,2.67
42003050600,420,12,2.86
42003050900,32,0,
42003051000,32,0,
42003051100,0,0,
42003060300,611,48,7.86
42003060500,311,9,2.89
42003070300,387,50,12.92
42003070500,400,39,9.75
42003070600,484,44,9.09
42003070800,314,30,9.55
42003070900,693,80,11.54
42003080200,422,23,5.45
42003080400,236,14,5.93
42003080600,330,16,4.85
42003080700,150,6,4.00
42003080900,340,12,3.53
42003090100,515,44,8.54
42003090200,642,51,7.94
42003090300,359,20,5.57
42003100500,654,32,4.89
42003101100,723,64,8.85
42003101400,993,57,5.74
42003101800,1186,62,5.23
42003101900,472,24,5.08
42003110200,962,31,3.22
42003110600,811,49,6.04
42003111300,440,27,6.14
42003111400,257,12,4.67
42003111500,207,14,6.76
42003120300,258,9,3.49
42003120900,203,8,3.94
42003130200,257,3,1.17
42003130600,438,8,1.83
42003130700,424,9,2.12
42003130800,315,7,2.22
42003140100,797,37,4.64
42003140200,351,19,5.41
42003140300,708,50,7.06
42003140400,754,54,7.16
42003140500,485,20,4.12
42003140800,895,58,6.48
42003141100,520,23,4.42
42003141200,1350,65,4.81
42003141300,701,60,8.56
42003141400,1400,86,6.14
42003151600,922,38,4.12
42003151700,1369,96,7.01
42003160800,626,42,6.71
42003160900,419,44,10.50
42003161000,702,16,2.28
42003170200,974,98,10.06
42003170600,411,30,7.30
42003180300,476,13,2.73
42003180700,362,22,6.08
42003190300,753,41,5.44
42003191100,922,63,6.83
42003191400,396,29,7.32
42003191500,447,34,7.61
42003191600,1130,79,6.99
42003191700,997,69,6.92
42003191800,1692,116,6.86
42003191900,704,41,5.82
42003192000,898,73,8.13
42003202200,789,26,3.30
42003202300,1061,61,5.75
42003241300,822,36,4.38
42003250900,261,5,1.92
42003260200,589,32,5.43
42003260700,444,21,4.73
42003261300,470,15,3.19
42003261400,605,19,3.14
42003261500,299,13,4.35
42003262000,643,17,2.64
42003270100,842,42,4.99
42003270300,412,27,6.55
42003270800,1140,27,2.37
42003271600,1175,41,3.49
42003281400,693,29,4.18
42003281500,353,21,5.95
42003290100,444,26,5.86
42003290200,1007,48,4.77
42003290400,1153,63,5.46
42003300100,651,29,4.45
42003310200,1271,65,5.11
42003320400,773,41,5.30
42003320600,862,34,3.94
42003320700,585,21,3.59
42003401100,1733,72,4.15
42003401200,827,24,2.90
42003401300,1006,51,5.07
42003402000,1026,44,4.29
42003403500,1452,35,2.41
42003404000,459,28,6.10
42003405000,409,7,1.71
42003406000,837,17,2.03
42003407001,2251,73,3.24
42003407002,2393,117,4.89
42003408001,1699,88,5.18
42003408002,2517,104,4.13
42003409001,2686,158,5.88
42003409002,1759,107,6.08
42003410000,462,15,3.25
42003411001,1367,66,4.83
42003411002,1918,149,7.77
42003412002,1719,81,4.71
42003412003,1943,116,5.97
42003412004,1277,74,5.79
42003413100,1786,106,5.94
42003413201,1245,76,6.10
42003413202,1068,68,6.37
42003413300,1624,93,5.73
42003413400,1500,83,5.53
42003413500,1521,103,6.77
42003414101,1889,107,5.66
42003414102,2202,121,5.50
42003414200,1924,84,4.37
42003415001,1377,63,4.58
42003415002,880,32,3.64
42003416000,623,25,4.01
42003417100,857,35,4.08
42003417200,289,8,2.77
42003418000,624,33,5.29
42003419000,1205,49,4.07
42003420000,374,22,5.88
42003421100,1679,79,4.71
42003421200,1609,91,5.66
42003422000,1571,96,6.11
42003423000,741,42,5.67
42003424000,767,17,2.22
42003425000,777,46,5.92
42003426300,2289,146,6.38
42003426400,1587,80,5.04
42003426700,771,23,2.98
42003426800,2018,94,4.66
42003427000,688,42,6.10
42003427100,2105,120,5.70
42003427200,1940,59,3.04
42003428100,509,24,4.72
42003428200,839,39,4.65
42003429100,739,37,5.01
42003429201,1291,75,5.81
42003429202,1565,95,6.07
42003429300,2165,122,5.64
42003429400,1624,86,5.30
42003429500,1262,91,7.21
42003429600,1023,77,7.53
42003429700,827,40,4.84
42003430100,615,33,5.37
42003430200,1278,83,6.49
42003431100,765,25,3.27
42003431400,540,41,7.59
42003431500,526,21,3.99
42003432300,600,38,6.33
42003432400,523,42,8.03
42003434000,550,29,5.27
42003435000,714,37,5.18
42003437000,2299,105,4.57
42003439000,549,26,4.74
42003445500,1117,98,8.77
42003446000,535,38,7.10
42003447000,500,34,6.80
42003448000,318,18,5.66
42003449000,854,48,5.62
42003450700,881,51,5.79
42003450800,556,31,5.58
42003451101,1371,91,6.64
42003451102,1427,83,5.82
42003451104,1304,87,6.67
42003451105,1209,90,7.44
42003451300,2628,140,5.33
42003452000,2276,111,4.88
42003453003,621,15,2.42
42003453004,2139,116,5.42
42003455000,547,25,4.57
42003456001,1481,73,4.93
42003456003,2417,165,6.83
42003456004,1727,154,8.92
42003457100,306,24,7.84
42003457200,1195,64,5.36
42003458001,1411,84,5.95
42003458002,1806,50,2.77
42003459101,537,9,1.68
42003459102,1910,106,5.55
42003459201,2006,99,4.94
42003459202,337,54,16.02
42003460001,1866,100,5.36
42003460002,1144,49,4.28
42003461000,314,16,5.10
42003462100,720,25,3.47
42003462600,754,49,6.50
42003463900,725,41,5.66
42003464300,927,47,5.07
42003464400,397,23,5.79
42003465600,519,24,4.62
42003465800,1160,49,4.22
42003468700,510,20,3.92
42003468800,840,57,6.79
42003468900,906,49,5.41
42003469000,1827,103,5.64
42003470300,1331,77,5.79
42003470400,1253,78,6.23
42003470501,673,66,9.81
42003470502,1047,64,6.11
42003470600,844,59,6.99
42003471000,465,20,4.30
42003472100,620,40,6.45
42003472200,656,38,5.79
42003472300,527,32,6.07
42003472400,726,42,5.79
42003473100,1260,76,6.03
42003473200,821,62,7.55
42003473300,1750,107,6.11
42003473401,937,50,5.34
42003473402,1142,77,6.74
42003473500,1119,70,6.26
42003473601,1407,69,4.90
42003473602,1431,85,5.94
42003474101,1353,69,5.10
42003474102,1153,89,7.72
42003474201,887,55,6.20
42003474202,1565,96,6.13
42003474203,1678,93,5.54
42003475101,1242,64,5.15
42003475102,638,25,3.92
42003475200,1861,84,4.51
42003475301,1597,83,5.20
42003475303,1598,74,4.63
42003475304,1920,96,5.00
42003475401,1348,72,5.34
42003475402,1126,33,2.93
42003476100,1048,60,5.73
42003476200,1191,82,6.88
42003477100,1739,112,6.44
42003477200,1448,76,5.25
42003477300,1868,69,3.69
42003478100,995,75,7.54
42003478200,1649,125,7.58
42003479000,811,39,4.81
42003480101,1253,70,5.59
42003480102,1076,66,6.13
42003480200,1303,69,5.30
42003480300,1376,78,5.67
42003480400,1885,91,4.83
42003481000,486,33,6.79
42003482500,632,16,2.53
42003483800,483,14,2.90
42003484300,741,54,7.29
42003484500,2183,101,4.63
42003484600,516,29,5.62
42003485000,313,15,4.79
42003486700,354,15,4.24
42003486800,333,6,1.80
42003486900,355,13,3.66
42003487000,479,12,2.51
42003488100,784,39,4.97
42003488200,951,51,5.36
42003488300,718,38,5.29
42003488400,1425,70,4.91
42003488500,989,38,3.84
42003488600,1753,83,4.73
42003489001,1528,73,4.78
42003489002,1295,77,5.95
42003490002,1551,92,5.93
42003490003,1212,68,5.61
42003490004,1825,83,4.55
42003491101,2468,112,4.54
42003491200,633,25,3.95
42003492700,557,16,2.87
42003492800,620,22,3.55
42003492900,481,32,6.65
42003494000,348,12,3.45
42003495000,1160,30,2.59
42003496101,1159,34,2.93
42003496102,1572,48,3.05
42003496200,1921,74,3.85
42003497000,373,7,1.88
42003498000,848,35,4.13
42003499300,433,21,4.85
42003499400,731,40,5.47
42003500300,1296,83,6.40
42003501000,414,16,3.86
42003503002,1893,81,4.28
42003504100,1203,64,5.32
42003507000,680,28,4.12
42003508000,309,14,4.53
42003509400,679,35,5.15
42003510000,333,12,3.60
42003512000,499,16,3.21
42003513000,514,9,1.75
42003513800,248,4,1.61
42003514000,314,7,2.23
42003515100,740,39,5.27
42003515200,619,37,5.98
42003515300,298,16,5.37
42003515401,470,48,10.21
42003516100,428,34,7.94
42003516200,511,45,8.81
42003517000,481,21,4.37
42003518001,1360,92,6.76
42003519000,1339,80,5.97
42003520001,1002,73,7.29
42003520002,969,54,5.57
42003521100,1650,94,5.70
42003521200,1105,60,5.43
42003521301,1097,63,5.74
42003521302,759,35,4.61
42003521401,966,43,4.45
42003521402,1467,83,5.66
42003521500,1652,92,5.57
42003522000,553,22,3.98
42003523100,1197,41,3.43
42003523200,1480,71,4.80
42003523300,1443,71,4.92
42003523400,1344,90,6.70
42003523501,1318,77,5.84
42003523502,594,20,3.37
42003523600,1683,79,4.69
42003523701,1305,85,6.51
42003523702,1413,66,4.67
42003523800,1633,106,6.49
42003524000,514,28,5.45
42003525100,741,55,7.42
42003525200,471,46,9.77
42003525300,585,42,7.18
42003526101,2394,111,4.64
42003526102,691,30,4.34
42003526201,1217,70,5.75
42003526202,1475,69,4.68
42003526301,1541,60,3.89
42003526302,1468,80,5.45
42003550900,263,5,1.90
42003551200,581,30,5.16
42003551300,812,27,3.33
42003551900,114,1,
42003552000,450,24,5.33
42003552100,74,0,
42003552200,253,10,3.95
42003552300,523,14,2.68
42003552400,833,41,4.92
42003560400,71,4,
42003560500,581,30,5.16
42003561400,706,48,6.80
42003561500,563,34,6.04
42003561900,657,8,1.22
42003562000,307,18,5.86
42003562300,707,18,2.55
42003562400,653,34,5.21
42003562500,659,15,2.28
42003562600,644,33,5.12
42003562700,117,5,
42003562800,440,18,4.09
42003562901,301,20,6.64
42003563000,799,22,2.75
42003563100,1210,72,5.95
42003563201,31,0,
42003563202,445,21,4.72
42003563300,542,25,4.61
42003563800,1091,66,6.05
42003563900,1182,78,6.60
42003564000,2364,100,4.23
42003564100,417,16,3.84
42003564200,798,31,3.88
42003564400,2059,96,4.66
42003564500,870,31,3.56
42003564700,217,8,3.69
42003564800,174,10,5.75
42003565100,755,53,7.02
42003565200,607,19,3.13
42003565300,413,13,3.15
42003802101,,1,
42003980000,,0,
42003980100,,0,
42003980300,,0,
42003980400,4,0,
42003980500,9,0,
42003980600,0,0,
42003980700,0,0,
42003980800,,0,
42003980900,,0,
42003981000,,0,
42003981100,,0,
42003981200,,0,
42003981800,,0,
42003982200,0,0,
