aun,schl,name,district,type,address,lat,lon,grades,enrollment,title1,econ_disadv_pct,english_learner_pct,special_ed_pct,homeless_pct,essa_designation,website,ela_prof_pct,math_prof_pct,ela_growth_pvaas,math_growth_pvaas,regular_attendance_pct,grade3_reading_pct,grad_4yr_pct
103020407,5273,A W Beattie Career Center,A W Beattie Career Center,occctc,"9600 Babcock Boulevard, Allison Park 15101",40.579948,-80.005998,"9, 10, 11, 12",1018.0,No,44.5,0.7,35.1,1.6,DFLT,http://www.beattietech.com,,,,,64.6,,
103021252,4802,Abraham Lincoln El Sch,Bethel Park School District,regular,"1524 Hamilton Rd, Pittsburgh 15234",40.356354,-80.016085,"K5H, 1, 2, 3, 4",348.0,No,27.6,1.4,17.8,0.0,DFLT,http://www.bpsd.org,67.6,72.3,100.0,95.0,97.1,65.7,
102027451,8203,Academy at Westinghouse,Pittsburgh School District,regular,"1101 N. Murtland Avenue, Pittsburgh 15208",40.460403,-79.9005,"6, 7, 8, 9, 10, 11, 12",574.0,Yes,81.7,1.7,29.1,13.6,TSI,http://www.pps.k12.pa.us/westinghouse/site/default.asp,27.9,5.5,97.0,53.0,32.5,,78.9
103020603,5296,Acmetonia El Sch,Allegheny Valley School District,regular,"300 Pearl Street, Cheswick 15024",40.543447,-79.816194,"PreKF, K5F, 1, 2, 3, 4, 5, 6",458.0,Yes,45.6,2.4,20.3,0.7,DFLT,http://www.avsdweb.org,56.3,41.8,77.0,50.0,78.1,54.2,
103026873,30,Avalon El Sch,Northgate School District,regular,"721 California Ave, Pittsburgh 15202",40.500898776,-80.0663663079999,"K5F, 1, 2, 3, 4, 5, 6",252.0,No,53.6,0.0,26.6,0.4,DFLT,http://www.northgatesd.net,51.9,45.5,76.0,65.0,76.3,51.2,
103020753,34,Avonworth El Sch,Avonworth School District,regular,"1320 Roosevelt Rd, Pittsburgh 15237",40.539556,-80.094758,"3, 4, 5",478.0,No,12.1,1.1,15.7,0.0,DFLT,http://www.avonworth.k12.pa.us,61.4,65.4,53.0,50.0,92.5,82.5,
103020753,5199,Avonworth HS,Avonworth School District,regular,"304 Josephs Lane, Pittsburgh 15237",40.529873,-80.075868,"9, 10, 11, 12",579.0,No,19.0,1.2,16.1,0.0,DFLT,http://www.avonworth.k12.pa.us,76.7,59.7,58.0,50.0,78.9,,95.4
103020753,7669,Avonworth MS,Avonworth School District,regular,"304 Josephs Lane, Pittsburgh 15237",40.530391,-80.077078,"6, 7, 8",446.0,No,12.1,0.7,12.8,0.0,DFLT,http://www.avonworth.k12.pa.us,67.5,61.4,100.0,100.0,88.2,,
103020753,8320,Avonworth Primary Center,Avonworth School District,regular,"1310 Roosevelt Road, Pittsburgh 15237",40.539442,-80.094756,"K5F, 1, 2",423.0,No,10.4,1.9,9.5,0.0,DFLT,http://www.avonworth.k12.pa.us,,,,,94.0,,
103029203,5195,Baker El Sch,Upper Saint Clair School District,regular,"2300 Morton Rd, Pittsburgh 15241",40.3352311020001,-80.096489439,"K5H, 1, 2, 3, 4",471.0,No,10.6,4.0,13.6,0.0,DFLT,http://www.uscsd.k12.pa.us,90.8,94.1,100.0,100.0,93.4,88.2,
103021102,50,Baldwin SHS,Baldwin-Whitehall School District,regular,"4653 Clairton Blvd, Pittsburgh 15236",40.3556115820001,-79.977888417,"8, 9, 10, 11, 12",1659.0,No,49.8,5.7,14.0,1.3,ATSI,https://www.bwschools.net,50.0,31.5,50.0,50.0,82.3,,94.6
103028833,193,Barrett El Sch,Steel Valley School District,regular,"221 E 12th Ave, Homestead 15120",40.4049581680001,-79.907603808,"PreKF, K5F, 1, 2, 3, 4",225.0,No,77.3,7.6,26.2,3.1,ATSI,http://www.Steelvalleysd.org,16.7,16.7,55.0,50.0,52.0,15.4,
103026873,6977,Bellevue El Sch,Northgate School District,regular,"435 Lincoln Ave, Pittsburgh 15202",40.494130096,-80.054584798,"PreKF, K5F, 1, 2, 3, 4, 5, 6",348.0,No,51.2,7.2,20.7,2.0,DFLT,http://www.northgatesd.net,45.8,49.7,54.0,99.0,81.9,48.6,
103021252,7326,Benjamin Franklin El Sch,Bethel Park School District,regular,"5400 Florida Ave, Bethel Park 15102",40.324514,-80.031235,"K5H, 1, 2, 3, 4",338.0,No,29.6,4.1,23.4,0.6,DFLT,http://www.bpsd.org,72.4,79.8,87.0,59.0,94.7,71.2,
103021252,55,Bethel Memorial El Sch,Bethel Park School District,regular,"3301 S Park Rd, Bethel Park 15102",40.324507,-80.05406,"K5H, 1, 2, 3, 4",342.0,No,30.1,14.9,17.8,0.3,DFLT,http://www.bpsd.org,67.1,71.4,66.0,77.0,96.2,75.7,
103021252,62,Bethel Park HS,Bethel Park School District,regular,"309 Church Rd, Bethel Park 15102",40.333094,-80.04327,"9, 10, 11, 12",1245.0,No,28.8,1.8,18.5,0.6,DFLT,http://www.bpsd.org,78.7,57.9,87.0,50.0,90.1,,94.6
103026343,240,Bon Meade El Sch,Moon Area School District,regular,"1595 Brodhead Rd, Moon township 15108",40.5457031990001,-80.239341152,"K5F, 1, 2, 3, 4",572.0,No,19.9,4.6,16.4,0.0,DFLT,http://www.moonarea.net,75.6,87.1,100.0,100.0,93.1,79.1,
103029203,5196,Boyce MS,Upper Saint Clair School District,regular,"1500 Boyce Rd, Pittsburgh 15241",40.3166440580001,-80.094988889,"5, 6",624.0,No,13.5,1.0,14.1,0.2,DFLT,http://www.uscsd.k12.pa.us,87.8,82.0,84.0,100.0,92.3,,
103026852,263,Bradford Woods El Sch,North Allegheny School District,regular,"41 Forest Road, Bradford Woods 15015",40.633301799,-80.074065617,"K5H, 1, 2, 3, 4, 5",343.0,No,5.8,0.3,15.7,0.0,DFLT,http://www.northallegheny.org,87.4,88.5,100.0,100.0,97.6,94.2,
103021453,7342,Brentwood MS,Brentwood Borough School District,regular,"3601 Brownsville Rd, Pittsburgh 15227",40.374141,-79.975484,"6, 7, 8",269.0,No,66.9,13.8,17.5,1.1,TSI,http://www.bb-sd.com,46.6,25.0,100.0,80.0,73.2,,
103021453,70,Brentwood SHS,Brentwood Borough School District,regular,"3601 Brownsville Rd, Pittsburgh 15227",40.374141,-79.975484,"9, 10, 11, 12",333.0,No,57.1,10.8,14.7,0.3,DFLT,http://www.bb-sd.com,58.6,40.0,50.0,57.0,74.2,,95.3
103028302,4696,Burchfield Primary Sch,Shaler Area School District,regular,"1500 Burchfield Rd, Allison Park 15101",40.547997,-79.943613,"K5F, 1, 2, 3",339.0,No,24.8,0.3,20.1,1.5,DFLT,http://www.sasd.k12.pa.us/burchfieldprimaryschool_home.aspx,75.6,82.1,,,93.4,75.6,
103021603,79,Carlynton JSHS,Carlynton School District,regular,"435 Kings Hwy, Carnegie 15106",40.424962087,-80.096892951,"7, 8, 9, 10, 11, 12",633.0,No,64.9,12.0,18.8,2.4,ATSI,http://www.carlynton.k12.pa.us,56.1,21.1,100.0,50.0,75.2,,89.8
103021603,77,Carnegie El Sch,Carlynton School District,regular,"301 Franklin Ave, Carnegie 15106",40.401497588,-80.081887265,"K5F, 1, 2, 3, 4, 5, 6",408.0,Yes,52.0,32.4,16.7,0.5,DFLT,http://www.carlynton.k12.pa.us,32.3,41.6,50.0,73.0,83.3,35.3,
103026852,5108,Carson MS,North Allegheny School District,regular,"200 Hillvue Lane, Pittsburgh 15237",40.566272999,-80.031173668,"6, 7, 8",652.0,No,12.0,0.6,16.0,0.3,DFLT,http://www.northallegheny.org,72.8,55.2,50.0,50.0,93.2,,
102024758,8472,Catalyst Academy CS,Catalyst Academy CS,charter,"7061 Lemington Avenue, Pittsburgh 15206",40.469837,-79.896837,"K5F, 1, 2, 3, 4, 5",315.0,Yes,85.4,0.0,17.5,5.4,DFLT,http://catalystacademy.org,16.5,13.1,81.0,71.0,72.2,14.8,
103024603,175,Central El Sch,Hampton Township School District,regular,"4100 Middle Rd, Allison Park 15101",40.571686,-79.927199,"K5H, 1, 2, 3, 4, 5",456.0,No,11.6,1.3,10.8,0.0,DFLT,http://www.ht-sd.org,79.2,80.8,100.0,100.0,93.8,77.6,
103023153,136,Central El Sch,Elizabeth Forward School District,regular,"401 Rock Run Road, Elizabeth 15037",40.276252056,-79.8259979759999,"K5F, 1, 2, 3, 4, 5",292.0,No,32.2,0.0,14.4,0.0,DFLT,http://www.efsd.net,69.4,75.4,92.0,70.0,88.4,75.6,
103021752,6706,Chartiers Valley HS,Chartiers Valley School District,regular,"50 Thoms Run Rd, Bridgeville 15017",40.378639,-80.110962,"9, 10, 11, 12",1029.0,No,41.0,7.1,12.5,2.2,TSI,http://www.cvsd.net,61.6,42.8,100.0,83.0,80.6,,94.7
103021752,7415,Chartiers Valley Intrmd School,Chartiers Valley School District,regular,"2030 Swallow Hill Rd, Pittsburgh 15220",40.398835,-80.07592,"3, 4, 5",801.0,Yes,37.5,11.4,12.7,1.5,DFLT,http://www.cvsd.net,51.1,63.5,72.0,100.0,87.8,53.1,
103021752,94,Chartiers Valley MS,Chartiers Valley School District,regular,"50 Thoms Run Rd, Bridgeville 15017",40.378639,-80.110962,"6, 7, 8",751.0,No,40.9,8.0,12.8,2.5,DFLT,http://www.cvsd.net,57.3,37.9,76.0,50.0,83.1,,
103021752,7445,Chartiers Valley Primary Sch,Chartiers Valley School District,regular,"125 Thoms Run Rd, Bridgeville 15017",40.379064,-80.110097,"K5F, 1, 2",892.0,Yes,34.1,13.8,10.9,0.7,DFLT,http://www.cvsd.net,,,,,88.9,,
102020001,7727,City CHS,City CHS,charter,"201 Stanwix Street, Pittsburgh 15222",40.442652,-79.99918,"9, 10, 11, 12",594.0,Yes,56.7,2.5,21.2,3.2,DFLT,http://www.cityhigh.org,49.3,22.8,73.0,83.0,85.8,,96.7
103021903,7371,Clairton El Sch,Clairton City School District,regular,"501 Waddell Ave, Clairton 15025",40.293868,-79.885347,"K5F, 1, 2, 3, 4, 5",348.0,Yes,89.1,2.9,23.9,4.6,ACSI,http://www.clairton.k12.pa.us,18.6,16.9,68.0,77.0,51.8,23.3,
103021903,8094,Clairton MS/HS,Clairton City School District,regular,"501 Waddell Ave, Clairton 15025",40.293868,-79.885347,"6, 7, 8, 9, 10, 11, 12",418.0,Yes,84.9,1.2,26.8,4.1,DFLT,http://www.clairton.k12.pa.us,28.2,5.7,78.0,50.0,41.3,,91.8
103029603,528,Clara Barton El Sch,West Mifflin Area School District,regular,"764 Beverly Dr, West Mifflin 15122",40.3425623620001,-79.9214789649999,"K5F, 1, 2, 3",229.0,Yes,88.2,10.0,15.7,0.9,DFLT,http://www.wmasd.org,46.7,62.3,,,72.8,46.7,
103022103,6944,Cornell El Sch,Cornell School District,regular,"1099 Maple Street Ext, Coraopolis 15108",40.509316,-80.167808,"K5F, 1, 2, 3, 4, 5, 6",289.0,Yes,100.0,19.4,24.2,0.7,DFLT,http://www.cornellsd.org,39.5,36.2,50.0,50.0,60.7,39.1,
103022103,8087,Cornell HS,Cornell School District,regular,"1099 Maple St, Coraopolis 15108",40.509316,-80.167808,"7, 8, 9, 10, 11, 12",252.0,No,100.0,13.9,22.6,2.8,TSI,http://www.cornellsd.org,32.7,18.3,50.0,52.0,52.9,,90.5
103021603,78,Crafton El Sch,Carlynton School District,regular,"1874 Crafton Blvd, Pittsburgh 15205",40.431119795,-80.0670109819999,"K5F, 1, 2, 3, 4, 5, 6",291.0,Yes,35.4,1.0,21.7,3.8,DFLT,http://www.carlynton.k12.pa.us,61.6,57.2,90.0,63.0,89.4,61.0,
103022253,511,Curtisville Pri Ctr,Deer Lakes School District,regular,"1715 Saxonburg Boulevard, Tarentum 15084",40.645022505,-79.84821217,"K5F, 1, 2",390.0,No,41.0,0.5,17.7,1.8,DFLT,http://www.deerlakes.net,,,,,82.8,,
103026303,8177,David E Williams MS,Montour School District,regular,"60 Gawaldo Dr, Coraopolis 15108",40.4853185210001,-80.101872995,"5, 6, 7, 8",952.0,No,34.9,2.4,21.4,0.6,DFLT,http://www.montourschools.com,73.4,65.2,100.0,100.0,88.3,,
103022253,513,Deer Lakes HS,Deer Lakes School District,regular,"163 East Union Rd, Cheswick 15024",40.618524,-79.852927,"9, 10, 11, 12",581.0,No,36.3,1.2,23.2,1.7,TSI,http://www.deerlakes.net,65.1,51.3,100.0,76.0,65.7,,93.8
103022253,7595,Deer Lakes MS,Deer Lakes School District,regular,"17 East Union Road, Cheswick 15024",40.624442,-79.858408,"6, 7, 8",383.0,No,40.5,1.0,24.0,0.8,DFLT,http://www.deerlakes.net,56.1,43.1,71.0,97.0,79.4,,
103029902,8466,Dickson Prep STEAM Academy,Woodland Hills School District,regular,"7301 Schoyer Avenue, Swissvale 15218",40.419691,-79.876797,"6, 7, 8",580.0,Yes,71.0,4.0,27.8,4.0,ATSI,http://www.whsd.k12.pa.us,28.4,8.6,68.0,50.0,57.1,,
103029403,7760,Donaldson Elem Sch,West Allegheny School District,regular,"600 Donaldson Road, Oakdale 15071",40.421412,-80.232108,"K5F, 1, 2, 3, 4, 5",535.0,No,25.1,0.4,13.5,0.8,DFLT,http://www.westasd.org,87.8,93.1,100.0,100.0,92.1,83.7,
103025002,7461,Dormont El Sch,Keystone Oaks School District,regular,"3200 Annapolis Ave, Pittsburgh 15216",40.3947566050001,-80.043965327,"K5F, 1, 2, 3, 4, 5",380.0,No,34.7,7.1,10.5,0.5,DFLT,http://www.kosd.org,75.6,79.7,100.0,92.0,90.2,61.4,
103023912,147,Dorseyville MS,Fox Chapel Area School District,regular,"3732 Saxonburg Blvd, Pittsburgh 15238",40.578238,-79.886875,"6, 7, 8",981.0,No,18.8,2.0,13.3,0.4,DFLT,http://www.fcasd.edu/dms,82.6,76.4,52.0,100.0,89.6,,
103024102,161,Dr Cleveland Steward Jr El Sch,Gateway School District,regular,"5000 Gateway Campus Blvd, Monroeville 15146",40.430393,-79.753816,"K5F, 1, 2, 3, 4",292.0,Yes,74.0,4.8,19.2,4.5,TSI,http://www.gatewayk12.org,45.9,45.9,72.0,60.0,69.4,44.6,
103022503,7908,Duquesne El Sch,Duquesne City School District,regular,"300 Kennedy Avenue, Duquesne 15110",40.371652,-79.847855,"PreKF, K5F, 1, 2, 3, 4, 5, 6, 7, 8",460.0,Yes,88.7,20.9,20.2,6.3,ATSI,http://www.dukecitysd.org,9.5,8.3,64.0,77.0,46.0,8.2,
103022803,8340,East Allegheny JSHS,East Allegheny School District,regular,"1150 Jacks Run Rd, North Versailles 15137",40.365271,-79.784551,"7, 8, 9, 10, 11, 12",672.0,Yes,61.9,1.8,24.9,3.3,ACSI,http://www.eawildcats.net,29.2,10.3,68.0,50.0,48.1,,86.1
103022253,6695,East Union Intrmd Sch,Deer Lakes School District,regular,"57 East Union Road, Cheswick 15024",40.622627,-79.858454,"3, 4, 5",335.0,No,44.2,1.8,27.5,2.4,DFLT,http://www.deerlakes.net,50.9,52.9,78.0,76.0,76.5,52.7,
103021003,7999,Eden Hall Upper El Sch,Pine-Richland School District,regular,"3900 Bakerstown Road, Gibsonia 15044",40.65769,-79.961148,"4, 5, 6",1076.0,No,10.7,0.1,23.0,0.5,DFLT,http://www.pinerichland.org,75.9,74.7,63.0,100.0,99.3,,
103029902,8088,Edgewood El STEAM Academy,Woodland Hills School District,regular,"241 Maple Ave, Pittsburgh 15218",40.432417,-79.88274,"PreKF, K5F, 1, 2, 3, 4, 5",517.0,Yes,74.7,0.2,22.2,1.9,DFLT,http://www.whsd.k12.pa.us,22.7,21.0,58.0,88.0,70.4,28.2,
103027753,6108,Edgeworth El Sch,Quaker Valley School District,regular,"200 Meadow Ln, Sewickley 15143",40.548942196,-80.191024955,"K5F, 1, 2, 3, 4, 5",412.0,No,18.9,2.2,16.3,0.0,DFLT,http://www.qvsd.org,74.9,74.4,100.0,77.0,97.8,68.5,
103029203,490,Eisenhower El Sch,Upper Saint Clair School District,regular,"100 Warwick Dr, Pittsburgh 15241",40.3495172200001,-80.0625428019999,"K5H, 1, 2, 3, 4",524.0,No,12.6,7.1,12.4,0.0,DFLT,http://www.uscsd.k12.pa.us,90.5,87.2,100.0,100.0,92.7,87.0,
103023153,4804,Elizabeth Forward MS,Elizabeth Forward School District,regular,"401 Rock Run Road, Elizabeth 15037",40.274468298,-79.8258239419999,"6, 7, 8",538.0,No,38.3,0.7,20.1,1.3,DFLT,http://www.efsd.net,56.5,40.3,50.0,50.0,81.3,,
103023153,144,Elizabeth Forward SHS,Elizabeth Forward School District,regular,"1000 Weigles Hill Road, Elizabeth 15037",40.2544538860001,-79.856146409,"9, 10, 11, 12",763.0,No,37.4,0.3,23.3,1.3,ATSI,http://www.efsd.net,58.1,58.0,50.0,56.0,74.4,,95.4
103021453,69,Elroy Avenue El Sch,Brentwood Borough School District,regular,"3129 Elroy Ave, Pittsburgh 15227",40.380316,-79.973876,"K5F, 1, 2, 3, 4, 5",270.0,Yes,75.6,3.3,20.0,1.1,DFLT,http://www.bb-sd.com,46.3,40.7,88.0,50.0,70.8,46.2,
199025446,8028,Environmental CS at Frick Park,Environmental Charter School at Frick Park,charter,"829 Milton Street, Pittsburgh 15218",40.436037992,-79.897176098,"K5F, 1, 2, 3, 4, 5, 6, 7, 8, 9, 10, 11, 12",1073.0,Yes,39.2,0.2,20.6,1.2,DFLT,Not Available,67.5,56.4,100.0,87.0,80.0,77.7,85.3
103024102,157,Evergreen El Sch,Gateway School District,regular,"3831 Evergreen Dr, Monroeville 15146",40.445289,-79.771819,"K5F, 1, 2, 3, 4",317.0,Yes,53.3,5.7,18.0,2.5,DFLT,http://www.gatewayk12.org,68.3,74.4,100.0,100.0,81.8,60.0,
103023912,149,Fairview El Sch,Fox Chapel Area School District,regular,"738 Dorseyville Rd, Pittsburgh 15238",40.548533,-79.900193,"K5F, 1, 2, 3, 4, 5",387.0,No,6.7,0.8,13.2,0.3,DFLT,http://www.fcasd.edu/fairview,91.7,96.1,96.0,100.0,95.5,92.1,
103023807,5016,Forbes Road CTC,Forbes Road CTC,occctc,"607 Beatty Road, Monroeville 15146",40.451713,-79.752359,"9, 10, 11, 12",931.0,No,53.6,1.2,36.7,1.7,DFLT,http://www.forbesroad.com,,,,,15.2,,
103029203,491,Fort Couch MS,Upper Saint Clair School District,regular,"515 Fort Couch Rd, Pittsburgh 15241",40.353854487,-80.064370013,"7, 8",647.0,No,13.5,1.7,13.1,0.0,DFLT,http://www.uscsd.k12.pa.us,85.9,69.2,73.0,98.0,91.2,,
103026402,249,Foster El Sch,Mt Lebanon School District,regular,"700 Vermont Ave, Pittsburgh 15234",40.363549,-80.038635,"K5H, 1, 2, 3, 4, 5",304.0,No,10.5,1.6,17.8,0.0,DFLT,http://www.mtlsd.org,74.5,78.9,100.0,93.0,95.6,70.3,
103026002,7673,Founders Hall Middle Sch,McKeesport Area School District,regular,"3600 O'Neil Boulevard, McKeesport 15132",40.3462341010001,-79.833269144,"6, 7, 8",642.0,Yes,60.3,2.5,26.3,4.2,CSI,http://www.mckasd.net,16.9,5.6,50.0,55.0,42.1,,
103023912,156,Fox Chapel Area HS,Fox Chapel Area School District,regular,"611 Field Club Rd, Pittsburgh 15238",40.517404,-79.869113,"9, 10, 11, 12",1360.0,No,20.6,2.2,12.1,0.6,DFLT,http://www.fcasd.edu/fcahs,92.1,89.5,50.0,100.0,83.2,,96.1
103026002,8400,Francis McClure El Sch,McKeesport Area School District,regular,"500 Longvue Dr, McKeesport 15131",40.3498802460001,-79.808224606,"K5F, 1, 2, 3, 4, 5",668.0,Yes,37.4,6.0,20.1,6.0,ATSI,http://www.mckasd.net,27.9,29.3,50.0,50.0,52.3,38.3,
103026852,265,Franklin El Sch,North Allegheny School District,regular,"2401 Rochester Rd, Sewickley 15143",40.5869566580001,-80.096700405,"K5H, 1, 2, 3, 4, 5",718.0,No,3.5,6.7,13.0,0.3,DFLT,http://www.northallegheny.org,86.9,90.8,100.0,100.0,95.8,81.3,
103025002,203,Fred L Aiken El Sch,Keystone Oaks School District,regular,"881 Greentree Rd, Pittsburgh 15220",40.42379737,-80.042594826,"K5F, 1, 2, 3, 4, 5",238.0,No,29.4,9.2,10.5,0.8,DFLT,http://www.kosd.org,67.3,83.7,91.0,100.0,92.8,50.0,
103024102,167,Gateway MS,Gateway School District,regular,"4450 Old William Penn Hwy, Monroeville 15146",40.445817,-79.763829,"5, 6, 7, 8",1018.0,Yes,60.3,2.9,25.3,3.0,DFLT,http://www.gatewayk12.org,54.6,41.2,50.0,50.0,81.3,,
103024102,170,Gateway SHS,Gateway School District,regular,"3000 Gateway Campus Blvd, Monroeville 15146",40.429926,-79.751339,"9, 10, 11, 12",1152.0,No,53.5,2.4,22.7,1.7,DFLT,http://www.gatewayk12.org,75.2,45.1,100.0,100.0,77.4,,90.3
103021252,4902,George Washington El Sch,Bethel Park School District,regular,"515 Clifton Rd, Bethel Park 15102",40.311745,-80.064499,"K5H, 1, 2, 3, 4",313.0,No,18.5,1.6,14.4,0.0,DFLT,http://www.bpsd.org,73.6,67.8,99.0,76.0,97.2,62.5,
103029553,516,Gill Hall El Sch,West Jefferson Hills School District,regular,"829 Gill Hall Rd, Jefferson Hills 15025",40.3007585080001,-79.960602868,"K5H, K5F, 1, 2",424.0,No,25.9,6.8,10.6,0.0,DFLT,http://www.wjhsd.net,,,,,98.7,,
103023153,8115,Greenock El Sch,Elizabeth Forward School District,regular,"1101 Greenock Buena Vista Rd, McKeesport 15135",40.312162,-79.802373,"K5F, 1, 2",173.0,No,43.9,0.0,13.3,3.5,DFLT,http://www.efsd.net,,,,,90.6,,
103024603,5190,Hampton HS,Hampton Township School District,regular,"2929 McCully Rd, Allison Park 15101",40.581234,-79.942935,"9, 10, 11, 12",865.0,No,20.4,0.4,11.7,0.2,DFLT,http://www.ht-sd.org,89.4,69.8,83.0,68.0,87.9,,97.6
103024603,179,Hampton MS,Hampton Township School District,regular,"4589 School Rd, Allison Park 15101",40.589775,-79.945397,"6, 7, 8",606.0,No,14.7,0.2,12.2,0.3,DFLT,http://www.ht-sd.org,81.2,63.1,100.0,73.0,89.2,,
103021003,7998,Hance El Sch,Pine-Richland School District,regular,"5518 Molnar Drive, Gibsonia 15044",40.630282,-79.946537,"K5H, 1, 2, 3",406.0,No,9.4,0.0,15.8,1.0,DFLT,http://www.pinerichland.org,69.1,74.5,,,100.0,69.1,
103023912,6780,Hartwood El Sch,Fox Chapel Area School District,regular,"3730 Saxonburg Blvd, Pittsburgh 15238",40.578014,-79.887281,"K5F, 1, 2, 3, 4, 5",386.0,No,22.0,3.1,13.0,0.0,DFLT,http://www.fcasd.edu/hartwood,81.9,80.5,100.0,100.0,90.8,84.4,
103026902,8142,Highcliff El Sch,North Hills School District,regular,"156 Peony Ave, Pittsburgh 15229",40.524527,-80.054046,"K5F, 1, 2, 3, 4, 5",519.0,No,28.9,0.0,17.0,1.0,DFLT,http://www.nhsd.net,67.2,66.2,95.0,100.0,90.1,63.2,
103024753,182,Highlands Early Childhood Center,Highlands School District,regular,"1060 Atlantic Ave, Brackenridge 15014",40.61167,-79.74026,"PreKH, PreKF, K5F",205.0,Yes,69.3,0.0,10.2,1.5,DFLT,http://www.goldenrams.com,,,,,71.3,,
103024753,191,Highlands El Sch,Highlands School District,regular,"101 East 9th Ave, Tarentum 15084",40.603333,-79.757168,"1, 2, 3, 4",559.0,Yes,60.8,0.0,28.8,2.5,DFLT,http://www.goldenrams.com,44.7,46.1,64.0,80.0,73.0,49.6,
103024753,7202,Highlands MS,Highlands School District,regular,"1350 Broadview Boulevard, Natrona Heights 15065",40.617328,-79.733707,"5, 6, 7, 8",575.0,Yes,55.0,0.2,27.3,2.6,DFLT,http://www.goldenrams.com,39.7,31.4,71.0,74.0,72.3,,
103024753,5153,Highlands SHS,Highlands School District,regular,"1500 Pacific Ave, Natrona Heights 15065",40.618101,-79.728433,"9, 10, 11, 12",665.0,Yes,46.0,0.3,24.2,2.0,ATSI,http://www.goldenrams.com,58.5,43.8,78.0,71.0,60.1,,83.4
103027503,8354,Holiday Park Intermediate Sch,Plum Borough School District,regular,"100 School Road, Pittsburgh 15239",40.493836,-79.750624,"5, 6",513.0,No,32.8,1.0,21.8,0.6,DFLT,http://www.pbsd.net,53.6,53.8,50.0,63.0,87.6,,
103029603,8455,Homeville El Sch,West Mifflin Area School District,regular,"4315 Eliza St, West Mifflin 15122",40.388644,-79.87528,"PreKH, K5F, 1, 2, 3",424.0,Yes,58.5,0.0,25.0,2.1,DFLT,http://www.wmasd.org,46.8,47.7,,,67.8,46.8,
103026402,251,Hoover El Sch,Mt Lebanon School District,regular,"37 Robb Hollow Rd, Pittsburgh 15243",40.37528,-80.068084,"K5H, 1, 2, 3, 4, 5",285.0,No,8.1,6.0,14.4,0.0,DFLT,http://www.mtlsd.org,81.9,87.7,83.0,100.0,93.2,83.3,
103026852,6603,Hosack El Sch,North Allegheny School District,regular,"9275 Peebles Rd, Allison Park 15101",40.574145533,-80.0023185439999,"K5H, 1, 2, 3, 4, 5",348.0,No,10.6,0.6,9.8,0.0,DFLT,http://www.northallegheny.org,85.3,91.0,90.0,100.0,96.4,81.8,
103026402,248,Howe El Sch,Mt Lebanon School District,regular,"400 Broadmoor Ave, Pittsburgh 15228",40.376416,-80.031397,"K5H, 1, 2, 3, 4, 5",398.0,No,14.3,2.8,19.1,0.0,DFLT,http://www.mtlsd.org,76.7,76.1,92.0,85.0,94.1,72.9,
103021252,61,Independence MS,Bethel Park School District,regular,"2807 Bethel Church Rd, Bethel Park 15102",40.340372,-80.042036,"7, 8",602.0,No,27.7,2.2,17.4,0.5,DFLT,http://www.bpsd.org,65.5,54.5,50.0,66.0,96.6,,
103026852,266,Ingomar El Sch,North Allegheny School District,regular,"602 W Ingomar Rd, Pittsburgh 15237",40.582152212,-80.053232411,"K5H, 1, 2, 3, 4, 5",344.0,No,7.6,0.0,11.3,0.0,DFLT,http://www.northallegheny.org,79.3,84.2,100.0,100.0,96.5,75.0,
103026852,270,Ingomar MS,North Allegheny School District,regular,"1521 Ingomar Heights Rd, Pittsburgh 15237",40.581441548,-80.0724774559999,"6, 7, 8",514.0,No,5.3,0.2,11.3,0.2,DFLT,http://www.northallegheny.org,80.8,66.9,50.0,71.0,94.0,,
103026343,7441,J H Brooks El Sch,Moon Area School District,regular,"1720 Hassam Rd, Moon Township 15108",40.5000475590001,-80.176887251,"K5F, 1, 2, 3, 4",382.0,No,28.5,12.0,16.8,0.5,DFLT,http://www.moonarea.net,70.8,81.8,95.0,100.0,91.5,68.5,
103026343,8347,J.A. Allard El Sch,Moon Area School District,regular,"170 Shafer Road, Moon Township 15108",40.530499,-80.220139,"K5F, 1, 2, 3, 4",209.0,No,34.5,12.0,13.4,0.0,DFLT,http://www.moonarea.net,64.3,88.6,73.0,95.0,84.0,61.5,
103021102,6787,J.E. Harrison MS,Baldwin-Whitehall School District,regular,"129 Windvale Dr, Pittsburgh 15236",40.350789,-80.002164,"6, 7",716.0,No,53.4,7.7,16.1,1.0,TSI,https://www.bwschools.net,44.5,28.0,50.0,50.0,87.6,,
103026402,250,Jefferson El Sch,Mt Lebanon School District,regular,"11 Moffett St, Pittsburgh 15243",40.381528,-80.060398,"K5H, 1, 2, 3, 4, 5",310.0,No,8.4,3.6,18.1,0.0,DFLT,http://www.mtlsd.org,84.8,88.3,100.0,100.0,95.3,80.7,
103029553,7382,Jefferson Hills Intermediate Sch,West Jefferson Hills School District,regular,"875 Old Clairton Rd, Jefferson Hills 15025",40.2967438840001,-79.9324405099999,"3, 4, 5",856.0,Yes,28.4,6.5,8.9,0.2,DFLT,http://www.wjhsd.net,62.6,73.8,79.0,89.0,98.2,67.6,
103026402,7535,Jefferson MS,Mt Lebanon School District,regular,"21 Moffett St, Pittsburgh 15243",40.381936,-80.060502,"6, 7, 8",621.0,No,13.2,4.2,15.0,0.0,DFLT,http://www.mtlsd.org,84.7,66.5,100.0,100.0,89.3,,
103029803,5106,Kelly Primary Sch,Wilkinsburg Borough School District,regular,"400 Kelly Ave, Wilkinsburg 15221",40.4402832710001,-79.890360508,"PreKF, K5F, 1, 2",276.0,Yes,96.4,9.1,15.6,2.2,DFLT,https://kellyprimary.wilkinsburgschools.org/,,,,,50.0,,
103023912,153,Kerr El Sch,Fox Chapel Area School District,regular,"341 Kittanning Pike, Pittsburgh 15215",40.51311,-79.917954,"K5F, 1, 2, 3, 4, 5",426.0,Yes,31.9,3.8,8.5,0.5,DFLT,http://www.fcasd.edu/kerr,73.0,78.9,75.0,82.0,86.1,83.3,
103025002,5112,Keystone Oaks HS,Keystone Oaks School District,regular,"1000 Kelton Ave, Pittsburgh 15216",40.387201776,-80.030252903,"9, 10, 11, 12",543.0,No,49.0,5.2,17.1,1.8,DFLT,http://www.kosd.org,77.5,56.6,74.0,72.0,77.6,,95.2
103025002,7462,Keystone Oaks MS,Keystone Oaks School District,regular,"1002 Kelton Ave, Pittsburgh 15216",40.386672139,-80.029401787,"6, 7, 8",442.0,No,48.9,5.7,17.9,0.7,DFLT,http://www.kosd.org,67.9,47.4,50.0,57.0,83.3,,
103029865,8486,Life Male STEAM Academy CS,Life Male STEAM Academy CS,charter,"Penn Center East, Pittsburgh 15235",40.460449,-79.865769,"6, 7, 8, 9, 10",101.0,No,97.0,0.0,33.7,1.0,DFLT,https://lifesteam.org,8.8,1.3,54.0,66.0,2.5,,
103026402,246,Lincoln El Sch,Mt Lebanon School District,regular,"2 Ralston Pl, Pittsburgh 15216",40.386413,-80.04772,"K5H, 1, 2, 3, 4, 5",414.0,No,14.5,10.1,16.7,0.0,DFLT,http://www.mtlsd.org,82.0,77.9,100.0,86.0,95.9,76.7,
103027352,5019,Linton MS,Penn Hills School District,regular,"250 Aster St, Pittsburgh 15235",40.4811623030001,-79.813120593,"6, 7, 8",628.0,No,66.1,1.9,28.3,3.5,DFLT,http://www.phsd.org,26.4,8.4,50.0,76.0,69.4,,
103022803,8339,Logan El Sch,East Allegheny School District,regular,"1154 Jacks Run Rd, North Versailles 15137",40.365256,-79.784559,"K5F, 1, 2, 3, 4, 5, 6",727.0,Yes,68.2,3.2,28.3,2.6,DFLT,http://www.eawildcats.net,25.1,20.9,61.0,51.0,60.6,26.5,
102023030,7549,Manchester Academic CS,Manchester Academic CS,charter,"1214 Liverpool Street, Pittsburgh 15233",40.4558296020001,-80.023726239,"K5F, 1, 2, 3, 4, 5, 6, 7, 8",384.0,Yes,83.1,0.0,19.3,3.9,DFLT,http://www.MACSK8.org,30.3,19.9,76.0,72.0,77.7,40.9,
103026402,247,Markham El Sch,Mt Lebanon School District,regular,"165 Crescent Dr, Pittsburgh 15228",40.366894,-80.054022,"K5H, 1, 2, 3, 4, 5",296.0,No,5.7,4.1,9.8,0.0,DFLT,http://www.mtlsd.org,82.9,83.5,100.0,100.0,95.5,80.4,
103026852,7346,Marshall El Sch,North Allegheny School District,regular,"5135 Wexford Run Rd, Wexford 15090",40.643581145,-80.091173511,"K5H, 1, 2, 3, 4, 5",800.0,No,7.3,4.3,11.8,0.0,DFLT,http://www.northallegheny.org,83.8,87.4,100.0,100.0,93.2,83.3,
103026852,7379,Marshall MS,North Allegheny School District,regular,"5145 Wexford Run Rd, Wexford 15090",40.6437570580001,-80.0947299589999,"6, 7, 8",847.0,No,5.7,4.3,9.8,0.0,DFLT,http://www.northallegheny.org,76.8,69.0,50.0,100.0,95.7,,
103028302,5101,Marzolf Primary Sch,Shaler Area School District,regular,"101 Marzolf Road Ext, Pittsburgh 15209",40.513697,-79.96798,"K5F, 1, 2, 3",337.0,No,42.1,0.3,18.4,3.9,DFLT,http://www.sasd.k12.pa.us/marzolfprimaryschool_home.aspx,77.1,81.4,,,89.4,77.1,
103021102,37,McAnnulty El Sch,Baldwin-Whitehall School District,regular,"5151 McAnnulty Road, Pittsburgh 15236",40.345715,-79.996713,"PreKF, K5F",354.0,Yes,43.2,20.9,4.5,0.3,DFLT,https://www.bwschools.net,,,,,82.3,,
103029553,519,McClellan El Sch,West Jefferson Hills School District,regular,"360 School Ln, Pittsburgh 15236",40.3297197140001,-79.9704870589999,"K5H, K5F, 1, 2",367.0,No,24.8,6.5,7.6,0.3,DFLT,http://www.wjhsd.net,,,,,99.5,,
103026343,7952,McCormick El Sch,Moon Area School District,regular,"2801 Beaver Grade Rd, Moon Township 15108",40.473662,-80.172674,"K5F, 1, 2, 3, 4",229.0,No,10.5,6.1,9.6,0.9,DFLT,http://www.moonarea.net,77.9,89.5,100.0,84.0,94.7,71.4,
103026902,8052,McIntyre El Sch,North Hills School District,regular,"200 McIntyre Rd, Pittsburgh 15237",40.550027,-80.004742,"K5F, 1, 2, 3, 4, 5",594.0,No,29.8,23.1,15.5,0.2,DFLT,http://www.nhsd.net,62.4,64.6,100.0,100.0,89.3,60.6,
103029403,5366,McKee El Sch,West Allegheny School District,regular,"1501 Oakdale Rd, Oakdale 15071",40.428509,-80.203302,"K5F, 1, 2, 3, 4, 5",521.0,No,41.5,16.3,13.2,0.2,DFLT,http://www.westasd.org,74.4,79.4,100.0,100.0,89.3,78.4,
103026002,6105,McKeesport Area SHS,McKeesport Area School District,regular,"1960 Eden Park Blvd, McKeesport 15132",40.343557612,-79.830746427,"9, 10, 11, 12",966.0,No,57.4,3.0,27.7,4.4,ATSI,http://www.mckasd.net,31.3,7.2,97.0,50.0,31.4,,79.6
103026037,6672,McKeesport Area Tech Ctr,McKeesport Area Tech Ctr,occctc,"1960 Eden Park Boulevard, McKeesport 15132",40.3438,-79.829703,"9, 10, 11, 12",170.0,No,60.0,1.8,31.8,2.9,DFLT,http://www.mckasd.net,,,,,34.2,,
103026852,268,McKnight El Sch,North Allegheny School District,regular,"500 Cumberland Rd, Pittsburgh 15237",40.5709900420001,-80.028546335,"K5H, 1, 2, 3, 4, 5",875.0,No,11.2,8.7,13.3,0.1,DFLT,http://www.northallegheny.org,76.6,79.2,100.0,96.0,94.3,74.0,
103026402,7534,Mellon MS,Mt Lebanon School District,regular,"11 Castle Shannon Boulevard, Pittsburgh 15228",40.377514,-80.045955,"6, 7, 8",661.0,No,14.5,3.5,16.2,0.2,DFLT,http://www.mtlsd.org,80.4,67.6,83.0,100.0,66.8,,
103026303,8418,Montour El Sch,Montour School District,regular,"221 Clever Rd, McKees Rocks 15136",40.466885,-80.114218,"K5F, 1, 2, 3, 4",1277.0,Yes,29.1,4.3,14.3,0.2,DFLT,http://www.montourschools.com,76.0,81.6,100.0,100.0,91.5,76.8,
103026303,5017,Montour HS,Montour School District,regular,"223 Clever Rd, Mc Kees Rocks 15136",40.4672229670001,-80.118735177,"9, 10, 11, 12",1004.0,No,31.5,2.5,18.0,0.7,DFLT,http://www.montourschools.com,70.1,65.3,79.0,100.0,80.6,,98.5
103026343,8253,Moon Area Lower MS,Moon Area School District,regular,"904 Beaver Grade Road, Moon Township 15108",40.512508,-80.21538,"5, 6",639.0,No,27.2,6.6,20.7,0.2,DFLT,http://www.moonarea.net,65.0,67.8,50.0,85.0,91.2,,
103026343,8254,Moon Area Upper MS,Moon Area School District,regular,"904 Beaver Grade Road, Moon Township 15108",40.512508,-80.21538,"7, 8",621.0,No,27.1,6.0,16.1,0.5,DFLT,http://www.moonarea.net,69.4,55.9,75.0,100.0,87.6,,
103026343,4951,Moon SHS,Moon Area School District,regular,"8353 University Blvd, Moon Township 15108",40.5129852160001,-80.217890994,"9, 10, 11, 12",1211.0,No,28.6,6.1,17.1,0.7,TSI,http://www.moonarea.net,74.0,64.4,100.0,56.0,79.6,,93.5
103021453,68,Moore Sch,Brentwood Borough School District,regular,"3809 Dalewood St, Pittsburgh 15227",40.368968,-79.974493,"K5F, 1, 2, 3, 4, 5",236.0,Yes,64.8,23.3,18.2,1.3,DFLT,http://www.bb-sd.com,40.4,50.0,53.0,50.0,84.9,50.0,
103026402,254,Mt Lebanon SHS,Mt Lebanon School District,regular,"155 Cochran Rd, Pittsburgh 15228",40.376365,-80.05056,"9, 10, 11, 12",1772.0,No,16.0,2.8,12.9,0.0,DFLT,http://www.mtlsd.org,93.2,80.7,100.0,100.0,84.7,,97.4
103023153,142,Mt Vernon El Sch,Elizabeth Forward School District,regular,"2400 Greenock Buena Vista Road, McKeesport 15135",40.2921509720001,-79.8121657039999,"3, 4, 5",194.0,No,41.2,0.0,26.8,1.0,DFLT,http://www.efsd.net,57.3,60.0,100.0,73.0,86.8,56.3,
103025002,204,Myrtle Ave Sch,Keystone Oaks School District,regular,"3724 Myrtle Ave, Pittsburgh 15234",40.3676849080001,-80.024233621,"K5F, 1, 2, 3, 4, 5",312.0,No,61.2,11.2,16.4,0.0,DFLT,http://www.kosd.org,54.8,57.9,89.0,100.0,90.5,50.0,
103021252,7327,Neil Armstrong 5-6 MS,Bethel Park School District,regular,"5800 Murray Ave, Bethel Park 15102",40.304983,-80.022831,"5, 6",597.0,No,28.6,2.7,21.3,0.0,DFLT,http://www.bpsd.org,65.9,63.5,50.0,83.0,87.1,,
103026852,8305,North Allegheny HS,North Allegheny School District,regular,"10375 Perry Hwy, Wexford 15090",40.605087,-80.05104,"9, 10, 11, 12",2711.0,No,9.1,1.4,12.1,0.0,DFLT,http://www.northallegheny.org,87.6,66.3,100.0,78.0,86.6,,97.5
103026902,6106,North Hills MS,North Hills School District,regular,"55 Rochester Rd, Pittsburgh 15229",40.523789,-80.029557,"6, 7, 8",1127.0,No,32.8,3.6,18.7,0.9,DFLT,http://www.nhsd.net,70.6,50.8,58.0,66.0,89.3,,
103026902,7101,North Hills SHS,North Hills School District,regular,"53 Rochester Rd, Pittsburgh 15229",40.523901,-80.029783,"9, 10, 11, 12",1444.0,No,33.5,3.0,20.4,1.0,DFLT,http://www.nhsd.net,73.1,45.1,100.0,78.0,80.8,,95.6
103026873,53,Northgate MSHS,Northgate School District,regular,"589 Union Ave, Pittsburgh 15202",40.5063211290001,-80.056571913,"7, 8, 9, 10, 11, 12",476.0,No,48.7,2.9,22.5,1.7,ATSI,http://www.northgatesd.net,47.1,24.0,76.0,72.0,72.9,,86.4
103027503,427,O'Block El Sch,Plum Borough School District,regular,"201 Center New Texas Rd, Pittsburgh 15239",40.482439,-79.757612,"K5H, 1, 2, 3, 4",512.0,Yes,39.3,3.1,15.8,1.0,DFLT,http://www.pbsd.net,53.2,59.8,73.0,74.0,85.6,47.7,
103023912,461,OHara El Sch,Fox Chapel Area School District,regular,"115 Cabin Lane, Pittsburgh 15238",40.51687,-79.864023,"K5F, 1, 2, 3, 4, 5",726.0,No,12.0,2.3,14.5,0.4,DFLT,http://www.fcasd.edu/ohara,85.9,87.8,100.0,100.0,94.0,89.7,
103027753,6852,Osborne El Sch,Quaker Valley School District,regular,"1414 Beaver St, Sewickley 15143",40.530556,-80.16858883,"K5F, 1, 2, 3, 4, 5",397.0,No,26.5,1.5,12.3,0.3,DFLT,http://www.qvsd.org,72.2,78.6,87.0,70.0,95.1,63.1,
103028833,259,Park El Sch,Steel Valley School District,regular,"4100 Main St, Munhall 15120",40.3820657470001,-79.9060587239999,"K5F, 1, 2, 3, 4",340.0,No,40.0,0.9,26.2,0.6,DFLT,http://www.Steelvalleysd.org,55.1,63.0,60.0,61.0,77.1,55.7,
103027307,5274,Parkway West CTC,Parkway West CTC,occctc,"7101 Steubenville Pike, Oakdale 15071",40.443603,-80.176962,"9, 10, 11, 12",1361.0,No,57.9,2.2,34.5,1.9,DFLT,http://www.parkwaywest.org,,,,,52.8,,
102023217,8308,Passport Academy CS,Hill House Passport Academy Charter School,charter,"933 Penn Avenue, Pittsburgh 15222",40.442883,-79.982713,"9, 10, 11, 12",146.0,No,80.1,0.0,27.4,4.1,CSI,http://hhpa.k12.com/,0.0,0.0,,,17.2,,67.1
103026852,269,Peebles El Sch,North Allegheny School District,regular,"8625 Peebles Rd, Pittsburgh 15237",40.565266095,-80.010399408,"K5H, 1, 2, 3, 4, 5",400.0,No,12.0,3.3,16.3,0.0,DFLT,http://www.northallegheny.org,82.3,75.3,100.0,73.0,98.0,81.4,
103022481,8160,Penn Hills CS of Entrepreneurship,Penn Hills Charter School of Entrepreneurship,charter,"2501 Main Street, Pittsburgh 15235",40.470677,-79.789144,"K5F, 1, 2, 3, 4, 5, 6, 7, 8",527.0,Yes,59.2,0.0,16.5,0.4,DFLT,http://phcharter.org,43.8,29.5,96.0,58.0,95.0,34.8,
103027352,8327,Penn Hills El Sch,Penn Hills School District,regular,"1079 Jefferson Rd, Pittsburgh 15235",40.449087,-79.808814,"K5F, 1, 2, 3, 4, 5",1232.0,Yes,68.3,2.6,26.1,3.3,DFLT,http://www.phsd.org,27.8,24.9,54.0,53.0,67.7,23.3,
103027352,309,Penn Hills SHS,Penn Hills School District,regular,"309 Collins Drive, Pittsburgh 15235",40.467595488,-79.817326413,"9, 10, 11, 12",1049.0,No,58.5,1.8,24.5,2.7,ATSI,http://www.phsd.org,43.9,12.7,95.0,92.0,56.3,,83.4
103021003,315,Pine-Richland HS,Pine-Richland School District,regular,"700 Warrendale Rd, Gibsonia 15044",40.6592740240001,-80.017027076,"9, 10, 11, 12",1449.0,No,11.5,0.4,12.6,0.6,DFLT,http://www.pinerichland.org,89.7,80.4,100.0,82.0,95.2,,97.9
103021003,314,Pine-Richland MS,Pine-Richland School District,regular,"100 Logan Rd, Gibsonia 15044",40.6565351560001,-80.0141341469999,"7, 8",703.0,No,9.4,0.3,16.5,0.9,DFLT,http://www.pinerichland.org,76.8,58.0,100.0,100.0,97.7,,
102027451,409,Pittsburgh Allderdice HS,Pittsburgh School District,regular,"2409 Shady Ave, Pittsburgh 15217",40.429867,-79.920349,"9, 10, 11, 12",1386.0,Yes,41.5,10.5,12.1,4.0,ATSI,http://www.pghschools.org/,62.5,46.2,57.0,50.0,71.4,,89.8
102027451,7616,Pittsburgh Allegheny 6-8,Pittsburgh School District,regular,"810 Arch Street, Pittsburgh 15212",40.45518,-80.008588,"6, 7, 8",179.0,Yes,79.3,1.1,22.9,7.8,DFLT,http://www.pghschools.org/,23.5,10.1,52.0,61.0,76.7,,
102027451,7615,Pittsburgh Allegheny K-5,Pittsburgh School District,regular,"810 Arch Street, Pittsburgh 15212",40.455159,-80.008555,"PreKF, K5F, 1, 2, 3, 4, 5",572.0,Yes,63.1,1.6,17.1,3.0,DFLT,http://www.pghschools.org/,59.5,54.9,50.0,50.0,82.5,75.0,
102027451,7878,Pittsburgh Arlington K-8,Pittsburgh School District,regular,"800 Rectenwald Street, Pittsburgh 15210",40.41554,-79.972059,"PreKF, K5F, 1, 2, 3, 4, 5, 6, 7, 8",385.0,Yes,84.2,2.6,29.9,11.2,ATSI,http://www.pghschools.org/,10.3,2.6,50.0,61.0,46.4,6.1,
102027451,7886,Pittsburgh Arsenal 6-8,Pittsburgh School District,regular,"220 40th Street, Pittsburgh 15201",40.468336,-79.961916,"PreKF, 6, 7, 8",148.0,Yes,72.3,44.6,30.4,9.5,ATSI,http://www.pghschools.org/,26.0,8.9,78.0,70.0,74.7,,
102027451,7889,Pittsburgh Arsenal K-5,Pittsburgh School District,regular,"215 39th St, Pittsburgh 15201",40.467398,-79.963406,"PreKF, K5H, K5F, 1, 2, 3, 4, 5",331.0,Yes,74.9,43.2,16.3,5.1,DFLT,http://www.pghschools.org/,21.4,33.9,73.0,90.0,74.2,26.3,
102027451,7501,Pittsburgh Banksville K-5,Pittsburgh School District,regular,"1001 Carnahan Rd, Pittsburgh 15216",40.407167,-80.036326,"K5F, 1, 2, 3, 4, 5",322.0,Yes,60.3,68.9,12.1,3.1,DFLT,http://www.pghschools.org/,28.3,36.2,50.0,74.0,86.4,37.5,
102027451,6019,Pittsburgh Beechwood K-5,Pittsburgh School District,regular,"810 Rockland Ave, Pittsburgh 15216",40.4145471080001,-80.0207216059999,"PreKF, K5F, 1, 2, 3, 4, 5",360.0,Yes,63.6,40.8,18.6,5.0,DFLT,http://www.pghschools.org/,36.2,34.8,100.0,77.0,89.0,29.2,
102027451,6915,Pittsburgh Brashear HS,Pittsburgh School District,regular,"590 Crane Ave, Pittsburgh 15216",40.417099,-80.020441,"9, 10, 11, 12",897.0,Yes,67.1,28.7,23.6,5.1,ACSI,http://www.pghschools.org/,32.4,18.1,50.0,51.0,49.8,,87.7
102027451,7868,Pittsburgh Brookline K-8,Pittsburgh School District,regular,"500 Woodbourne Ave, Pittsburgh 15226",40.394877,-80.02496,"PreKF, K5F, 1, 2, 3, 4, 5, 6, 7, 8",384.0,Yes,55.0,1.8,24.0,4.4,DFLT,http://www.pghschools.org/,42.7,29.9,54.0,70.0,72.4,46.2,
102027451,8106,Pittsburgh CAPA 6-12,Pittsburgh School District,regular,"111 9th St, Pittsburgh 15222",40.444738,-79.998741,"6, 7, 8, 9, 10, 11, 12",840.0,Yes,26.7,0.2,8.8,1.4,DFLT,http://www.pghschools.org/,86.5,60.7,100.0,66.0,85.5,,98.3
102027451,326,Pittsburgh Carmalt K-8,Pittsburgh School District,regular,"1550 Breining St, Pittsburgh 15226",40.388984,-80.00764,"PreKF, K5F, 1, 2, 3, 4, 5, 6, 7, 8",547.0,Yes,61.4,1.7,25.8,2.6,DFLT,http://www.pghschools.org/,45.7,31.6,73.0,68.0,80.2,62.5,
102027451,412,Pittsburgh Carrick HS,Pittsburgh School District,regular,"125 Parkfield St, Pittsburgh 15210",40.391195,-79.988494,"9, 10, 11, 12",515.0,Yes,75.9,1.2,27.8,3.9,ATSI,http://www.pghschools.org/,48.2,28.0,50.0,78.0,45.4,,78.2
102027451,7913,Pittsburgh Chartiers Early Childhood Ctr,Pittsburgh School District,regular,"3799 Chartiers Ave, Pittsburgh 15204",40.458017,-80.075522,PreKF,141.0,No,78.7,0.0,0.0,2.1,DFLT,http://www.pghschools.org/,,,,,,,
102027451,7692,Pittsburgh Classical 6-8,Pittsburgh School District,regular,"1463 Chartiers Ave, Pittsburgh 15220",40.451091,-80.048933,"PreKF, 6, 7, 8",245.0,Yes,78.8,14.3,27.8,4.1,DFLT,http://www.pghschools.org/,39.7,11.7,93.0,50.0,76.9,,
102027451,6022,Pittsburgh Colfax K-8,Pittsburgh School District,regular,"2332 Beechwood Blvd, Pittsburgh 15217",40.433359,-79.91451,"K5F, 1, 2, 3, 4, 5, 6, 7, 8",789.0,Yes,29.0,11.8,15.5,2.4,DFLT,http://www.pghschools.org/,66.0,58.6,70.0,66.0,87.2,67.5,
102027451,330,Pittsburgh Concord K-5,Pittsburgh School District,regular,"2350 Brownsville Rd, Pittsburgh 15210",40.388139333,-79.9843779999999,"PreKF, K5F, 1, 2, 3, 4, 5",430.0,Yes,66.3,25.8,23.0,4.7,DFLT,http://www.pghschools.org/,49.7,35.6,76.0,52.0,85.1,68.8,
102027451,6811,Pittsburgh Conroy,Pittsburgh School District,specialed,"1398 Page St, Pittsburgh 15233",40.45135,-80.02543,"K5F, 1, 2, 3, 4, 5, 6, 7, 8, 9, 10, 11, 12",192.0,No,71.4,0.5,100.0,7.8,DFLT,http://www.pghschools.org/,,,,,65.4,,
102027451,6024,Pittsburgh Dilworth K-5,Pittsburgh School District,regular,"6200 Stanton Ave, Pittsburgh 15206",40.468743,-79.917828,"PreKF, K5F, 1, 2, 3, 4, 5",454.0,Yes,50.4,0.0,18.3,1.5,DFLT,http://www.pghschools.org/,56.1,52.0,97.0,68.0,90.7,50.7,
102027451,8204,Pittsburgh Faison K-5,Pittsburgh School District,regular,"7430 Tioga St, Pittsburgh 15208",40.452774,-79.893939,"PreKF, K5F, 1, 2, 3, 4, 5",480.0,Yes,87.5,0.2,17.1,10.4,ACSI,http://www.pghschools.org/,18.0,14.4,66.0,55.0,54.1,19.4,
102027451,6026,Pittsburgh Fulton K-5,Pittsburgh School District,regular,"5799 Hampton St, Pittsburgh 15206",40.474544,-79.921749,"PreKF, K5F, 1, 2, 3, 4, 5",267.0,Yes,69.7,2.6,27.7,7.1,TSI,http://www.pghschools.org/,43.6,42.7,84.0,72.0,75.6,52.5,
102027451,400,Pittsburgh Grandview K-5,Pittsburgh School District,regular,"845 McLain St, Pittsburgh 15210",40.424338,-79.992975,"K5F, 1, 2, 3, 4, 5",195.0,Yes,89.2,3.1,30.3,6.7,DFLT,http://www.pghschools.org/,20.5,9.6,75.0,58.0,49.5,16.7,
102027451,6028,Pittsburgh Greenfield K-8,Pittsburgh School District,regular,"1 Alger St, Pittsburgh 15207",40.426199,-79.943413,"PreKF, K5F, 1, 2, 3, 4, 5, 6, 7, 8",396.0,Yes,45.2,21.2,15.2,3.5,DFLT,http://www.pghschools.org/,59.7,49.1,73.0,50.0,85.1,70.6,
102027451,7880,Pittsburgh King K-8,Pittsburgh School District,regular,"50 Montgomery Place, Pittsburgh 15212",40.454983,-80.005393,"PreKF, K5F, 1, 2, 3, 4, 5, 6, 7, 8",369.0,Yes,84.3,3.8,19.2,3.5,ATSI,http://www.pghschools.org/,13.0,2.7,70.0,64.0,52.0,6.3,
102027451,8255,Pittsburgh Langley K-8,Pittsburgh School District,regular,"2940 Sheraden Boulevard, Pittsburgh 15204",40.454059,-80.053967,"PreKF, K5F, 1, 2, 3, 4, 5, 6, 7, 8",418.0,Yes,88.3,4.6,36.6,6.7,DFLT,http://www.pghschools.org/,16.2,9.1,60.0,70.0,51.0,17.0,
102027451,6042,Pittsburgh Liberty K-5,Pittsburgh School District,regular,"601 Filbert St, Pittsburgh 15232",40.453384,-79.933967,"K5F, 1, 2, 3, 4, 5",206.0,Yes,68.5,0.5,27.2,2.4,DFLT,http://www.pghschools.org/,29.6,36.1,78.0,94.0,73.8,29.2,
102027451,7870,Pittsburgh Lincoln K-5,Pittsburgh School District,regular,"328 Lincoln Avenue, Pittsburgh 15206",40.460472,-79.912556,"PreKF, K5F, 1, 2, 3, 4, 5",186.0,Yes,87.6,2.2,17.7,7.0,DFLT,http://www.pghschools.org/,37.9,13.6,96.0,54.0,67.5,25.0,
102027451,6044,Pittsburgh Linden K-5,Pittsburgh School District,regular,"725 S Linden Ave, Pittsburgh 15208",40.445844,-79.916397,"K5F, 1, 2, 3, 4, 5",92.0,Yes,75.0,1.1,17.4,5.4,DFLT,http://www.pghschools.org/,43.2,31.8,,,77.1,,
102027451,7871,Pittsburgh Manchester K-8,Pittsburgh School District,regular,"1612 Manhattan St, Pittsburgh 15233",40.45603,-80.026902,"PreKF, K5H, K5F, 1, 2, 3, 4, 5, 6, 7, 8",161.0,Yes,84.5,0.0,36.0,11.8,TSI,http://www.pghschools.org/,24.3,15.5,72.0,57.0,71.8,,
102027451,7881,Pittsburgh Mifflin K-8,Pittsburgh School District,regular,"1290 Mifflin Road, Pittsburgh 15207",40.369813,-79.913326,"PreKF, K5F, 1, 2, 3, 4, 5, 6, 7, 8",256.0,Yes,68.8,0.8,25.4,4.3,TSI,http://www.pghschools.org/,36.8,21.5,76.0,75.0,67.6,47.1,
102027451,8108,Pittsburgh Miller K-5,Pittsburgh School District,regular,"2055 Bedford Ave, Pittsburgh 15219",40.446794,-79.981897,"PreKH, PreKF, K4H, K4F, K5H, K5F, 1, 2, 3, 4, 5",218.0,Yes,89.0,0.0,21.1,9.2,DFLT,http://www.pghschools.org/,16.7,11.3,50.0,50.0,52.7,26.9,
102027451,8110,Pittsburgh Milliones 6-12,Pittsburgh School District,regular,"3117 Centre Ave, Pittsburgh 15219",40.448766,-79.961617,"6, 7, 8, 9, 10, 11, 12",281.0,Yes,83.3,0.4,31.0,14.2,CSI,http://www.pghschools.org/,15.8,4.2,50.0,57.0,40.6,,76.1
102027451,363,Pittsburgh Minadeo K-5,Pittsburgh School District,regular,"6502 Lilac St, Pittsburgh 15217",40.423224,-79.92336,"PreKF, K5F, 1, 2, 3, 4, 5",296.0,Yes,68.2,4.1,25.3,6.8,TSI,http://www.pghschools.org/,44.1,37.5,79.0,81.0,61.2,61.4,
102027451,351,Pittsburgh Montessori K-5,Pittsburgh School District,regular,"201 S Graham St, Pittsburgh 15206",40.462949,-79.936011,"PreKF, K5F, 1, 2, 3, 4, 5",332.0,Yes,22.3,0.0,13.0,0.3,DFLT,http://www.pghschools.org/,83.3,70.0,100.0,55.0,90.7,88.9,
102027451,365,Pittsburgh Morrow K-8,Pittsburgh School District,regular,"1611 Davis Ave, Pittsburgh 15212",40.480371,-80.039692,"PreKF, K5F, 1, 2, 3, 4, 5, 6, 7, 8",486.0,Yes,82.9,4.7,23.1,4.1,CSI,http://www.pghschools.org/,16.2,7.4,50.0,64.0,52.6,23.7,
102027451,8105,Pittsburgh Obama 6-12,Pittsburgh School District,regular,"515 N. Highland Avenue, Pittsburgh 15206",40.45734,-79.919563,"6, 7, 8, 9, 10, 11, 12",678.0,Yes,63.9,2.5,22.3,3.2,ACSI,http://www.pghschools.org/,39.5,17.0,70.0,50.0,67.6,,97.3
102027451,6047,Pittsburgh Oliver,Pittsburgh School District,specialed,"2323 Brighton Rd, Pittsburgh 15212",40.464835,-80.024125,"3, 4, 5, 6, 7, 8, 9, 10, 11, 12",48.0,No,0.0,0.0,95.8,20.8,ATSI,http://www.pps.k12.pa.us/mcnaugher/site/default.asp,0.0,0.0,,,9.3,,
102027451,8300,Pittsburgh Online Academy,Pittsburgh School District,regular,"341 S. Bellefield Avenue, Pittsburgh 15213",40.445105,-79.951207,"4, 5, 6, 7, 8, 9, 10, 11, 12",77.0,No,64.9,0.0,20.8,5.2,DFLT,http://www.pghschools.org/,40.0,10.0,,55.0,81.0,,
102027451,416,Pittsburgh Perry HS,Pittsburgh School District,regular,"3875 Perrysville Ave, Pittsburgh 15214",40.488986,-80.017907,"9, 10, 11, 12",430.0,Yes,80.9,8.1,30.2,8.4,CSI,http://www.pghschools.org/,24.1,11.2,50.0,62.0,34.8,,84.2
102027451,395,Pittsburgh Phillips K-5,Pittsburgh School District,regular,"1901 Sarah St, Pittsburgh 15203",40.427867,-79.979214,"K5F, 1, 2, 3, 4, 5",233.0,Yes,55.4,2.6,24.5,3.4,DFLT,http://www.pghschools.org/,39.2,41.8,62.0,66.0,79.2,39.4,
102027451,6664,Pittsburgh Pioneer,Pittsburgh School District,specialed,"775 Dunster St, Pittsburgh 15226",40.402347,-80.010158,"K5F, 1, 2, 3, 4, 5, 6, 7, 8, 9, 10, 11, 12",58.0,No,63.8,6.9,98.3,3.5,DFLT,http://www.pghschools.org/,,,,,38.1,,
102027451,7742,Pittsburgh Roosevelt K -5,Pittsburgh School District,regular,"17 W Cherryhill Street, Pittsburgh 15210",40.39795,-79.989075,"PreKF, K5F, 1, 2, 3, 4, 5",278.0,Yes,82.0,4.7,20.5,4.7,ACSI,http://www.pghschools.org/,30.0,31.0,75.0,62.0,53.4,53.6,
102027451,379,Pittsburgh Schiller 6-8,Pittsburgh School District,regular,"1018 Peralta St, Pittsburgh 15212",40.456277,-79.99289,"6, 7, 8",260.0,Yes,58.1,6.5,19.6,2.7,DFLT,http://www.pghschools.org/,44.6,28.1,90.0,77.0,88.8,,
102027451,8107,Pittsburgh Science and Technology Academy 6-12,Pittsburgh School District,regular,"107 Thackeray St, Pittsburgh 15213",40.443216,-79.956749,"PreKF, 6, 7, 8, 9, 10, 11, 12",618.0,Yes,39.2,1.3,10.7,1.3,DFLT,http://www.pghschools.org/,68.1,55.2,50.0,77.0,85.0,,100.0
102027451,7693,Pittsburgh South Brook 6-8,Pittsburgh School District,regular,"779 Dunster St, Pittsburgh 15226",40.402344,-80.010059,"6, 7, 8",242.0,Yes,74.0,2.9,28.5,3.7,DFLT,http://www.pghschools.org/,36.1,13.1,66.0,50.0,55.8,,
102027451,7888,Pittsburgh South Hills 6-8,Pittsburgh School District,regular,"595 Crane Avenue, Pittsburgh 15216",40.416978,-80.020482,"6, 7, 8",387.0,Yes,69.0,39.8,26.1,5.9,TSI,http://www.pghschools.org/,18.7,6.7,50.0,50.0,59.9,,
102027451,7916,Pittsburgh Spring Garden Early Childhood Ctr,Pittsburgh School District,regular,"1501 Spring Garden Ave, Pittsburgh 15212",40.464057,-79.985883,PreKF,52.0,No,84.6,0.0,0.0,0.0,DFLT,http://www.pghschools.org/,,,,,,,
102027451,7362,Pittsburgh Spring Hill K-5,Pittsburgh School District,regular,"1351 Damas St, Pittsburgh 15212",40.465486,-79.989496,"PreKF, K5F, 1, 2, 3, 4, 5",126.0,Yes,85.7,1.6,23.0,7.9,DFLT,http://www.pghschools.org/,24.5,24.5,66.0,50.0,64.5,,
102027451,7039,Pittsburgh Sterrett 6-8,Pittsburgh School District,regular,"7100 Reynolds St, Pittsburgh 15208",40.447208,-79.905647,"6, 7, 8",183.0,Yes,68.3,0.0,26.8,8.7,DFLT,http://www.pghschools.org/,35.6,14.0,74.0,67.0,78.3,,
102027451,7884,Pittsburgh Sunnyside K-8,Pittsburgh School District,regular,"4801 Stanton Avenue, Pittsburgh 15201",40.480649,-79.934795,"PreKF, K5F, 1, 2, 3, 4, 5, 6, 7, 8",248.0,Yes,63.7,6.5,22.2,2.0,DFLT,http://www.pghschools.org/,33.3,19.5,57.0,50.0,72.7,46.2,
102027451,7876,Pittsburgh Weil K-5,Pittsburgh School District,regular,"2250 Centre Ave, Pittsburgh 15219",40.445163,-79.975089,"PreKF, K5F, 1, 2, 3, 4, 5",178.0,Yes,90.5,0.0,24.7,19.1,DFLT,http://www.pghschools.org/,24.6,30.8,59.0,66.0,69.1,31.8,
102027451,7694,Pittsburgh West Liberty K-5,Pittsburgh School District,regular,"785 Dunster St, Pittsburgh 15226",40.40234,-80.009911,"K5F, 1, 2, 3, 4, 5",168.0,Yes,65.5,8.9,29.2,2.4,TSI,http://www.pps.k12.pa.us/westliberty/site/default.asp,23.4,20.3,72.0,58.0,68.4,21.1,
102027451,7877,Pittsburgh Westwood K-5,Pittsburgh School District,regular,"508 Shadyhill Road, Pittsburgh 15205",40.431804921,-80.05108419,"K5F, 1, 2, 3, 4, 5",278.0,Yes,72.3,15.1,17.3,4.7,DFLT,http://www.pps.k12.pa.us/westwood/site/default.asp,52.6,30.6,98.0,50.0,76.1,40.0,
102027451,7885,Pittsburgh Whittier K-5,Pittsburgh School District,regular,"150 Meridan St, Pittsburgh 15211",40.436276,-80.018398,"K5F, 1, 2, 3, 4, 5",139.0,Yes,61.2,3.6,24.5,5.0,DFLT,http://www.pps.k12.pa.us/whittier/site/default.asp,48.2,46.4,74.0,50.0,80.1,,
102027451,7502,Pittsburgh Woolslair K-5,Pittsburgh School District,regular,"501 40th St, Pittsburgh 15224",40.463251,-79.957335,"K5F, 1, 2, 3, 4, 5",208.0,Yes,68.8,4.3,19.2,6.3,DFLT,http://www.pps.k12.pa.us/woolslair/site/default.asp,44.2,32.7,77.0,50.0,77.5,41.0,
103027503,7193,Pivik El Sch,Plum Borough School District,regular,"151 School Rd, Plum 15239",40.493901,-79.750594,"K5H, 1, 2, 3, 4",740.0,No,32.6,0.0,11.8,1.0,DFLT,http://www.pbsd.net,59.2,67.8,50.0,72.0,87.4,61.1,
103029553,4867,Pleasant Hills MS,West Jefferson Hills School District,regular,"404 Old Clairton Road, Pittsburgh 15236",40.330170751,-79.962049022,"6, 7, 8",813.0,No,24.5,5.5,8.5,0.5,DFLT,http://www.wjhsd.net,74.0,58.0,100.0,100.0,96.9,,
103027503,5105,Plum MS,Plum Borough School District,regular,"440 Presque Isle Dr, Pittsburgh 15239",40.47264,-79.712809,"7, 8",550.0,No,32.0,1.1,15.3,0.0,DFLT,http://www.pbsd.net,54.0,39.6,56.0,50.0,85.7,,
103027503,435,Plum SHS,Plum Borough School District,regular,"900 Elicker Rd, Plum 15239",40.508195,-79.774018,"9, 10, 11, 12",1220.0,No,32.2,0.7,14.8,0.7,TSI,http://www.pbsd.net,65.6,43.0,77.0,50.0,78.2,,94.6
103024603,178,Poff El Sch,Hampton Township School District,regular,"2990 Haberlein Rd, Gibsonia 15044",40.608173,-79.939118,"K5H, 1, 2, 3, 4, 5",282.0,No,12.4,1.1,13.5,0.0,DFLT,http://www.ht-sd.org,89.3,94.0,100.0,100.0,93.7,88.7,
160028259,8129,Propel CS-Braddock Hills,Propel CS-Braddock Hills,charter,"1500 Yost Blvd, Pittsburgh 15221",40.4149947720001,-79.853058375,"K5F, 1, 2, 3, 4, 5, 6, 7, 8, 9, 10, 11, 12",674.0,Yes,80.4,0.9,20.8,4.2,ACSI,Not Available,20.2,8.3,71.0,69.0,57.8,21.2,89.6
103020005,7848,Propel CS-East,Propel CS-East,charter,"1611 Monroeville Ave, Turtle Creek 15145",40.409397018,-79.815419062,"K5F, 1, 2, 3, 4, 5, 6, 7, 8",339.0,Yes,68.4,0.0,15.0,3.5,DFLT,https://www.propelschools.org/,34.9,19.2,100.0,66.0,66.9,27.0,
103024952,8306,Propel CS-Hazelwood,Propel CS - Hazelwood,charter,"5401 Glenwood Avenue, Pittsburgh 15207",40.40421842684,-79.9389257889932,"K5F, 1, 2, 3, 4, 5, 6, 7, 8",230.0,Yes,84.4,0.9,20.4,7.8,ATSI,https://www.propelschools.org/,5.2,4.4,63.0,68.0,49.1,3.7,
103020002,7772,Propel CS-Homestead,Propel CS-Homestead,charter,"129 E 10th Ave, Homestead 15120",40.4053462360001,-79.910419608,"K5F, 1, 2, 3, 4, 5, 6, 7, 8, 9, 10, 11, 12",476.0,Yes,78.2,0.0,18.7,5.7,CSI,https://www.propelschools.org/,23.8,12.6,100.0,94.0,53.3,17.1,90.2
103020003,7831,Propel CS-McKeesport,Propel CS-McKeesport,charter,"2412 Versailles Avenue, McKeesport 15132",40.345435836,-79.8481110289999,"K5F, 1, 2, 3, 4, 5, 6, 7, 8",302.0,Yes,81.8,3.6,16.9,3.0,DFLT,https://www.propelschools.org/,30.0,20.5,78.0,68.0,65.5,52.6,
103020004,7832,Propel CS-Montour,Propel CS-Montour,charter,"340 Bilmar Drive, Pittsburgh 15205",40.453717,-80.106204,"K5F, 1, 2, 3, 4, 5, 6, 7, 8, 9, 10, 11, 12",795.0,Yes,72.0,2.0,14.5,3.9,DFLT,https://www.propelschools.org/,25.4,14.5,100.0,74.0,68.9,20.0,94.1
103028192,8193,Propel CS-Northside,Propel CS-Northside ,charter,"1805 Buena Vista Street, Pittsburgh 15212",40.459814,-80.015549,"K5F, 1, 2, 3, 4, 5, 6, 7, 8",316.0,Yes,87.7,1.9,16.1,4.4,DFLT,https://www.propelschools.org/,21.2,3.5,98.0,73.0,59.2,28.2,
103024162,8218,Propel CS-Pitcairn,Propel CS-Pitcairn,charter,"435 Agatha Street, Pittsburgh 15140",40.404183,-79.779916,"K5F, 1, 2, 3, 4, 5, 6, 7, 8",182.0,Yes,83.0,0.0,22.5,4.4,DFLT,https://www.propelschools.org/,21.4,11.2,70.0,58.0,69.3,21.4,
102027560,8362,Provident CS,Provident CS,charter,"1400 Troy Hill Road, Pittsburgh 15212",40.460937347,-79.985121635,"2, 3, 4, 5, 6, 7, 8",306.0,Yes,53.6,0.3,70.3,4.3,DFLT,http://www.providentcharterschool.org/,12.4,11.6,50.0,69.0,77.5,16.3,
103027753,448,Quaker Valley HS,Quaker Valley School District,regular,"625 Beaver St, Leetsdale 15056",40.5610539950001,-80.2033479899999,"9, 10, 11, 12",550.0,No,24.6,1.8,19.1,0.9,DFLT,http://www.qvsd.org,82.9,77.0,100.0,100.0,89.7,,97.4
103027753,447,Quaker Valley MS,Quaker Valley School District,regular,"618 Harbaugh Street, Sewickley 15143",40.536002178,-80.180618167,"6, 7, 8",425.0,No,24.7,1.7,17.2,0.7,DFLT,http://www.qvsd.org,74.6,63.1,77.0,100.0,94.5,,
103021102,8531,R.A. Lutz El Sch,Baldwin-Whitehall School District,regular,"3454 Pleasantvue Dr, Pittsburgh 15227",40.3820545729612,-79.9510854027683,"3, 4, 5",1060.0,Yes,55.1,10.9,17.2,1.0,TSI,http://www.bwschools.net,38.0,53.9,50.0,74.0,,37.8,
103024102,5191,Ramsey El Sch,Gateway School District,regular,"2200 Ramsey Rd, Monroeville 15146",40.407831,-79.748775,"K5F, 1, 2, 3, 4",335.0,Yes,51.3,4.5,19.4,1.2,DFLT,http://www.gatewayk12.org,47.6,53.2,71.0,63.0,77.7,44.8,
103028302,4843,Reserve Primary Sch,Shaler Area School District,regular,"2107 Lonsdale St, Pittsburgh 15212",40.474686,-79.981942,"K5F, 1, 2, 3",111.0,No,55.9,0.0,23.4,4.5,DFLT,http://www.sasd.k12.pa.us/reserveprimaryschool_home.aspx,69.6,78.3,,,87.6,69.6,
103026343,8370,Richard J. Hyde El Sch,Moon Area School District,regular,"110 Wallridge Dr, Moon Township 15108",40.5236360440001,-80.1971651599999,"K5F, 1, 2, 3, 4",237.0,No,36.7,33.8,13.9,0.4,DFLT,http://www.moonarea.net,51.1,65.6,91.0,100.0,88.3,46.7,
103021003,7997,Richland El Sch,Pine-Richland School District,regular,"3811 Bakerstown Road, Gibsonia 15044",40.657654,-79.960265,"K5H, 1, 2, 3",470.0,No,7.0,0.0,15.7,0.0,DFLT,http://www.pinerichland.org,68.8,88.1,,,99.6,68.8,
103028203,6928,Riverview JSHS,Riverview School District,regular,"100 Hulton Rd, Oakmont 15139",40.526319,-79.844282,"7, 8, 9, 10, 11, 12",441.0,No,34.9,1.8,17.7,0.2,DFLT,http://www.rsd.k12.pa.us,67.8,48.0,100.0,77.0,72.8,,88.7
103026902,291,Ross El Sch,North Hills School District,regular,"90 Houston Rd, Pittsburgh 15237",40.526359,-80.002672,"K5F, 1, 2, 3, 4, 5",498.0,No,24.5,0.8,21.5,1.0,DFLT,http://www.nhsd.net,76.1,76.9,87.0,100.0,91.7,72.1,
103028302,458,Scott Primary Sch,Shaler Area School District,regular,"705 Scott Ave, Glenshaw 15116",40.548014,-79.943573,"K5F, 1, 2, 3",394.0,No,25.4,6.6,15.2,1.8,DFLT,http://www.sasd.k12.pa.us/scottprimaryschool_home.aspx,73.3,87.8,,,94.7,73.3,
103028302,8001,Shaler Area El Sch,Shaler Area School District,regular,"705 Scott Avenue, Glenshaw 15116",40.53887,-79.982349,"4, 5, 6",870.0,No,34.1,1.7,22.9,2.9,DFLT,http://www.sasd.k12.pa.us/shalerareaelementaryschool_home.aspx,58.4,51.3,50.0,50.0,89.9,,
103028302,460,Shaler Area HS,Shaler Area School District,regular,"381 Wible Run Rd, Pittsburgh 15209",40.516723,-79.972204,"9, 10, 11, 12",1160.0,No,38.0,1.6,19.0,2.6,DFLT,http://www.sasd.k12.pa.us/shalerareahighschool_home.aspx,72.9,56.9,81.0,50.0,83.3,,96.9
103028302,8002,Shaler Area MS,Shaler Area School District,regular,"1810 Mt Royal Blvd, Glenshaw 15116",40.527225,-79.963878,"7, 8",589.0,No,37.7,1.5,20.4,2.6,DFLT,http://www.sasd.k12.pa.us/shalerareamiddleschool_home.aspx,54.5,33.9,67.0,100.0,83.1,,
103028653,7751,South Allegheny El Sch,South Allegheny School District,regular,"1707 Washington Boulevard, Port Vue 15133",40.3303360570001,-79.878036013,"K5F, 1, 2, 3, 4, 5",635.0,Yes,64.1,2.7,22.2,4.4,DFLT,http://www.southallegheny.org/,32.8,34.5,50.0,50.0,73.7,50.5,
103028653,8459,South Allegheny HS,South Allegheny School District,regular,"2743 Washington Blvd, McKeesport 15133",40.322159,-79.870979,"9, 10, 11, 12",478.0,No,66.1,1.3,27.8,4.4,TSI,http://www.southallegheny.org/,33.7,16.0,50.0,61.0,67.4,,88.4
103028653,8460,South Allegheny MS,South Allegheny School District,regular,"2743 Washington Blvd, McKeesport 15133",40.322159,-79.870979,"6, 7, 8",322.0,No,67.1,0.6,25.8,5.0,DFLT,http://www.southallegheny.org/,35.3,15.9,60.0,50.0,68.8,,
103028703,8263,South Fayette Intermediate Sch,South Fayette Township School District,regular,"1200 Lt Will Way, McDonald 15057",40.3756480220001,-80.1702592509999,"3, 4, 5",803.0,No,16.4,5.9,13.5,1.4,DFLT,http://www.southfayette.org,82.6,83.0,100.0,100.0,92.8,81.9,
103028703,7490,South Fayette MS,South Fayette Township School District,regular,"3700 Old Oakdale Rd, McDonald 15057",40.377637045,-80.171141688,"6, 7, 8",859.0,No,14.3,3.5,10.0,0.8,DFLT,http://www.southfayette.org,83.3,69.2,100.0,100.0,90.6,,
103028703,468,South Fayette Twp El Sch,South Fayette Township School District,regular,"3620 Old Oakdale Rd, McDonald 15057",40.3758592240001,-80.170533338,"K5H, K5F, 1, 2",717.0,No,15.2,4.9,12.7,0.3,DFLT,http://www.southfayette.org,,,,,94.8,,
103028703,470,South Fayette Twp HS,South Fayette Township School District,regular,"3640 Old Oakdale Rd, McDonald 15057",40.375192102,-80.167115537,"9, 10, 11, 12",1143.0,No,15.2,2.6,10.4,0.4,TSI,http://www.southfayette.org,86.0,74.1,100.0,72.0,75.9,,97.5
103028753,7682,South Park Elem Center,South Park School District,regular,"2001 Eagle Pride Lane, South Park 15129",40.301611,-79.992345,"K5F, 1, 2, 3, 4",731.0,Yes,41.7,5.1,18.9,0.1,DFLT,http://spec.sparksd.org/,57.0,56.8,70.0,63.0,89.2,62.1,
103028753,6906,South Park MS,South Park School District,regular,"2500 Stewart Rd, South Park 15129",40.29579,-80.012145,"5, 6, 7, 8",580.0,No,39.1,2.9,16.4,0.0,DFLT,http://spms.sparksd.org,48.0,39.3,50.0,70.0,83.5,,
103028753,467,South Park SHS,South Park School District,regular,"2005 Eagle Ridge Dr, South Park 15129",40.301185,-79.992983,"9, 10, 11, 12",553.0,No,34.0,2.0,15.4,0.5,DFLT,http://sphs.sparksd.org,66.9,71.5,62.0,100.0,81.7,,97.1
103023410,7648,Spectrum CS,Spectrum CS,charter,"4369 Northern Pike, Monroeville 15146",40.434284,-79.746833,"7, 8, 9, 10, 11, 12",60.0,No,41.7,0.0,100.0,0.0,DFLT,http://www.Spectrumcsi.org,,,,,72.5,,
103020603,29,Springdale JSHS,Allegheny Valley School District,regular,"501 Butler Rd, Springdale 15144",40.5475,-79.780543,"7, 8, 9, 10, 11, 12",421.0,No,51.3,1.2,21.9,0.5,DFLT,http://www.avsdweb.org/,52.7,28.4,50.0,53.0,66.7,,90.0
103028807,6113,Steel Center for Career and Technical Education,Steel Center for Career and Technical Education,occctc,"565 N. Lewis Run Road, Jefferson Hills 15025",40.323255,-79.940358,"9, 10, 11, 12",897.0,No,46.6,2.6,27.7,0.9,DFLT,http://www.steelcentertech.com,,,,,64.9,,
103028833,260,Steel Valley MS,Steel Valley School District,regular,"3114 Main St, Munhall 15120",40.3886289230001,-79.897903174,"5, 6, 7, 8",429.0,No,54.3,4.0,25.9,0.5,DFLT,http://www.Steelvalleysd.org,32.0,17.0,50.0,50.0,66.5,,
103028833,196,Steel Valley SHS,Steel Valley School District,regular,"3113 Main St, Munhall 15120",40.3885096720001,-79.897940235,"9, 10, 11, 12",428.0,No,55.1,3.3,25.2,0.7,DFLT,http://www.Steelvalleysd.org,40.2,28.0,50.0,53.0,58.8,,89.3
103028853,477,Sto-Rox JSHS,Sto-Rox School District,regular,"1105 Valley St, McKees Rocks 15136",40.4703051330001,-80.0744809889999,"7, 8, 9, 10, 11, 12",422.0,Yes,94.8,1.2,32.7,12.3,ACSI,http://www.srsd.k12.pa.us,17.0,4.8,50.0,86.0,40.8,,77.8
103028853,7505,Sto-Rox Primary Ctr,Sto-Rox School District,regular,"300 Ewing Rd, McKees Rocks 15136",40.492102636,-80.095515027,"K5F, 1, 2, 3",317.0,Yes,100.0,2.2,18.6,31.2,CSI,http://www.srsd.k12.pa.us,17.8,16.4,,,44.4,17.8,
103028853,8377,Sto-Rox Upper El Sch,Sto-Rox School District,regular,"298 Ewing Rd, McKees Rocks 15136",40.4898025100001,-80.094552671,"4, 5, 6",193.0,Yes,100.0,5.2,24.4,20.2,DFLT,http://www.srsd.k12.pa.us,12.6,2.3,55.0,50.0,55.3,,
103029203,4859,Streams El Sch,Upper Saint Clair School District,regular,"1560 Ashlawn Dr, Pittsburgh 15241",40.322392947,-80.09377898,"K5H, 1, 2, 3, 4",468.0,No,10.7,5.3,16.2,0.0,DFLT,http://www.uscsd.k12.pa.us,85.5,86.1,95.0,100.0,90.5,88.5,
103028203,295,Tenth Street El Sch,Riverview School District,regular,"901 Pennsylvania Ave, Oakmont 15139",40.520746,-79.833411,"K5F, 1, 2, 3, 4, 5, 6",393.0,No,18.8,1.0,17.1,0.0,DFLT,http://www.rsd.k12.pa.us,73.2,71.1,78.0,73.0,85.2,70.4,
102020003,7846,The New Academy CS,The New Academy CS,charter,"2500 Jonquil Way, Pittsburgh 15203",40.4003312200001,-79.9663509279999,"8, 9, 10, 11, 12",80.0,Yes,78.8,0.0,47.5,8.8,CSI,Not Available,5.0,0.0,,,25.4,,
103029553,523,Thomas Jefferson HS,West Jefferson Hills School District,regular,"830 Old Clairton Rd, Jefferson Hills 15025",40.311105529,-79.951830334,"9, 10, 11, 12",1041.0,No,23.2,1.3,10.4,0.1,DFLT,http://www.wjhsd.net,91.7,68.6,100.0,100.0,95.6,,98.0
103029803,553,Turner Intermediate Sch,Wilkinsburg Borough School District,regular,"1833 Laketon Rd, Wilkinsburg 15221",40.4494869060001,-79.864722601,"3, 4, 5, 6",200.0,Yes,90.0,2.5,32.0,4.5,DFLT,https://turnerintermediate.wilkinsburgschools.org,19.3,21.5,60.0,73.0,67.0,11.3,
103029902,8465,Turtle Creek EL STEAM Academy,Woodland Hills School District,regular,"126 Monroeville Ave, Turtle Creek 15145",40.405336,-79.82433,"PreKF, K5F, 1, 2, 3, 4, 5",580.0,Yes,74.8,0.2,23.8,3.5,TSI,http://www.whsd.k12.pa.us,29.1,25.6,50.0,61.0,69.0,35.1,
103026002,8399,Twin Rivers El Sch,McKeesport Area School District,regular,"1600 Cornell St, McKeesport 15132",40.345205,-79.858147,"K5F, 1, 2, 3, 4, 5",607.0,Yes,51.4,0.0,24.7,4.5,DFLT,http://www.mckasd.net,11.4,17.1,50.0,96.0,52.6,10.6,
103024102,165,University Park El Sch,Gateway School District,regular,"320 Noel Dr, Monroeville 15146",40.448417,-79.732247,"PreKF, K5F, 1, 2, 3, 4",328.0,Yes,54.9,3.7,18.3,1.2,DFLT,http://www.gatewayk12.org,67.6,66.7,83.0,71.0,83.4,59.7,
103029203,492,Upper Saint Clair HS,Upper Saint Clair School District,regular,"1825 McLaughlin Run Rd, Pittsburgh 15241",40.334819549,-80.070623742,"9, 10, 11, 12",1269.0,No,15.1,1.2,13.0,0.3,DFLT,http://www.uscsd.k12.pa.us,94.2,79.3,100.0,74.0,83.0,,98.5
103023090,7563,Urban Academy of Greater Pittsburgh CS,Urban Academy of Greater Pittsburgh CS,charter,"437 Turret Street, Pittsburgh 15206",40.4665655920001,-79.929501772,"K5F, 1, 2, 3, 4, 5",344.0,Yes,94.8,0.0,16.6,1.7,DFLT,http://www.urbanacademypgh.org,28.0,23.8,77.0,69.0,79.4,100.0,
102023080,7562,Urban Pathways 6-12 CS,Urban Pathways 6-12 CS,charter,"914 Penn Avenue, Pittsburgh 15222",40.443868,-79.997669,"6, 7, 8, 9, 10, 11, 12",325.0,Yes,86.5,0.3,31.1,1.9,ACSI,http://www.upcs.net,11.3,2.5,77.0,70.0,65.5,,79.2
103028246,8194,Urban Pathways K-5 College CS,Urban Pathways K-5 College Charter School ,charter,"925 Penn Avenue, Pittsburgh 15222",40.444063,-79.99739,"K5F, 1, 2, 3, 4, 5",304.0,Yes,93.8,1.0,15.5,7.9,ATSI,http://www.upcsk5.net,9.4,6.4,59.0,71.0,45.4,15.6,
103028203,6109,Verner El Sch,Riverview School District,regular,"700 1st St, Verona 15147",40.504677,-79.83933,"K5F, 1, 2, 3, 4, 5, 6",160.0,Yes,46.9,2.5,23.8,3.1,DFLT,http://www.rsd.k12.pa.us,48.8,65.5,73.0,94.0,76.7,50.0,
103026402,245,Washington El Sch,Mt Lebanon School District,regular,"735 Washington Rd, Pittsburgh 15228",40.378486,-80.045689,"K5H, 1, 2, 3, 4, 5",416.0,No,17.1,5.1,18.3,0.5,DFLT,http://www.mtlsd.org,67.9,70.3,93.0,100.0,89.0,63.2,
103029403,6895,West Allegheny MS,West Allegheny School District,regular,"207 W Allegheny Rd, Imperial 15126",40.447493,-80.233484,"6, 7, 8",796.0,No,32.0,2.8,12.3,0.0,DFLT,http://www.westasd.org,76.1,65.8,50.0,50.0,86.4,,
103029403,509,West Allegheny SHS,West Allegheny School District,regular,"205 W Allegheny Rd, Imperial 15126",40.447334,-80.23358,"9, 10, 11, 12",1031.0,No,33.1,1.0,13.8,0.5,DFLT,http://www.westasd.org,72.2,61.7,75.0,50.0,79.3,,97.8
103029603,536,West Mifflin Area HS,West Mifflin Area School District,regular,"91 Commonwealth Ave, West Mifflin 15122",40.382893,-79.877123,"9, 10, 11, 12",964.0,Yes,60.3,6.5,19.7,2.0,ACSI,http://www.wmasd.org,38.4,19.8,50.0,50.0,52.5,,88.6
103029603,535,West Mifflin Area MS,West Mifflin Area School District,regular,"81 Commonwealth Ave, West Mifflin 15122",40.347268,-79.926624,"4, 5, 6, 7, 8",776.0,Yes,57.1,3.2,26.7,0.9,ACSI,http://www.wmasd.org,34.6,28.3,50.0,50.0,69.8,,
103026902,290,West View El Sch,North Hills School District,regular,"47 Chalfonte Ave, Pittsburgh 15229",40.521367,-80.031557,"K5F, 1, 2, 3, 4, 5",446.0,No,27.1,0.2,15.9,1.4,DFLT,http://www.nhsd.net,69.3,64.0,100.0,100.0,88.2,60.5,
103028425,8392,Westinghouse Arts Academy CS,Westinghouse Arts Academy CS,charter,"320 Marguerite Avenue, Wilmerding 15148",40.391492,-79.807994,"9, 10, 11, 12",282.0,No,40.4,0.0,18.4,0.4,DFLT,http://www.westinghousearts.org/,64.2,17.3,53.0,50.0,28.1,,88.6
103021003,7996,Wexford El Sch,Pine-Richland School District,regular,"250 Brown Road, Wexford 15090",40.621725,-80.052196,"K5H, 1, 2, 3",449.0,No,6.2,2.9,15.4,0.0,DFLT,http://www.pinerichland.org,81.3,87.3,,,98.9,81.3,
103021102,48,Whitehall El Sch,Baldwin-Whitehall School District,regular,"4900 Curry Rd, Pittsburgh 15236",40.353135,-79.992696,"1, 2",669.0,Yes,57.7,22.7,14.8,0.8,DFLT,https://www.bwschools.net,,,,,89.3,,
103029902,8090,Wilkins El STEAM Academy,Woodland Hills School District,regular,"362 Churchill Rd, Pittsburgh 15235",40.435712,-79.835569,"PreKF, K5F, 1, 2, 3, 4, 5",447.0,Yes,69.8,11.4,27.3,2.9,ACSI,http://www.whsd.k12.pa.us,23.4,24.0,50.0,58.0,69.9,31.9,
103023153,139,William Penn El Sch,Elizabeth Forward School District,regular,"392 William Penn Road, Monongahela 15063",40.2260419180001,-79.899828922,"K5F, 1, 2, 3, 4, 5",333.0,No,54.1,0.3,18.3,1.8,DFLT,http://www.efsd.net,63.8,63.2,59.0,72.0,85.9,76.4,
103021252,60,William Penn El Sch,Bethel Park School District,regular,"110 Woodlet Ln, Bethel Park 15102",40.299164,-80.045419,"K5H, 1, 2, 3, 4",212.0,No,24.1,0.9,24.5,0.5,DFLT,http://www.bpsd.org,88.1,95.2,100.0,100.0,95.2,85.7,
103029403,5367,Wilson El Sch,West Allegheny School District,regular,"100 Bruno Lane, Imperial 15126",40.444743,-80.267941,"K5F, 1, 2, 3, 4, 5",586.0,No,28.2,0.2,13.0,0.3,DFLT,http://www.westasd.org,76.4,88.8,71.0,100.0,92.4,75.9,
103029902,107,Woodland Hills HS,Woodland Hills School District,regular,"2550 Greensburg Pike, Pittsburgh 15221",40.4363107140001,-79.856189478,"9, 10, 11, 12",1007.0,Yes,62.3,3.2,22.6,3.2,ACSI,http://www.whsd.k12.pa.us,30.3,17.9,50.0,50.0,48.3,,74.4
103024603,176,Wyland El Sch,Hampton Township School District,regular,"2284 Wyland Ave, Allison Park 15101",40.562395,-79.978524,"K5H, 1, 2, 3, 4, 5",358.0,No,15.4,2.5,12.9,0.6,DFLT,http://www.ht-sd.org,82.6,90.8,100.0,100.0,93.3,86.6,
103020368,8337,Young Scholars of Greater Allegheny CS,Young Scholars of McKeesport Charter School,charter,"10 Center Street, Pittsburgh 15132",40.3498696090001,-79.862105581,"K4F, K5F, 1, 2, 3, 4, 5, 6, 7, 8",316.0,Yes,87.3,3.5,19.3,6.3,DFLT,http://www.ysga.org,28.6,29.7,79.0,100.0,92.2,27.5,
103025206,8156,Young Scholars of Western Pennsylvania CS,Young Scholars of Western Pennsylvania CS,charter,"600 Newport Drive, Pittsburgh 15234",40.454053,-79.829244,"K5F, 1, 2, 3, 4, 5, 6, 7, 8",297.0,Yes,66.3,6.4,18.5,2.7,DFLT,http://www.yswpcs.org,36.6,25.3,76.0,73.0,99.0,31.6,
