geoid,name,total_hh,owner_hh,owner_le30,owner_le30_cb30_50,owner_le30_cb50,owner_30_50,owner_30_50_cb30_50,owner_30_50_cb50,owner_50_80,owner_50_80_cb30_50,owner_50_80_cb50,owner_80_100,owner_80_100_cb30_50,owner_80_100_cb50,owner_gt100,owner_gt100_cb30_50,owner_gt100_cb50,renter_hh,renter_le30,renter_le30_cb30_50,renter_le30_cb50,renter_30_50,renter_30_50_cb30_50,renter_30_50_cb50,renter_50_80,renter_50_80_cb30_50,renter_50_80_cb50,renter_80_100,renter_80_100_cb30_50,renter_80_100_cb50,renter_gt100,renter_gt100_cb30_50,renter_gt100_cb50,owner_lowinc_le80,owner_lowinc_costburdened,owner_lowinc_costburdened_pct,owner_le30_severe_pct,renter_lowinc_le80,renter_lowinc_costburdened,renter_lowinc_costburdened_pct,renter_le30_severe_pct
42003010301,"Census Tract 103.01, Allegheny County, Pennsylvania",0,0,0,0,0,0,0,0,0,0,0,0,0,0,0,0,0,0,0,0,0,0,0,0,0,0,0,0,0,0,0,0,0,0,0,,,0,0,,
42003010302,"Census Tract 103.02, Allegheny County, Pennsylvania",320,100,15,4,10,10,0,10,10,0,0,4,0,0,60,0,0,220,90,25,60,20,4,4,20,15,0,50,45,0,40,0,0,35,24,0.686,0.667,130,108,0.831,0.667
42003020100,"Census Tract 201, Allegheny County, Pennsylvania",2100,300,0,0,0,4,4,0,10,0,0,15,10,0,270,10,0,1795,315,0,205,150,55,90,80,15,25,210,50,0,1045,25,0,14,4,0.286,,545,390,0.716,0.651
42003020300,"Census Tract 203, Allegheny County, Pennsylvania",1065,90,0,0,0,0,0,0,15,0,15,0,0,0,75,4,0,980,85,0,10,30,4,25,65,15,40,70,50,20,730,40,10,15,15,1.0,,180,94,0.522,0.118
42003030500,"Census Tract 305, Allegheny County, Pennsylvania",1575,355,50,25,20,4,4,0,75,0,0,65,0,0,160,0,0,1225,545,120,245,200,70,75,160,40,15,100,0,0,220,20,0,129,49,0.38,0.4,905,565,0.624,0.45
42003040200,"Census Tract 402, Allegheny County, Pennsylvania",435,145,15,4,4,30,10,0,45,0,0,20,0,0,35,4,0,290,205,4,175,35,0,20,30,25,0,0,0,0,25,0,0,90,18,0.2,0.267,270,224,0.83,0.854
42003040400,"Census Tract 404, Allegheny County, Pennsylvania",1000,715,60,0,40,70,30,0,110,30,50,40,10,0,440,25,0,285,140,0,95,20,10,15,55,35,0,40,0,0,30,0,0,240,150,0.625,0.667,215,155,0.721,0.679
42003040500,"Census Tract 405, Allegheny County, Pennsylvania",1025,115,25,0,15,0,0,0,20,0,0,25,0,0,45,0,0,910,690,40,425,145,45,70,40,20,0,20,10,0,15,0,0,45,15,0.333,0.6,875,600,0.686,0.616
42003040600,"Census Tract 406, Allegheny County, Pennsylvania",830,50,0,0,0,0,0,0,10,0,0,0,0,0,35,0,0,785,390,10,360,150,45,65,170,70,30,35,0,0,40,0,0,10,0,0.0,,710,580,0.817,0.923
42003040900,"Census Tract 409, Allegheny County, Pennsylvania",1575,450,15,0,0,65,0,40,85,0,0,60,35,0,225,0,0,1125,700,30,550,155,65,75,130,20,40,45,25,0,95,0,0,165,40,0.242,0.0,985,780,0.792,0.786
42003050100,"Census Tract 501, Allegheny County, Pennsylvania",910,165,45,4,35,20,10,0,30,0,0,20,0,0,45,0,0,745,330,0,165,145,85,20,180,0,0,80,0,0,10,0,0,95,49,0.516,0.778,655,270,0.412,0.5
42003050600,"Census Tract 506, Allegheny County, Pennsylvania",830,445,120,55,65,25,0,0,125,55,10,15,0,0,165,0,0,385,55,15,15,235,110,0,30,4,10,15,0,0,55,0,0,270,185,0.685,0.542,320,154,0.481,0.273
42003050900,"Census Tract 509, Allegheny County, Pennsylvania",740,25,10,0,0,0,0,0,10,0,0,4,0,0,0,0,0,715,495,95,180,150,35,15,50,0,0,0,0,0,20,0,0,20,0,0.0,0.0,695,325,0.468,0.364
42003051000,"Census Tract 510, Allegheny County, Pennsylvania",845,35,10,4,10,4,0,0,10,0,0,0,0,0,10,0,0,810,545,185,220,80,35,10,135,30,10,10,10,0,40,15,0,24,14,0.583,1.0,760,490,0.645,0.404
42003051100,"Census Tract 511, Allegheny County, Pennsylvania",160,0,0,0,0,0,0,0,0,0,0,0,0,0,0,0,0,160,110,35,40,20,20,0,15,0,0,0,0,0,15,0,0,0,0,,,145,95,0.655,0.364
42003060300,"Census Tract 603, Allegheny County, Pennsylvania",1420,605,25,0,25,25,0,0,60,10,0,40,25,0,455,15,0,820,65,30,35,165,50,45,105,50,10,60,30,0,425,65,0,110,35,0.318,1.0,335,220,0.657,0.538
42003060500,"Census Tract 605, Allegheny County, Pennsylvania",615,315,15,4,10,15,0,0,55,10,0,65,0,0,165,0,4,300,115,25,70,25,25,0,60,15,0,45,4,0,55,10,0,85,24,0.282,0.667,200,135,0.675,0.609
42003070300,"Census Tract 703, Allegheny County, Pennsylvania",1070,430,55,0,45,45,10,15,10,0,0,10,0,0,315,0,15,635,115,4,70,65,25,45,95,70,10,95,50,0,260,0,0,110,70,0.636,0.818,275,224,0.815,0.609
42003070500,"Census Tract 705, Allegheny County, Pennsylvania",1665,385,25,0,25,4,0,4,75,0,0,55,55,0,225,4,4,1280,230,4,185,95,50,45,220,85,65,195,70,25,545,0,0,104,29,0.279,1.0,545,434,0.796,0.804
42003070600,"Census Tract 706, Allegheny County, Pennsylvania",1320,450,20,0,20,0,0,0,55,0,0,0,0,0,375,160,0,875,175,0,155,55,10,45,130,110,0,75,10,0,435,55,0,75,20,0.267,1.0,360,320,0.889,0.886
42003070800,"Census Tract 708, Allegheny County, Pennsylvania",1665,290,20,0,20,10,10,0,25,0,0,20,15,0,220,0,0,1375,220,0,175,70,25,45,65,45,10,95,25,0,930,235,0,55,30,0.545,1.0,355,300,0.845,0.795
42003070900,"Census Tract 709, Allegheny County, Pennsylvania",2390,710,105,10,65,45,35,15,85,25,0,15,0,0,460,0,0,1680,575,55,275,135,35,90,400,195,30,65,0,0,505,50,0,235,150,0.638,0.619,1110,680,0.613,0.478
42003080200,"Census Tract 802, Allegheny County, Pennsylvania",1010,395,55,4,25,25,4,20,105,20,0,45,0,0,165,4,0,615,45,0,40,70,65,4,210,80,15,65,15,0,230,0,0,185,73,0.395,0.455,325,204,0.628,0.889
42003080400,"Census Tract 804, Allegheny County, Pennsylvania",920,210,10,0,10,4,0,0,30,4,4,10,0,0,150,0,0,710,200,0,175,100,50,30,90,45,4,105,15,0,215,4,0,44,18,0.409,1.0,390,304,0.779,0.875
42003080600,"Census Tract 806, Allegheny County, Pennsylvania",1090,300,45,0,10,25,0,25,20,10,0,4,0,0,205,30,0,790,140,10,115,130,115,0,105,35,0,165,15,0,250,0,0,90,45,0.5,0.222,375,275,0.733,0.821
42003080700,"Census Tract 807, Allegheny County, Pennsylvania",1245,120,0,0,0,4,0,0,60,30,10,0,0,0,55,10,0,1125,220,50,165,210,55,135,275,130,35,185,35,0,235,0,0,64,40,0.625,,705,570,0.809,0.75
42003080900,"Census Tract 809, Allegheny County, Pennsylvania",1100,355,50,0,40,35,4,20,45,0,10,15,0,0,210,0,0,745,40,0,40,100,90,10,230,120,0,110,20,0,260,30,0,130,74,0.569,0.8,370,260,0.703,1.0
42003090100,"Census Tract 901, Allegheny County, Pennsylvania",1250,410,50,15,20,45,0,0,10,0,10,45,0,0,260,0,0,840,150,0,150,90,15,50,115,40,10,50,10,0,440,20,0,105,45,0.429,0.4,355,265,0.746,1.0
42003090200,"Census Tract 902, Allegheny County, Pennsylvania",1420,625,85,45,25,120,10,30,60,0,0,40,0,0,320,10,0,795,175,10,135,50,25,0,105,25,0,60,0,0,400,4,0,265,110,0.415,0.294,330,195,0.591,0.771
42003090300,"Census Tract 903, Allegheny County, Pennsylvania",835,330,35,10,10,30,0,0,45,0,0,55,0,0,170,0,0,505,95,4,65,45,25,15,115,30,4,25,0,0,220,0,0,110,20,0.182,0.286,255,143,0.561,0.684
42003100500,"Census Tract 1005, Allegheny County, Pennsylvania",895,660,90,10,65,50,4,15,110,60,0,115,10,0,295,0,0,235,100,4,65,70,40,15,25,4,0,0,0,0,45,0,0,250,154,0.616,0.722,195,128,0.656,0.65
42003101100,"Census Tract 1011, Allegheny County, Pennsylvania",1140,635,65,20,20,60,4,0,95,0,0,55,0,0,365,4,0,500,75,0,75,10,10,0,120,85,0,65,25,0,225,4,0,220,44,0.2,0.308,205,170,0.829,1.0
42003101400,"Census Tract 1014, Allegheny County, Pennsylvania",1515,1120,75,10,25,135,60,4,115,45,0,120,0,0,680,15,0,395,65,20,35,40,30,0,100,45,0,50,4,0,145,0,0,325,144,0.443,0.333,205,130,0.634,0.538
42003101800,"Census Tract 1018, Allegheny County, Pennsylvania",1310,1130,85,10,50,50,15,10,125,20,0,185,10,0,685,10,0,175,25,0,0,30,0,0,40,0,0,50,15,0,30,0,0,260,105,0.404,0.588,95,0,0.0,0.0
42003101900,"Census Tract 1019, Allegheny County, Pennsylvania",1130,565,60,15,35,55,25,20,115,10,0,15,0,0,325,20,0,565,155,30,40,85,35,15,160,25,0,10,0,0,155,0,0,230,105,0.457,0.583,400,145,0.362,0.258
42003110200,"Census Tract 1102, Allegheny County, Pennsylvania",2035,920,20,0,20,215,135,80,10,0,0,0,0,0,675,0,0,1115,45,0,30,100,60,20,290,245,0,145,30,0,530,50,0,245,235,0.959,1.0,435,355,0.816,0.667
42003110600,"Census Tract 1106, Allegheny County, Pennsylvania",1075,755,30,10,15,30,20,0,20,0,10,35,10,0,640,20,0,320,85,0,85,45,30,15,75,25,0,25,0,4,90,0,0,80,55,0.688,0.5,205,155,0.756,1.0
42003111300,"Census Tract 1113, Allegheny County, Pennsylvania",1285,505,20,0,20,60,10,30,105,25,0,20,0,0,300,10,0,780,175,45,65,105,70,10,230,65,50,110,0,0,160,0,0,185,85,0.459,1.0,510,305,0.598,0.371
42003111400,"Census Tract 1114, Allegheny County, Pennsylvania",620,215,15,0,10,20,15,0,15,0,0,4,0,0,160,0,0,405,110,20,30,50,25,25,95,65,0,40,0,0,110,0,0,50,25,0.5,0.667,255,165,0.647,0.273
42003111500,"Census Tract 1115, Allegheny County, Pennsylvania",2050,200,100,0,0,0,0,0,30,15,0,20,0,0,50,0,0,1850,500,55,405,290,180,100,320,175,0,295,45,0,445,0,0,130,15,0.115,0.0,1110,915,0.824,0.81
42003120300,"Census Tract 1203, Allegheny County, Pennsylvania",720,355,100,4,80,110,0,0,30,0,0,30,0,0,85,0,0,365,155,10,70,105,65,25,4,0,0,15,0,0,85,0,0,240,84,0.35,0.8,264,170,0.644,0.452
42003120900,"Census Tract 1209, Allegheny County, Pennsylvania",595,230,75,40,25,10,10,0,50,10,0,4,0,0,95,0,0,365,250,4,205,60,20,20,40,10,4,10,0,0,4,0,0,135,85,0.63,0.333,350,263,0.751,0.82
42003130200,"Census Tract 1302, Allegheny County, Pennsylvania",350,255,40,0,40,10,0,0,145,0,0,0,0,0,55,0,0,100,70,0,20,30,0,30,0,0,0,0,0,0,0,0,0,195,40,0.205,1.0,100,50,0.5,0.286
42003130600,"Census Tract 1306, Allegheny County, Pennsylvania",1180,485,100,10,70,95,0,25,35,0,0,70,0,0,180,0,0,695,515,205,140,40,25,0,95,20,0,4,0,0,40,0,0,230,105,0.457,0.7,650,390,0.6,0.272
42003130700,"Census Tract 1307, Allegheny County, Pennsylvania",1020,335,55,20,30,75,15,4,70,0,0,30,0,0,105,0,0,685,290,55,115,205,60,30,105,15,0,30,0,0,50,0,0,200,69,0.345,0.545,600,275,0.458,0.397
42003130800,"Census Tract 1308, Allegheny County, Pennsylvania",940,385,95,20,25,110,15,0,100,15,0,45,0,0,35,0,0,555,290,50,105,205,30,65,40,20,0,10,0,0,10,0,0,305,75,0.246,0.263,535,270,0.505,0.362
42003140100,"Census Tract 1401, Allegheny County, Pennsylvania",1040,765,40,0,0,55,35,15,40,0,25,30,0,10,600,0,0,275,80,0,80,140,0,110,0,0,0,0,0,0,55,0,0,135,75,0.556,0.0,220,190,0.864,1.0
42003140200,"Census Tract 1402, Allegheny County, Pennsylvania",870,375,25,0,15,40,10,35,4,0,4,0,0,0,305,30,4,495,185,25,140,75,55,20,90,55,10,50,15,0,95,0,0,69,64,0.928,0.6,350,305,0.871,0.757
42003140300,"Census Tract 1403, Allegheny County, Pennsylvania",1350,715,0,0,0,10,0,0,65,10,35,70,10,15,570,45,10,635,50,0,20,115,10,100,50,0,50,65,30,10,350,10,10,75,45,0.6,,215,180,0.837,0.4
42003140400,"Census Tract 1404, Allegheny County, Pennsylvania",895,745,45,4,20,10,4,4,35,15,10,20,0,4,635,60,0,150,40,0,40,25,15,4,0,0,0,15,0,0,70,0,0,90,57,0.633,0.444,65,59,0.908,1.0
42003140500,"Census Tract 1405, Allegheny County, Pennsylvania",1065,415,0,0,0,10,0,10,50,15,0,20,0,0,340,0,0,645,85,35,15,10,0,10,145,25,0,60,10,0,350,0,0,60,25,0.417,,240,85,0.354,0.176
42003140800,"Census Tract 1408, Allegheny County, Pennsylvania",1900,970,45,0,30,15,0,15,140,10,70,40,0,10,730,65,0,930,190,10,110,60,20,15,210,120,0,90,25,0,380,0,0,200,125,0.625,0.667,460,275,0.598,0.579
42003141100,"Census Tract 1411, Allegheny County, Pennsylvania",595,510,25,15,4,45,0,10,105,10,4,30,4,0,305,0,0,90,20,0,20,15,0,0,10,0,0,0,0,0,45,0,0,175,43,0.246,0.16,45,20,0.444,1.0
42003141200,"Census Tract 1412, Allegheny County, Pennsylvania",1835,1305,55,0,55,20,15,4,100,20,25,60,0,0,1065,45,0,530,115,0,65,40,10,15,80,10,0,85,10,0,205,4,0,175,119,0.68,1.0,235,100,0.426,0.565
42003141300,"Census Tract 1413, Allegheny County, Pennsylvania",2230,710,110,15,100,0,0,0,65,15,20,85,10,0,445,0,0,1525,515,25,400,200,130,65,360,240,20,95,15,30,355,0,0,175,150,0.857,0.909,1075,880,0.819,0.777
42003141400,"Census Tract 1414, Allegheny County, Pennsylvania",2485,1280,70,0,35,30,4,10,70,0,30,90,0,15,1015,25,10,1205,400,70,205,115,50,25,160,85,0,145,30,0,390,55,0,170,79,0.465,0.5,675,435,0.644,0.512
42003151600,"Census Tract 1516, Allegheny County, Pennsylvania",1265,865,85,10,60,150,20,50,215,0,0,35,10,0,375,0,0,400,65,0,55,95,25,70,25,0,0,65,0,0,150,0,0,450,140,0.311,0.706,185,150,0.811,0.846
42003151700,"Census Tract 1517, Allegheny County, Pennsylvania",2580,1445,120,0,85,100,45,0,135,60,0,240,140,0,845,0,15,1135,420,20,190,125,50,60,235,60,0,20,0,0,335,0,0,355,190,0.535,0.708,780,380,0.487,0.452
42003160800,"Census Tract 1608, Allegheny County, Pennsylvania",1250,590,100,0,55,0,0,0,120,20,0,130,0,0,245,0,0,660,105,10,50,105,55,45,210,45,0,45,0,0,195,35,0,220,75,0.341,0.55,420,205,0.488,0.476
42003160900,"Census Tract 1609, Allegheny County, Pennsylvania",1945,545,0,0,0,0,0,0,50,10,0,30,30,0,465,30,0,1400,300,0,100,175,15,110,130,20,80,100,80,0,695,90,0,50,10,0.2,,605,325,0.537,0.333
42003161000,"Census Tract 1610, Allegheny County, Pennsylvania",1170,560,20,0,0,85,15,0,85,0,0,95,0,0,280,0,0,610,325,30,250,50,0,35,110,35,0,4,0,0,115,0,0,190,15,0.079,0.0,485,350,0.722,0.769
42003170200,"Census Tract 1702, Allegheny County, Pennsylvania",2095,1000,145,50,85,10,0,0,125,35,0,80,35,0,635,80,0,1095,425,0,380,130,90,40,90,10,0,20,0,0,430,0,0,280,170,0.607,0.586,645,520,0.806,0.894
42003170600,"Census Tract 1706, Allegheny County, Pennsylvania",860,335,40,0,10,25,0,0,115,50,15,25,0,0,130,0,0,525,115,0,70,80,40,20,125,25,4,10,0,0,195,0,0,180,75,0.417,0.25,320,159,0.497,0.609
42003180300,"Census Tract 1803, Allegheny County, Pennsylvania",970,480,105,15,30,55,0,15,85,0,0,15,0,0,220,0,0,490,160,10,85,80,20,0,135,25,30,65,0,0,50,0,0,245,60,0.245,0.286,375,170,0.453,0.531
42003180700,"Census Tract 1807, Allegheny County, Pennsylvania",1020,410,70,20,20,45,10,15,95,4,0,45,0,0,160,0,0,610,120,4,95,95,70,25,80,15,0,50,0,0,260,0,0,210,69,0.329,0.286,295,209,0.708,0.792
42003190300,"Census Tract 1903, Allegheny County, Pennsylvania",1150,710,45,20,15,75,35,10,85,35,0,65,10,0,435,0,0,440,75,10,65,45,10,25,125,60,35,35,0,0,160,0,0,205,115,0.561,0.333,245,205,0.837,0.867
42003191100,"Census Tract 1911, Allegheny County, Pennsylvania",1285,755,115,15,90,80,20,4,95,15,0,20,10,0,440,35,0,530,85,15,10,15,0,0,120,15,15,35,25,0,280,0,0,290,144,0.497,0.783,220,55,0.25,0.118
42003191400,"Census Tract 1914, Allegheny County, Pennsylvania",1475,395,60,20,10,55,0,15,50,4,15,10,0,0,220,0,0,1075,125,45,55,40,15,10,310,205,10,80,10,0,525,65,0,165,64,0.388,0.167,475,340,0.716,0.44
42003191500,"Census Tract 1915, Allegheny County, Pennsylvania",945,510,40,0,30,40,0,10,40,0,0,80,4,0,310,0,0,435,95,0,70,45,10,0,65,10,4,75,50,0,150,0,0,120,40,0.333,0.75,205,94,0.459,0.737
42003191600,"Census Tract 1916, Allegheny County, Pennsylvania",1820,1235,160,0,80,95,20,0,395,0,0,85,10,0,500,0,0,585,75,20,45,60,30,0,130,30,0,140,0,0,180,0,0,650,100,0.154,0.5,265,125,0.472,0.6
42003191700,"Census Tract 1917, Allegheny County, Pennsylvania",1455,1025,130,4,80,45,20,0,95,10,0,100,0,0,660,10,0,425,75,4,65,0,0,0,75,40,0,130,0,0,150,0,0,270,114,0.422,0.615,150,109,0.727,0.867
42003191800,"Census Tract 1918, Allegheny County, Pennsylvania",2480,1570,65,10,45,185,15,15,245,35,0,160,0,0,910,0,0,910,250,0,165,120,15,10,145,60,0,155,0,0,235,0,0,495,120,0.242,0.692,515,250,0.485,0.66
42003191900,"Census Tract 1919, Allegheny County, Pennsylvania",1045,625,60,25,20,25,25,0,130,35,0,75,20,0,335,0,0,420,25,0,25,25,25,0,215,110,0,70,0,0,85,0,0,215,105,0.488,0.333,265,160,0.604,1.0
42003192000,"Census Tract 1920, Allegheny County, Pennsylvania",1475,965,85,25,0,60,15,10,85,4,0,150,0,0,585,0,0,510,120,20,35,70,40,4,165,55,0,15,0,0,140,0,0,230,54,0.235,0.0,355,154,0.434,0.292
42003202200,"Census Tract 2022, Allegheny County, Pennsylvania",1190,775,45,0,10,55,10,0,225,10,10,175,0,0,275,0,0,415,135,0,15,75,0,0,100,0,0,85,45,0,20,0,0,325,40,0.123,0.222,310,15,0.048,0.111
42003202300,"Census Tract 2023, Allegheny County, Pennsylvania",1795,980,70,10,60,50,0,15,160,10,0,180,0,15,515,10,0,815,130,0,45,60,20,30,155,20,0,170,0,0,305,0,0,280,95,0.339,0.857,345,115,0.333,0.346
42003241300,"Census Tract 2413, Allegheny County, Pennsylvania",1765,830,75,25,15,110,0,0,205,10,0,45,0,0,395,0,0,935,120,10,65,160,130,20,150,95,0,80,20,0,425,30,0,390,50,0.128,0.2,430,320,0.744,0.542
42003250900,"Census Tract 2509, Allegheny County, Pennsylvania",610,255,35,10,20,55,20,20,10,0,0,4,0,0,150,0,0,355,90,45,0,170,60,0,20,10,0,0,0,0,75,0,0,100,70,0.7,0.571,280,115,0.411,0.0
42003260200,"Census Tract 2602, Allegheny County, Pennsylvania",965,615,65,4,50,60,20,4,120,15,0,125,4,0,240,0,0,350,100,0,80,90,55,0,35,4,0,45,0,0,80,0,0,245,93,0.38,0.769,225,139,0.618,0.8
42003260700,"Census Tract 2607, Allegheny County, Pennsylvania",645,450,50,4,45,25,4,4,40,15,0,145,0,0,185,10,0,195,30,0,25,20,10,4,20,4,0,45,0,0,85,0,0,115,72,0.626,0.9,70,43,0.614,0.833
42003261300,"Census Tract 2613, Allegheny County, Pennsylvania",1005,485,35,0,25,60,20,0,80,45,0,60,0,0,250,0,0,515,285,50,105,105,0,0,90,15,0,0,0,0,35,0,0,175,90,0.514,0.714,480,170,0.354,0.368
42003261400,"Census Tract 2614, Allegheny County, Pennsylvania",990,750,170,20,120,145,115,15,155,0,0,80,0,0,205,4,0,240,80,40,25,10,10,0,55,10,10,4,0,0,85,0,0,470,270,0.574,0.706,145,95,0.655,0.312
42003261500,"Census Tract 2615, Allegheny County, Pennsylvania",680,255,20,4,15,75,0,0,35,0,0,15,0,0,110,0,0,425,120,30,20,115,75,25,120,70,40,10,0,0,60,0,0,130,19,0.146,0.75,355,260,0.732,0.167
42003262000,"Census Tract 2620, Allegheny County, Pennsylvania",1140,645,60,25,0,75,15,0,215,4,0,60,0,0,235,0,0,495,275,65,75,60,0,20,120,0,0,25,0,0,20,0,0,350,44,0.126,0.0,455,160,0.352,0.273
42003270100,"Census Tract 2701, Allegheny County, Pennsylvania",1255,955,85,20,65,145,30,0,165,45,0,160,0,0,395,0,0,300,40,0,10,40,0,0,100,100,0,25,0,0,95,0,0,395,160,0.405,0.765,180,110,0.611,0.25
42003270300,"Census Tract 2703, Allegheny County, Pennsylvania",935,480,115,20,30,15,0,0,60,0,0,20,4,0,275,0,0,455,100,15,55,85,10,0,105,0,0,115,0,0,50,0,0,190,50,0.263,0.261,290,80,0.276,0.55
42003270800,"Census Tract 2708, Allegheny County, Pennsylvania",1295,980,50,25,25,60,10,10,80,0,0,75,0,0,710,0,20,315,125,15,85,55,25,0,65,10,10,10,0,0,60,0,0,190,70,0.368,0.5,245,145,0.592,0.68
42003271600,"Census Tract 2716, Allegheny County, Pennsylvania",2005,975,230,4,70,135,70,0,155,0,0,40,0,0,420,0,0,1025,335,30,245,335,280,0,150,0,0,60,0,0,145,0,0,520,144,0.277,0.304,820,555,0.677,0.731
42003281400,"Census Tract 2814, Allegheny County, Pennsylvania",1095,630,160,10,75,80,35,0,75,15,0,55,4,0,265,0,0,465,210,4,110,110,20,85,100,55,0,4,0,0,40,0,0,315,135,0.429,0.469,420,274,0.652,0.524
42003281500,"Census Tract 2815, Allegheny County, Pennsylvania",560,415,60,20,35,25,10,0,90,30,0,60,0,10,175,0,0,145,45,0,25,45,25,4,15,0,0,30,0,0,15,0,0,175,95,0.543,0.583,105,54,0.514,0.556
42003290100,"Census Tract 2901, Allegheny County, Pennsylvania",750,460,85,15,35,80,0,0,110,4,0,75,0,0,105,0,0,290,160,60,85,10,4,0,55,4,0,10,0,0,55,0,0,275,54,0.196,0.412,225,153,0.68,0.531
42003290200,"Census Tract 2902, Allegheny County, Pennsylvania",1910,1005,100,25,75,220,60,35,295,50,0,130,0,0,260,0,0,910,310,20,255,190,25,40,165,15,0,135,0,0,110,0,0,615,245,0.398,0.75,665,355,0.534,0.823
42003290400,"Census Tract 2904, Allegheny County, Pennsylvania",1900,1180,120,0,110,50,10,0,315,30,4,165,20,0,530,0,0,725,200,45,130,105,65,30,170,35,0,0,0,0,245,0,0,485,154,0.318,0.917,475,305,0.642,0.65
42003300100,"Census Tract 3001, Allegheny County, Pennsylvania",1390,690,140,35,95,165,65,0,110,30,0,30,0,0,250,0,0,695,115,0,85,245,245,0,190,85,0,55,0,0,95,0,0,415,225,0.542,0.679,550,415,0.755,0.739
42003310200,"Census Tract 3102, Allegheny County, Pennsylvania",1385,1240,110,70,30,140,25,20,160,10,0,180,15,0,650,0,0,150,55,0,25,50,20,15,35,0,0,4,0,0,0,0,0,410,155,0.378,0.273,140,60,0.429,0.455
42003320400,"Census Tract 3204, Allegheny County, Pennsylvania",905,720,110,65,15,110,4,0,110,20,0,80,0,0,310,0,0,185,45,0,20,25,25,0,10,4,0,20,0,0,85,0,0,330,104,0.315,0.136,80,49,0.613,0.444
42003320600,"Census Tract 3206, Allegheny County, Pennsylvania",965,835,85,15,70,85,25,0,75,0,0,110,0,0,480,0,0,130,15,0,4,10,10,0,15,10,0,20,0,0,70,0,0,245,110,0.449,0.824,40,24,0.6,0.267
42003320700,"Census Tract 3207, Allegheny County, Pennsylvania",720,625,40,4,30,75,30,4,105,4,0,90,4,0,310,0,4,100,25,15,4,0,0,0,25,0,0,30,0,0,15,0,0,220,72,0.327,0.75,50,19,0.38,0.16
42003401100,"Census Tract 4011, Allegheny County, Pennsylvania",2025,1620,145,25,60,155,25,85,260,20,10,80,0,0,975,10,0,410,95,0,65,100,45,0,120,20,0,35,0,0,55,0,0,560,225,0.402,0.414,315,130,0.413,0.684
42003401200,"Census Tract 4012, Allegheny County, Pennsylvania",1360,785,90,0,65,60,10,0,110,10,0,190,0,10,330,0,0,575,210,70,45,125,25,10,195,35,0,40,0,0,0,0,0,260,85,0.327,0.722,530,185,0.349,0.214
42003401300,"Census Tract 4013, Allegheny County, Pennsylvania",1095,910,120,20,85,85,20,40,130,4,0,55,0,0,515,0,0,190,45,20,25,45,35,0,80,25,0,0,0,0,20,0,0,335,169,0.504,0.708,170,105,0.618,0.556
42003402000,"Census Tract 4020, Allegheny County, Pennsylvania",1550,1095,205,25,150,195,20,0,200,0,0,160,0,0,335,0,0,460,100,10,15,110,50,0,140,0,0,40,0,0,70,0,0,600,195,0.325,0.732,350,75,0.214,0.15
42003403500,"Census Tract 4035, Allegheny County, Pennsylvania",2190,1435,340,220,80,220,25,0,410,55,15,105,0,0,360,0,0,750,160,40,70,230,40,0,190,50,0,50,0,0,120,50,0,970,395,0.407,0.235,580,200,0.345,0.438
42003404000,"Census Tract 4040, Allegheny County, Pennsylvania",640,420,30,10,10,25,10,0,110,10,0,60,0,0,195,4,0,220,80,20,40,35,10,15,30,4,0,40,0,0,40,0,0,165,40,0.242,0.333,145,89,0.614,0.5
42003405000,"Census Tract 4050, Allegheny County, Pennsylvania",460,405,50,15,10,35,4,4,45,4,0,40,4,0,235,4,0,55,10,0,0,30,0,0,4,0,0,10,0,0,4,0,0,130,37,0.285,0.2,44,0,0.0,0.0
42003406000,"Census Tract 4060, Allegheny County, Pennsylvania",955,820,85,10,45,70,4,4,150,45,4,75,10,0,440,4,25,135,25,0,25,4,0,0,40,10,0,40,0,0,30,0,0,305,112,0.367,0.529,69,35,0.507,1.0
42003407001,"Census Tract 4070.01, Allegheny County, Pennsylvania",2460,2125,130,60,35,65,15,0,300,95,20,220,20,0,1415,15,0,335,15,15,0,130,15,0,90,0,0,60,0,0,35,0,0,495,225,0.455,0.269,235,30,0.128,0.0
42003407002,"Census Tract 4070.02, Allegheny County, Pennsylvania",2765,2320,130,60,55,225,65,4,420,75,0,165,0,0,1385,25,0,445,185,20,0,70,0,15,105,0,60,35,0,15,50,0,0,775,259,0.334,0.423,360,95,0.264,0.0
42003408001,"Census Tract 4080.01, Allegheny County, Pennsylvania",1990,1555,110,40,20,60,35,0,90,25,15,145,20,10,1150,0,10,435,70,0,50,20,0,20,130,35,45,25,15,0,185,50,15,260,135,0.519,0.182,220,150,0.682,0.714
42003408002,"Census Tract 4080.02, Allegheny County, Pennsylvania",2440,2340,90,0,75,185,110,0,370,210,4,90,30,0,1600,30,15,100,0,0,0,35,35,0,20,0,0,15,0,0,30,0,0,645,399,0.619,0.833,55,35,0.636,
42003409001,"Census Tract 4090.01, Allegheny County, Pennsylvania",3285,2545,160,0,75,55,0,20,160,85,25,225,120,0,1945,95,0,740,15,0,15,20,20,0,25,0,0,65,0,0,620,20,0,375,205,0.547,0.469,60,35,0.583,1.0
42003409002,"Census Tract 4090.02, Allegheny County, Pennsylvania",1680,1620,0,0,0,0,0,0,55,30,0,120,65,0,1445,90,20,60,0,0,0,0,0,0,0,0,0,30,0,0,30,0,0,55,30,0.545,,0,0,,
42003410000,"Census Tract 4100, Allegheny County, Pennsylvania",480,465,10,0,10,10,4,4,40,10,0,20,10,0,380,10,4,15,4,4,0,10,0,0,0,0,0,0,0,0,4,4,0,60,28,0.467,1.0,14,4,0.286,0.0
42003411001,"Census Tract 4110.01, Allegheny County, Pennsylvania",1420,1360,25,0,25,30,0,20,60,0,35,80,15,45,1165,65,20,60,0,0,0,0,0,0,0,0,0,15,0,0,45,0,0,115,80,0.696,1.0,0,0,,
42003411002,"Census Tract 4110.02, Allegheny County, Pennsylvania",2335,1890,95,30,65,0,0,0,185,15,20,120,20,15,1490,245,0,445,10,0,0,60,0,60,35,20,0,150,20,10,185,0,0,280,130,0.464,0.684,105,80,0.762,0.0
42003412002,"Census Tract 4120.02, Allegheny County, Pennsylvania",1725,1675,80,30,45,10,10,0,35,20,0,225,10,20,1320,80,0,50,0,0,0,0,0,0,0,0,0,0,0,0,50,0,10,125,105,0.84,0.562,0,0,,
42003412003,"Census Tract 4120.03, Allegheny County, Pennsylvania",2190,2050,105,0,105,55,10,45,125,0,20,220,45,10,1540,80,4,140,20,0,0,0,0,0,50,0,50,25,25,0,45,0,0,285,180,0.632,1.0,70,50,0.714,0.0
42003412004,"Census Tract 4120.04, Allegheny County, Pennsylvania",1445,1200,0,0,0,35,0,10,205,115,50,4,0,0,960,0,4,240,20,0,10,45,0,25,50,30,0,0,0,0,125,0,0,240,175,0.729,,115,65,0.565,0.5
42003413100,"Census Tract 4131, Allegheny County, Pennsylvania",2635,1860,40,0,40,105,25,55,210,20,105,115,0,45,1390,40,15,775,235,65,80,105,45,45,115,50,0,50,35,0,265,0,0,355,245,0.69,1.0,455,285,0.626,0.34
42003413201,"Census Tract 4132.01, Allegheny County, Pennsylvania",1545,1280,70,4,55,60,35,0,180,55,0,65,10,0,900,0,0,270,10,0,10,65,10,45,75,60,0,30,10,0,90,0,0,310,149,0.481,0.786,150,125,0.833,1.0
42003413202,"Census Tract 4132.02, Allegheny County, Pennsylvania",1240,1135,60,20,20,40,30,0,85,10,0,150,15,0,800,0,0,110,10,0,10,25,15,10,0,0,0,10,0,0,65,0,0,185,80,0.432,0.333,35,35,1.0,1.0
42003413300,"Census Tract 4133, Allegheny County, Pennsylvania",1805,1655,75,35,35,120,65,20,240,60,15,175,4,0,1045,15,10,150,50,0,35,0,0,0,25,0,15,0,0,0,75,0,0,435,230,0.529,0.467,75,50,0.667,0.7
42003413400,"Census Tract 4134, Allegheny County, Pennsylvania",1655,1505,35,10,25,45,30,15,140,10,0,125,25,4,1160,15,0,155,0,0,0,95,30,70,25,10,15,10,0,0,20,10,0,220,90,0.409,0.714,120,125,1.042,
42003413500,"Census Tract 4135, Allegheny County, Pennsylvania",3250,1485,35,0,35,140,55,55,130,55,0,80,30,0,1100,0,0,1765,210,0,155,240,150,75,580,175,15,135,25,0,595,55,15,305,200,0.656,1.0,1030,570,0.553,0.738
42003414101,"Census Tract 4141.01, Allegheny County, Pennsylvania",1945,1790,85,15,55,60,15,10,180,10,50,100,35,10,1365,145,0,160,15,0,15,0,0,0,90,0,0,0,0,0,55,0,0,325,155,0.477,0.647,105,15,0.143,1.0
42003414102,"Census Tract 4141.02, Allegheny County, Pennsylvania",2840,2230,150,65,85,275,75,110,120,25,15,115,0,0,1570,50,15,610,55,0,55,40,30,10,170,95,0,55,55,0,290,0,0,545,375,0.688,0.567,265,190,0.717,1.0
42003414200,"Census Tract 4142, Allegheny County, Pennsylvania",2140,1860,70,15,40,80,15,50,140,75,0,205,40,15,1365,35,0,280,25,0,15,40,40,0,135,0,0,0,0,0,75,0,0,290,195,0.672,0.571,200,55,0.275,0.6
42003415001,"Census Tract 4150.01, Allegheny County, Pennsylvania",1600,1370,95,0,70,80,30,20,95,0,0,75,20,4,1025,25,0,230,45,0,45,30,25,10,35,35,0,10,0,0,110,0,0,270,120,0.444,0.737,110,115,1.045,1.0
42003415002,"Census Tract 4150.02, Allegheny County, Pennsylvania",1030,895,45,0,40,25,0,10,100,20,4,65,20,0,660,50,0,135,20,4,10,50,40,0,30,4,0,0,0,0,35,0,0,170,74,0.435,0.889,100,58,0.58,0.5
42003416000,"Census Tract 4160, Allegheny County, Pennsylvania",745,645,60,10,35,110,35,4,130,10,4,90,0,0,255,0,0,100,30,0,20,10,10,0,35,10,0,4,0,0,20,0,0,300,98,0.327,0.583,75,40,0.533,0.667
42003417100,"Census Tract 4171, Allegheny County, Pennsylvania",1050,745,25,4,0,100,15,4,185,40,0,85,0,0,345,25,0,305,35,10,25,60,4,10,70,15,0,25,0,0,110,0,0,310,63,0.203,0.0,165,64,0.388,0.714
42003417200,"Census Tract 4172, Allegheny County, Pennsylvania",585,280,15,0,4,25,4,0,60,10,0,35,0,0,140,0,0,305,85,40,20,80,45,0,50,25,0,30,0,0,60,0,0,100,18,0.18,0.267,215,130,0.605,0.235
42003418000,"Census Tract 4180, Allegheny County, Pennsylvania",760,605,30,4,25,85,20,4,120,10,0,70,10,0,290,0,0,155,45,10,15,10,10,0,55,10,0,20,0,0,25,0,0,235,63,0.268,0.833,110,45,0.409,0.333
42003419000,"Census Tract 4190, Allegheny County, Pennsylvania",1520,1120,65,0,30,120,15,20,140,10,10,230,20,0,570,0,0,400,110,0,85,20,20,0,105,10,30,60,0,0,105,10,0,325,85,0.262,0.462,235,145,0.617,0.773
42003420000,"Census Tract 4200, Allegheny County, Pennsylvania",900,335,35,0,20,55,4,4,35,15,0,30,0,0,185,0,0,565,200,65,90,100,50,20,75,25,0,35,0,0,155,0,0,125,43,0.344,0.571,375,250,0.667,0.45
42003421100,"Census Tract 4211, Allegheny County, Pennsylvania",2080,1665,70,0,60,65,25,30,150,45,20,160,20,0,1215,20,10,415,45,0,35,90,0,80,20,10,10,20,0,10,245,0,0,285,180,0.632,0.857,155,135,0.871,0.778
42003421200,"Census Tract 4212, Allegheny County, Pennsylvania",1815,1735,195,45,135,90,15,20,180,20,15,250,10,130,1020,90,0,80,60,0,30,0,0,0,10,0,0,0,0,0,10,10,0,465,250,0.538,0.692,70,30,0.429,0.5
42003422000,"Census Tract 4220, Allegheny County, Pennsylvania",1780,1645,0,0,0,70,50,20,30,0,20,75,45,0,1465,60,100,135,15,0,0,15,0,0,30,0,0,0,0,0,70,0,0,100,90,0.9,,60,0,0.0,0.0
42003423000,"Census Tract 4230, Allegheny County, Pennsylvania",1220,710,25,0,10,15,0,0,95,15,0,85,45,0,490,30,0,510,35,0,35,95,40,10,120,40,15,45,0,0,210,0,0,135,25,0.185,0.4,250,140,0.56,1.0
42003424000,"Census Tract 4240, Allegheny County, Pennsylvania",1595,755,85,10,45,125,50,20,195,40,4,25,0,0,325,0,0,845,330,65,185,80,25,4,245,45,4,60,0,0,130,0,0,405,169,0.417,0.529,655,328,0.501,0.561
42003425000,"Census Tract 4250, Allegheny County, Pennsylvania",1655,840,85,25,30,100,20,10,205,40,0,120,0,0,330,0,0,820,375,70,255,145,95,0,115,10,0,50,0,0,135,0,0,390,125,0.321,0.353,635,430,0.677,0.68
42003426300,"Census Tract 4263, Allegheny County, Pennsylvania",2435,2305,145,20,110,125,45,15,395,40,55,275,0,0,1365,35,0,130,35,0,35,15,0,0,0,0,0,0,0,0,80,0,0,665,285,0.429,0.759,50,35,0.7,1.0
42003426400,"Census Tract 4264, Allegheny County, Pennsylvania",1970,1605,75,0,50,120,30,0,370,70,0,95,0,0,940,0,0,365,30,0,15,15,15,0,150,0,0,100,0,0,70,0,0,565,150,0.265,0.667,195,30,0.154,0.5
42003426700,"Census Tract 4267, Allegheny County, Pennsylvania",1180,840,0,0,0,55,10,10,120,45,0,110,0,0,550,15,0,340,20,0,20,65,50,20,160,25,0,45,0,0,50,0,0,175,65,0.371,,245,115,0.469,1.0
42003426800,"Census Tract 4268, Allegheny County, Pennsylvania",2095,2030,0,0,0,185,60,50,280,65,0,245,10,0,1320,80,0,65,0,0,0,15,0,0,0,0,0,0,0,0,50,0,0,465,175,0.376,,15,0,0.0,
42003427000,"Census Tract 4270, Allegheny County, Pennsylvania",1630,690,25,10,0,65,20,10,120,25,4,125,0,0,355,0,0,945,250,10,190,170,155,0,185,4,0,140,0,0,195,0,0,210,69,0.329,0.0,605,359,0.593,0.76
42003427100,"Census Tract 4271, Allegheny County, Pennsylvania",2325,2225,120,0,100,50,20,0,295,60,15,330,15,0,1430,10,0,100,15,0,15,0,0,0,0,0,0,70,0,0,15,0,0,465,195,0.419,0.833,15,15,1.0,1.0
42003427200,"Census Tract 4272, Allegheny County, Pennsylvania",2400,1910,200,20,130,310,90,40,460,35,0,235,70,0,705,0,0,490,45,0,45,85,60,30,120,40,0,105,0,0,135,0,0,970,315,0.325,0.65,250,175,0.7,1.0
42003428100,"Census Tract 4281, Allegheny County, Pennsylvania",545,485,30,10,10,75,55,4,80,4,0,40,4,0,260,20,0,60,0,0,0,10,0,4,25,0,0,0,0,0,30,0,0,185,83,0.449,0.333,35,4,0.114,
42003428200,"Census Tract 4282, Allegheny County, Pennsylvania",945,815,80,0,65,75,30,0,110,25,0,140,4,0,410,0,0,130,15,0,15,40,0,40,50,0,0,0,0,0,25,0,0,265,120,0.453,0.812,105,55,0.524,1.0
42003429100,"Census Tract 4291, Allegheny County, Pennsylvania",1175,735,30,0,0,25,25,0,80,20,0,180,0,0,420,0,0,440,45,0,35,45,10,20,170,75,0,95,0,0,85,0,0,135,45,0.333,0.0,260,140,0.538,0.778
42003429201,"Census Tract 4292.01, Allegheny County, Pennsylvania",2025,1460,70,0,70,80,20,40,60,15,4,165,15,0,1085,25,0,565,75,20,30,25,15,0,15,15,0,105,10,0,350,0,0,210,149,0.71,1.0,115,80,0.696,0.4
42003429202,"Census Tract 4292.02, Allegheny County, Pennsylvania",1790,1640,120,35,75,105,0,55,120,35,10,120,0,0,1175,90,0,150,10,0,10,0,0,0,35,0,0,0,0,0,100,0,0,345,210,0.609,0.625,45,10,0.222,1.0
42003429300,"Census Tract 4293, Allegheny County, Pennsylvania",2710,2230,155,0,125,295,50,130,205,70,0,305,40,0,1265,25,15,480,60,15,50,95,95,0,65,15,0,45,0,0,215,0,0,655,375,0.573,0.806,220,175,0.795,0.833
42003429400,"Census Tract 4294, Allegheny County, Pennsylvania",1785,1610,95,4,85,190,65,10,210,55,0,155,15,15,960,4,0,175,50,0,50,20,10,0,45,0,0,15,0,0,50,0,0,495,219,0.442,0.895,115,60,0.522,1.0
42003429500,"Census Tract 4295, Allegheny County, Pennsylvania",2310,1325,130,15,55,55,15,10,170,55,0,215,35,0,760,0,0,985,185,35,115,185,145,0,435,240,0,50,0,0,135,0,0,355,150,0.423,0.423,805,535,0.665,0.622
42003429600,"Census Tract 4296, Allegheny County, Pennsylvania",1575,1030,40,4,15,85,30,0,110,25,10,150,0,0,645,0,0,545,45,10,30,60,60,0,120,50,0,130,0,0,190,30,0,235,84,0.357,0.375,225,150,0.667,0.667
42003429700,"Census Tract 4297, Allegheny County, Pennsylvania",1005,890,130,10,120,170,65,45,175,40,0,125,30,0,285,0,0,115,20,10,10,30,30,0,35,0,0,35,0,0,0,0,0,475,280,0.589,0.923,85,50,0.588,0.5
42003430100,"Census Tract 4301, Allegheny County, Pennsylvania",960,605,55,25,15,40,10,4,60,25,0,110,0,0,340,0,0,355,150,15,135,35,15,0,65,10,0,30,0,0,70,0,0,155,79,0.51,0.273,250,175,0.7,0.9
42003430200,"Census Tract 4302, Allegheny County, Pennsylvania",1845,1365,20,0,0,65,35,0,265,0,0,100,20,0,915,0,0,480,105,35,55,140,120,0,135,40,0,60,0,0,45,0,0,350,35,0.1,0.0,380,250,0.658,0.524
42003431100,"Census Tract 4311, Allegheny County, Pennsylvania",1715,835,65,0,55,60,20,0,90,20,0,150,10,0,475,10,0,880,185,0,140,185,150,0,250,85,30,125,0,0,135,0,0,215,95,0.442,0.846,620,405,0.653,0.757
42003431400,"Census Tract 4314, Allegheny County, Pennsylvania",895,545,15,4,4,55,30,0,140,40,0,90,0,0,245,0,0,350,20,0,10,80,55,25,90,25,0,40,15,0,125,0,0,210,78,0.371,0.267,190,115,0.605,0.5
42003431500,"Census Tract 4315, Allegheny County, Pennsylvania",1710,405,65,0,35,30,15,4,35,10,0,10,0,0,265,0,0,1305,140,15,100,280,155,70,295,55,0,150,0,0,435,0,0,130,64,0.492,0.538,715,395,0.552,0.714
42003432300,"Census Tract 4323, Allegheny County, Pennsylvania",1375,565,45,4,40,135,25,55,40,0,15,15,0,0,325,0,0,815,195,25,90,220,30,50,300,25,0,20,0,0,80,0,0,220,139,0.632,0.889,715,220,0.308,0.462
42003432400,"Census Tract 4324, Allegheny County, Pennsylvania",1255,545,60,15,15,85,15,50,60,15,0,50,10,0,290,0,0,710,150,30,115,140,95,45,200,35,0,95,0,0,125,0,0,205,110,0.537,0.25,490,320,0.653,0.767
42003434000,"Census Tract 4340, Allegheny County, Pennsylvania",780,595,15,0,10,40,15,20,30,15,4,55,4,10,455,20,0,185,40,4,30,15,15,0,45,10,0,25,4,0,65,0,0,85,64,0.753,0.667,100,59,0.59,0.75
42003435000,"Census Tract 4350, Allegheny County, Pennsylvania",1105,740,55,15,35,50,4,20,180,40,0,60,10,0,395,15,0,365,75,0,75,70,30,4,160,90,0,30,10,0,30,0,0,285,114,0.4,0.636,305,199,0.652,1.0
42003437000,"Census Tract 4370, Allegheny County, Pennsylvania",2555,2205,80,20,40,40,20,0,205,40,75,145,55,20,1740,40,0,350,20,0,20,0,0,0,65,65,0,70,15,0,190,0,0,325,195,0.6,0.5,85,85,1.0,1.0
42003439000,"Census Tract 4390, Allegheny County, Pennsylvania",575,530,25,4,15,25,10,4,45,4,0,35,0,0,400,20,0,45,10,0,10,4,0,0,10,4,0,4,0,0,15,0,0,95,37,0.389,0.6,24,14,0.583,1.0
42003445500,"Census Tract 4455, Allegheny County, Pennsylvania",1665,1085,55,15,40,140,50,0,60,30,25,105,4,75,720,65,4,580,190,25,145,110,40,40,95,45,0,75,4,0,110,0,0,255,160,0.627,0.727,395,295,0.747,0.763
42003446000,"Census Tract 4460, Allegheny County, Pennsylvania",575,525,10,0,10,10,4,4,45,4,4,25,10,10,430,40,10,50,10,0,4,4,0,0,4,0,0,4,0,0,25,0,0,65,26,0.4,1.0,18,4,0.222,0.4
42003447000,"Census Tract 4470, Allegheny County, Pennsylvania",645,470,30,15,4,25,15,4,40,15,0,70,4,0,305,4,0,175,0,0,0,115,100,0,20,0,0,15,4,0,20,0,0,95,53,0.558,0.133,135,100,0.741,
42003448000,"Census Tract 4480, Allegheny County, Pennsylvania",570,300,35,20,4,30,4,15,70,4,0,45,0,0,115,0,0,270,30,4,0,30,0,4,80,20,0,60,15,0,75,0,0,135,47,0.348,0.114,140,28,0.2,0.0
42003449000,"Census Tract 4490, Allegheny County, Pennsylvania",1035,925,110,65,30,60,20,20,135,25,20,130,10,0,490,4,0,110,20,0,10,10,10,0,50,30,0,30,0,0,4,0,0,305,180,0.59,0.273,80,50,0.625,0.5
42003450700,"Census Tract 4507, Allegheny County, Pennsylvania",1355,765,45,10,30,105,45,35,200,50,0,90,0,0,320,0,0,590,145,10,105,110,45,0,190,60,0,120,10,0,30,0,0,350,170,0.486,0.667,445,220,0.494,0.724
42003450800,"Census Tract 4508, Allegheny County, Pennsylvania",1160,505,95,40,30,15,10,0,70,10,0,75,30,0,250,0,35,655,220,70,105,115,95,0,165,45,0,100,0,0,55,0,0,180,90,0.5,0.316,500,315,0.63,0.477
42003451101,"Census Tract 4511.01, Allegheny County, Pennsylvania",1550,1385,30,10,4,75,0,25,115,10,4,170,45,0,995,15,0,165,25,0,20,40,10,0,20,0,0,0,0,0,80,0,0,220,53,0.241,0.133,85,30,0.353,0.8
42003451102,"Census Tract 4511.02, Allegheny County, Pennsylvania",2195,1440,35,0,30,100,0,65,205,60,15,105,0,0,995,105,30,755,85,0,55,30,25,0,215,20,4,25,0,0,400,0,0,340,170,0.5,0.857,330,104,0.315,0.647
42003451104,"Census Tract 4511.04, Allegheny County, Pennsylvania",1380,1365,10,0,0,35,0,25,120,20,0,195,100,0,995,0,0,20,4,0,4,0,0,0,0,0,0,0,0,0,10,0,0,165,45,0.273,0.0,4,4,1.0,1.0
42003451105,"Census Tract 4511.05, Allegheny County, Pennsylvania",2155,1145,25,25,0,55,25,0,120,30,0,80,30,0,865,0,0,1010,105,4,100,165,85,80,200,130,0,55,15,0,485,0,0,200,80,0.4,0.0,470,399,0.849,0.952
42003451300,"Census Tract 4513, Allegheny County, Pennsylvania",2880,2610,65,15,45,115,30,30,400,100,15,375,175,15,1655,15,15,270,20,10,10,25,25,0,40,0,25,30,10,0,155,15,25,580,235,0.405,0.692,85,70,0.824,0.5
42003452000,"Census Tract 4520, Allegheny County, Pennsylvania",2895,2085,105,0,70,120,40,20,355,45,0,140,40,0,1360,120,0,810,200,120,55,145,70,15,135,40,0,25,0,0,305,0,0,580,175,0.302,0.667,480,300,0.625,0.275
42003453003,"Census Tract 4530.03, Allegheny County, Pennsylvania",760,635,45,4,30,25,0,0,80,25,4,60,0,0,425,10,10,125,15,0,10,20,15,0,25,0,0,10,0,0,55,10,0,150,63,0.42,0.667,60,25,0.417,0.667
42003453004,"Census Tract 4530.04, Allegheny County, Pennsylvania",3420,2270,125,15,90,140,50,20,260,80,25,90,40,0,1655,30,0,1150,230,70,30,80,80,0,105,80,0,150,65,0,580,15,0,525,280,0.533,0.72,415,260,0.627,0.13
42003455000,"Census Tract 4550, Allegheny County, Pennsylvania",660,520,20,20,0,45,4,10,65,10,0,70,0,0,320,4,0,140,30,4,20,45,10,4,10,4,0,4,0,0,50,0,0,130,44,0.338,0.0,85,42,0.494,0.667
42003456001,"Census Tract 4560.01, Allegheny County, Pennsylvania",1620,1475,20,0,20,50,0,30,110,0,55,250,55,0,1050,50,0,145,40,0,30,35,20,0,10,10,0,0,0,0,60,0,0,180,105,0.583,1.0,85,60,0.706,0.75
42003456003,"Census Tract 4560.03, Allegheny County, Pennsylvania",2660,2505,55,0,55,55,25,15,130,60,0,235,25,15,2030,105,0,155,65,0,50,60,45,0,15,0,0,0,0,0,20,0,0,240,155,0.646,1.0,140,95,0.679,0.769
42003456004,"Census Tract 4560.04, Allegheny County, Pennsylvania",2505,1720,25,0,25,90,0,60,250,70,40,165,0,0,1185,55,0,785,95,0,85,125,15,110,255,60,45,115,10,45,200,0,0,365,195,0.534,1.0,475,315,0.663,0.895
42003457100,"Census Tract 4571, Allegheny County, Pennsylvania",690,380,35,4,20,35,0,0,75,4,20,40,0,0,195,0,0,310,85,35,20,25,4,15,70,15,0,40,0,0,95,0,0,145,48,0.331,0.571,180,89,0.494,0.235
42003457200,"Census Tract 4572, Allegheny County, Pennsylvania",1795,1120,75,20,35,210,30,35,185,55,0,215,20,0,435,0,0,670,215,45,85,135,115,10,145,10,0,0,0,0,180,0,0,470,175,0.372,0.467,495,265,0.535,0.395
42003458001,"Census Tract 4580.01, Allegheny County, Pennsylvania",1835,1420,140,0,130,15,0,10,135,75,0,75,0,45,1055,75,0,420,0,0,0,60,0,60,65,40,0,35,30,0,260,0,0,290,215,0.741,0.929,125,100,0.8,
42003458002,"Census Tract 4580.02, Allegheny County, Pennsylvania",2075,1925,145,20,115,135,35,60,475,90,10,130,10,0,1040,25,0,150,30,0,30,100,50,50,0,0,0,0,0,0,20,0,0,755,330,0.437,0.793,130,130,1.0,1.0
42003459101,"Census Tract 4591.01, Allegheny County, Pennsylvania",685,560,50,10,15,20,0,4,75,35,0,50,4,0,370,45,0,125,60,35,25,25,4,0,25,25,0,0,0,0,10,0,0,145,64,0.441,0.3,110,89,0.809,0.417
42003459102,"Census Tract 4591.02, Allegheny County, Pennsylvania",2450,1795,85,20,15,60,10,0,85,45,25,230,40,0,1340,30,0,650,25,0,25,30,0,30,185,150,0,0,0,0,410,0,0,230,115,0.5,0.176,240,205,0.854,1.0
42003459201,"Census Tract 4592.01, Allegheny County, Pennsylvania",3425,1930,15,4,0,205,145,0,315,15,0,140,35,0,1255,20,0,1495,115,0,115,75,40,10,335,230,0,215,135,0,760,0,0,535,164,0.307,0.0,525,395,0.752,1.0
42003459202,"Census Tract 4592.02, Allegheny County, Pennsylvania",460,320,15,4,4,30,15,4,50,4,0,45,0,0,175,4,0,140,45,0,45,4,0,4,15,4,0,20,4,0,60,0,0,95,31,0.326,0.267,64,53,0.828,1.0
42003460001,"Census Tract 4600.01, Allegheny County, Pennsylvania",2155,1700,75,35,25,130,15,35,240,65,0,265,20,0,990,50,0,455,80,0,0,65,15,55,80,45,0,160,0,0,70,0,0,445,175,0.393,0.333,225,115,0.511,0.0
42003460002,"Census Tract 4600.02, Allegheny County, Pennsylvania",1590,1230,100,10,65,115,25,10,170,25,15,135,25,0,710,0,0,365,30,0,15,105,30,55,60,10,15,20,20,0,150,0,0,385,150,0.39,0.65,195,125,0.641,0.5
42003461000,"Census Tract 4610, Allegheny County, Pennsylvania",525,280,15,4,15,30,10,4,95,4,0,40,4,0,95,4,0,245,55,10,35,20,4,4,65,4,0,40,0,0,60,0,0,140,37,0.264,1.0,140,57,0.407,0.636
42003462100,"Census Tract 4621, Allegheny County, Pennsylvania",1135,600,45,10,10,70,0,0,115,4,0,70,0,0,300,0,0,535,200,20,35,115,70,0,30,10,0,105,0,0,85,0,0,230,24,0.104,0.222,345,135,0.391,0.175
42003462600,"Census Tract 4626, Allegheny County, Pennsylvania",1670,795,120,70,40,150,15,0,210,25,0,4,0,0,315,4,0,875,255,10,215,120,55,0,280,0,0,115,0,0,110,0,0,480,150,0.312,0.333,655,280,0.427,0.843
42003463900,"Census Tract 4639, Allegheny County, Pennsylvania",1450,805,55,25,10,210,15,0,330,60,25,70,0,0,145,0,0,645,235,15,100,130,35,30,10,0,0,50,0,0,225,0,0,595,135,0.227,0.182,375,180,0.48,0.426
42003464300,"Census Tract 4643, Allegheny County, Pennsylvania",1500,940,110,15,60,90,20,10,140,10,0,110,15,0,495,0,0,560,185,40,85,50,30,20,90,4,0,40,0,0,190,0,0,340,115,0.338,0.545,325,179,0.551,0.459
42003464400,"Census Tract 4644, Allegheny County, Pennsylvania",1435,500,235,75,130,55,0,25,45,0,4,45,0,0,125,0,0,930,500,60,285,200,95,0,155,10,0,45,0,0,40,0,0,335,234,0.699,0.553,855,450,0.526,0.57
42003465600,"Census Tract 4656, Allegheny County, Pennsylvania",1330,660,20,0,10,35,25,0,100,30,0,130,0,0,375,10,0,670,185,4,100,270,70,120,80,35,0,35,10,0,100,0,0,155,65,0.419,0.5,535,329,0.615,0.541
42003465800,"Census Tract 4658, Allegheny County, Pennsylvania",1710,1160,35,15,20,60,15,15,165,20,0,95,20,0,805,4,0,550,105,0,15,65,40,0,165,65,0,45,0,0,170,0,0,260,85,0.327,0.571,335,120,0.358,0.143
42003468700,"Census Tract 4687, Allegheny County, Pennsylvania",790,515,10,4,0,10,0,0,95,20,4,95,10,0,305,4,0,275,100,10,50,60,45,4,30,4,0,20,0,0,75,0,0,115,28,0.243,0.0,190,113,0.595,0.5
42003468800,"Census Tract 4688, Allegheny County, Pennsylvania",1285,790,45,10,25,30,15,0,70,35,0,145,0,0,505,10,0,495,190,15,55,125,65,35,100,4,0,35,0,0,45,0,0,145,85,0.586,0.556,415,174,0.419,0.289
42003468900,"Census Tract 4689, Allegheny County, Pennsylvania",1995,985,125,55,70,155,55,30,140,65,0,55,10,0,515,15,0,1010,165,60,15,235,65,35,260,40,0,85,0,0,270,0,0,420,275,0.655,0.56,660,215,0.326,0.091
42003469000,"Census Tract 4690, Allegheny County, Pennsylvania",2335,1715,160,15,75,95,35,30,320,150,0,45,0,0,1095,15,0,620,100,15,65,55,0,55,150,30,20,25,15,0,295,0,0,575,305,0.53,0.469,305,185,0.607,0.65
42003470300,"Census Tract 4703, Allegheny County, Pennsylvania",1815,1340,85,30,35,110,25,35,230,45,20,210,60,0,710,0,0,470,35,0,35,45,25,15,230,95,20,30,0,10,135,25,10,425,190,0.447,0.412,310,190,0.613,1.0
42003470400,"Census Tract 4704, Allegheny County, Pennsylvania",1365,1215,40,4,25,85,25,4,160,30,0,95,0,0,835,30,0,145,50,0,50,25,0,25,25,0,0,15,0,0,30,0,0,285,88,0.309,0.625,100,75,0.75,1.0
42003470501,"Census Tract 4705.01, Allegheny County, Pennsylvania",2260,620,50,20,30,75,45,15,85,15,20,55,0,0,350,0,0,1640,80,0,20,55,0,40,120,45,0,210,40,0,1175,0,0,210,145,0.69,0.6,255,105,0.412,0.25
42003470502,"Census Tract 4705.02, Allegheny County, Pennsylvania",1215,1065,70,10,20,75,4,25,75,0,4,80,15,0,760,35,0,150,10,0,10,10,10,0,40,0,0,45,0,0,45,15,0,220,63,0.286,0.286,60,20,0.333,1.0
42003470600,"Census Tract 4706, Allegheny County, Pennsylvania",1475,915,40,0,10,125,50,0,180,60,0,160,0,0,405,0,0,560,40,10,10,75,20,0,165,25,0,105,20,0,175,0,0,345,120,0.348,0.25,280,65,0.232,0.25
42003471000,"Census Tract 4710, Allegheny County, Pennsylvania",660,465,35,0,35,30,0,4,120,30,0,85,10,0,195,0,0,195,25,0,15,40,30,4,45,4,0,15,0,0,70,4,0,185,69,0.373,1.0,110,53,0.482,0.6
42003472100,"Census Tract 4721, Allegheny County, Pennsylvania",1155,640,65,0,65,20,10,0,50,0,10,135,10,0,370,0,0,520,60,0,50,65,40,10,150,15,0,80,0,0,165,0,0,135,85,0.63,1.0,275,115,0.418,0.833
42003472200,"Census Tract 4722, Allegheny County, Pennsylvania",1245,545,10,0,10,70,50,0,40,0,0,65,0,0,355,0,0,700,155,35,120,195,165,35,120,35,0,65,0,0,160,0,0,120,60,0.5,1.0,470,390,0.83,0.774
42003472300,"Census Tract 4723, Allegheny County, Pennsylvania",955,490,10,0,10,90,55,20,30,10,0,35,0,0,325,0,0,465,85,0,85,75,70,4,105,20,0,50,0,0,150,0,4,130,95,0.731,1.0,265,179,0.675,1.0
42003472400,"Census Tract 4724, Allegheny County, Pennsylvania",800,730,75,4,75,40,4,4,115,10,4,30,4,0,470,10,0,70,4,0,4,20,20,4,4,0,0,10,0,0,30,0,0,230,101,0.439,1.0,28,28,1.0,1.0
42003473100,"Census Tract 4731, Allegheny County, Pennsylvania",2030,1345,45,0,30,55,0,25,40,15,0,80,20,45,1125,95,0,685,175,25,85,190,45,0,105,0,0,50,0,0,165,0,0,140,70,0.5,0.667,470,155,0.33,0.486
42003473200,"Census Tract 4732, Allegheny County, Pennsylvania",1495,730,45,0,0,40,30,0,95,45,20,10,0,0,545,0,0,765,175,0,105,105,75,15,160,55,0,55,0,0,275,0,0,180,95,0.528,0.0,440,250,0.568,0.6
42003473300,"Census Tract 4733, Allegheny County, Pennsylvania",2410,1835,70,0,60,35,25,10,240,85,15,15,0,0,1475,35,0,575,105,45,50,35,0,10,100,45,40,55,0,0,280,0,0,345,195,0.565,0.857,240,190,0.792,0.476
42003473401,"Census Tract 4734.01, Allegheny County, Pennsylvania",1520,1035,75,0,55,4,0,0,25,0,10,75,25,0,850,60,0,485,100,0,85,95,65,0,90,45,0,55,0,0,150,0,0,104,65,0.625,0.733,285,195,0.684,0.85
42003473402,"Census Tract 4734.02, Allegheny County, Pennsylvania",1455,1175,60,0,60,25,0,10,60,4,0,90,20,10,940,10,10,280,40,0,40,100,35,65,65,20,10,15,0,0,60,10,0,145,74,0.51,1.0,205,170,0.829,1.0
42003473500,"Census Tract 4735, Allegheny County, Pennsylvania",1260,1215,0,0,0,20,0,20,75,25,30,105,15,10,1015,15,0,45,0,0,0,25,25,0,0,0,0,4,4,0,15,0,0,95,75,0.789,,25,25,1.0,
42003473601,"Census Tract 4736.01, Allegheny County, Pennsylvania",1600,1335,85,0,20,35,10,20,175,65,20,110,0,10,935,20,25,265,45,0,45,100,60,25,60,30,0,10,0,0,50,0,0,295,135,0.458,0.235,205,160,0.78,1.0
42003473602,"Census Tract 4736.02, Allegheny County, Pennsylvania",1870,1630,50,25,25,160,105,10,150,25,35,90,10,0,1180,45,15,240,55,10,45,30,0,20,45,10,20,0,0,0,110,30,0,360,225,0.625,0.5,130,105,0.808,0.818
42003474101,"Census Tract 4741.01, Allegheny County, Pennsylvania",1500,1300,40,0,40,90,20,60,100,40,20,120,0,10,955,45,0,205,95,10,35,15,0,15,10,10,0,50,0,0,35,0,0,230,180,0.783,1.0,120,70,0.583,0.368
42003474102,"Census Tract 4741.02, Allegheny County, Pennsylvania",1390,1160,20,0,20,50,0,25,60,15,25,35,0,15,990,20,45,230,50,0,30,90,10,50,10,0,0,20,0,20,60,0,0,130,85,0.654,1.0,150,90,0.6,0.6
42003474201,"Census Tract 4742.01, Allegheny County, Pennsylvania",945,920,4,0,4,45,25,10,55,35,4,30,0,4,780,30,4,30,0,0,0,0,0,0,4,0,4,0,0,0,25,10,0,104,78,0.75,1.0,4,4,1.0,
42003474202,"Census Tract 4742.02, Allegheny County, Pennsylvania",2035,1625,30,0,30,135,20,115,130,4,10,75,0,4,1260,55,0,410,10,0,10,70,0,70,45,10,35,65,65,0,220,80,10,295,179,0.607,1.0,125,125,1.0,1.0
42003474203,"Census Tract 4742.03, Allegheny County, Pennsylvania",1755,1735,50,0,30,60,20,30,265,30,20,130,25,0,1230,75,0,25,10,0,0,0,0,0,10,10,0,0,0,0,4,0,0,375,130,0.347,0.6,20,10,0.5,0.0
42003475101,"Census Tract 4751.01, Allegheny County, Pennsylvania",2320,1295,155,15,130,45,0,0,115,15,20,185,25,0,790,0,0,1025,90,15,75,175,10,140,150,95,35,130,40,0,480,0,20,315,180,0.571,0.839,415,370,0.892,0.833
42003475102,"Census Tract 4751.02, Allegheny County, Pennsylvania",680,655,25,0,25,10,0,0,105,4,4,40,15,4,470,15,0,30,4,0,4,10,0,10,15,15,0,0,0,0,0,0,0,140,33,0.236,1.0,29,29,1.0,1.0
42003475200,"Census Tract 4752, Allegheny County, Pennsylvania",2240,1895,145,0,75,70,25,4,195,35,0,210,15,0,1275,25,0,345,40,0,30,40,0,40,60,50,0,30,0,0,175,0,0,410,139,0.339,0.517,140,120,0.857,0.75
42003475301,"Census Tract 4753.01, Allegheny County, Pennsylvania",2270,1700,245,175,25,295,0,0,275,65,0,85,15,0,800,0,0,570,110,0,110,65,45,20,225,75,0,110,15,0,60,0,0,815,265,0.325,0.102,400,250,0.625,1.0
42003475303,"Census Tract 4753.03, Allegheny County, Pennsylvania",1720,1595,25,0,15,60,30,0,135,40,0,85,15,0,1290,25,0,125,55,0,25,45,0,40,4,0,0,10,0,0,15,15,0,220,85,0.386,0.6,104,65,0.625,0.455
42003475304,"Census Tract 4753.04, Allegheny County, Pennsylvania",2390,1960,75,10,50,145,15,65,200,15,15,65,0,0,1475,15,0,430,55,0,55,95,0,95,135,60,0,20,0,0,130,0,0,420,170,0.405,0.667,285,210,0.737,1.0
42003475401,"Census Tract 4754.01, Allegheny County, Pennsylvania",1835,1425,60,10,10,105,25,25,175,40,0,90,20,0,990,60,0,415,65,10,55,65,20,0,50,10,0,10,0,0,220,0,0,340,110,0.324,0.167,180,95,0.528,0.846
42003475402,"Census Tract 4754.02, Allegheny County, Pennsylvania",1370,1085,70,15,50,45,40,0,85,0,0,45,0,0,840,55,0,285,0,0,0,50,50,0,130,30,0,15,0,0,85,0,0,200,105,0.525,0.714,180,80,0.444,
42003476100,"Census Tract 4761, Allegheny County, Pennsylvania",2295,925,50,15,35,75,30,0,265,60,0,65,15,0,470,0,0,1370,210,0,170,115,70,20,485,165,0,300,30,0,260,0,0,390,140,0.359,0.7,810,425,0.525,0.81
42003476200,"Census Tract 4762, Allegheny County, Pennsylvania",1470,1255,120,30,90,95,20,10,215,45,0,125,0,0,700,0,0,215,25,0,25,25,10,15,35,0,25,4,0,0,130,0,0,430,195,0.453,0.75,85,75,0.882,1.0
42003477100,"Census Tract 4771, Allegheny County, Pennsylvania",1755,1675,140,0,115,110,15,60,245,55,10,185,35,0,990,4,0,85,55,0,55,0,0,0,10,10,0,0,0,0,20,0,0,495,255,0.515,0.821,65,65,1.0,1.0
42003477200,"Census Tract 4772, Allegheny County, Pennsylvania",2110,1555,100,25,55,100,10,40,230,105,0,95,0,0,1035,20,0,555,85,0,85,115,15,90,215,140,60,100,10,0,40,0,0,430,235,0.547,0.55,415,390,0.94,1.0
42003477300,"Census Tract 4773, Allegheny County, Pennsylvania",2975,1845,100,15,55,170,65,40,165,0,10,235,0,0,1175,10,0,1130,390,70,240,240,125,0,385,20,0,20,0,0,95,0,0,435,185,0.425,0.55,1015,455,0.448,0.615
42003478100,"Census Tract 4781, Allegheny County, Pennsylvania",2020,1160,140,15,80,115,60,0,190,75,10,35,0,0,680,10,0,860,230,30,160,255,135,75,130,10,10,80,0,0,165,0,0,445,240,0.539,0.571,615,420,0.683,0.696
42003478200,"Census Tract 4782, Allegheny County, Pennsylvania",2600,1810,75,20,55,160,20,20,460,105,0,250,25,0,860,0,0,790,310,240,70,215,130,30,130,0,0,75,0,0,60,0,0,695,220,0.317,0.733,655,470,0.718,0.226
42003479000,"Census Tract 4790, Allegheny County, Pennsylvania",830,795,30,4,15,60,35,10,175,80,4,115,4,0,415,10,15,35,4,0,4,0,0,0,25,10,0,0,0,0,4,0,0,265,148,0.558,0.5,29,14,0.483,1.0
42003480101,"Census Tract 4801.01, Allegheny County, Pennsylvania",2340,1120,55,10,45,185,75,15,165,55,0,175,0,0,545,20,0,1220,300,60,180,330,215,70,295,60,0,120,0,0,175,0,0,405,200,0.494,0.818,925,585,0.632,0.6
42003480102,"Census Tract 4801.02, Allegheny County, Pennsylvania",1240,1100,20,0,20,125,45,4,155,15,0,175,50,0,630,0,0,140,25,0,25,4,4,0,45,35,0,30,15,0,30,0,0,300,84,0.28,1.0,74,64,0.865,1.0
42003480200,"Census Tract 4802, Allegheny County, Pennsylvania",1505,1410,70,0,25,105,25,0,210,65,10,160,20,0,860,25,0,95,0,0,0,0,0,0,80,0,0,0,0,0,15,0,0,385,125,0.325,0.357,80,0,0.0,
42003480300,"Census Tract 4803, Allegheny County, Pennsylvania",1570,1260,75,40,35,195,25,30,260,90,0,90,15,0,640,15,0,310,45,4,0,40,40,0,55,15,0,65,0,0,100,0,0,530,220,0.415,0.467,140,59,0.421,0.0
42003480400,"Census Tract 4804, Allegheny County, Pennsylvania",2360,1965,135,0,135,120,40,40,280,30,0,140,0,0,1290,0,0,400,110,0,85,90,20,0,50,0,0,15,0,0,130,0,0,535,245,0.458,1.0,250,105,0.42,0.773
42003481000,"Census Tract 4810, Allegheny County, Pennsylvania",1460,660,100,10,55,115,55,35,150,10,0,25,0,0,275,0,0,795,285,15,240,305,110,160,135,15,0,25,0,0,45,0,0,365,165,0.452,0.55,725,540,0.745,0.842
42003482500,"Census Tract 4825, Allegheny County, Pennsylvania",810,640,55,10,30,45,30,4,120,4,0,45,4,0,370,0,0,170,50,4,40,25,10,0,15,4,0,35,0,0,45,0,0,220,78,0.355,0.545,90,58,0.644,0.8
42003483800,"Census Tract 4838, Allegheny County, Pennsylvania",1265,350,80,0,20,115,4,0,80,0,0,0,0,0,70,0,0,915,410,55,155,175,145,30,120,55,0,95,4,0,115,0,0,275,24,0.087,0.25,705,440,0.624,0.378
42003484300,"Census Tract 4843, Allegheny County, Pennsylvania",1500,660,75,0,35,55,25,0,85,20,0,65,0,0,385,0,0,840,185,35,35,275,170,65,190,10,10,25,0,0,160,0,0,215,80,0.372,0.467,650,325,0.5,0.189
42003484500,"Census Tract 4845, Allegheny County, Pennsylvania",2640,2020,195,30,165,420,65,15,490,30,0,180,0,0,740,20,0,620,160,55,65,140,20,0,155,20,0,30,0,0,135,0,0,1105,305,0.276,0.846,455,160,0.352,0.406
42003484600,"Census Tract 4846, Allegheny County, Pennsylvania",1010,535,40,10,15,120,75,20,155,10,20,30,0,0,185,0,0,475,235,60,160,85,10,60,70,30,0,30,0,0,50,0,0,315,150,0.476,0.375,390,320,0.821,0.681
42003485000,"Census Tract 4850, Allegheny County, Pennsylvania",570,330,45,15,15,30,0,4,50,0,0,75,0,0,135,0,0,235,60,4,40,20,20,0,85,0,0,65,0,0,10,0,0,125,34,0.272,0.333,165,64,0.388,0.667
42003486700,"Census Tract 4867, Allegheny County, Pennsylvania",945,340,70,10,40,50,25,0,115,0,10,40,0,0,70,0,0,605,180,60,75,115,10,0,195,0,0,55,45,0,60,0,0,235,85,0.362,0.571,490,145,0.296,0.417
42003486800,"Census Tract 4868, Allegheny County, Pennsylvania",505,265,45,15,15,20,4,0,110,0,0,10,0,0,80,0,0,235,110,15,85,4,4,0,50,0,0,35,0,0,35,0,0,175,34,0.194,0.333,164,104,0.634,0.773
42003486900,"Census Tract 4869, Allegheny County, Pennsylvania",635,325,50,10,10,50,10,0,100,10,0,40,0,0,85,0,0,310,120,30,70,65,15,10,55,0,0,4,0,0,65,0,0,200,40,0.2,0.2,240,125,0.521,0.583
42003487000,"Census Tract 4870, Allegheny County, Pennsylvania",825,420,35,15,10,40,4,0,110,20,0,45,0,0,185,0,0,400,140,35,105,110,20,0,95,4,0,15,0,0,40,0,0,185,49,0.265,0.286,345,164,0.475,0.75
42003488100,"Census Tract 4881, Allegheny County, Pennsylvania",900,760,65,30,35,65,10,0,120,10,0,90,25,0,415,0,0,145,70,40,10,4,0,0,15,4,0,45,0,0,4,0,0,250,85,0.34,0.538,89,54,0.607,0.143
42003488200,"Census Tract 4882, Allegheny County, Pennsylvania",1295,980,90,10,55,155,0,45,190,25,0,85,0,0,460,0,0,320,150,15,55,65,40,15,75,0,0,15,0,0,15,0,0,435,135,0.31,0.611,290,125,0.431,0.367
42003488300,"Census Tract 4883, Allegheny County, Pennsylvania",865,785,130,45,40,95,40,40,135,4,0,70,0,0,350,0,0,80,10,0,4,15,10,0,10,4,0,4,0,0,40,0,0,360,169,0.469,0.308,35,18,0.514,0.4
42003488400,"Census Tract 4884, Allegheny County, Pennsylvania",1930,1385,275,60,105,95,50,0,315,35,15,170,0,0,535,0,0,540,220,65,80,95,15,15,65,0,0,15,0,0,145,0,0,685,265,0.387,0.382,380,175,0.461,0.364
42003488500,"Census Tract 4885, Allegheny County, Pennsylvania",1270,1015,145,105,30,140,25,0,130,20,30,195,0,0,405,0,0,255,35,0,35,80,15,0,85,0,0,10,0,0,45,0,0,415,210,0.506,0.207,200,50,0.25,1.0
42003488600,"Census Tract 4886, Allegheny County, Pennsylvania",2040,1705,155,55,55,95,45,10,270,15,15,400,15,0,790,0,0,335,185,55,40,0,0,0,60,45,15,50,0,0,40,0,0,520,195,0.375,0.355,245,155,0.633,0.216
42003489001,"Census Tract 4890.01, Allegheny County, Pennsylvania",1975,1420,35,0,35,135,70,30,155,25,0,90,0,0,1005,25,0,550,90,0,75,75,0,15,200,15,80,25,0,0,165,0,0,325,160,0.492,1.0,365,185,0.507,0.833
42003489002,"Census Tract 4890.02, Allegheny County, Pennsylvania",1575,1360,75,20,55,40,25,0,290,25,4,165,10,0,790,20,0,220,40,0,15,25,25,0,25,0,0,45,0,0,85,0,0,405,129,0.319,0.733,90,40,0.444,0.375
42003490002,"Census Tract 4900.02, Allegheny County, Pennsylvania",2400,1560,45,0,30,175,45,0,245,10,40,140,15,15,955,45,0,840,115,0,95,210,160,35,255,130,35,85,0,0,175,0,0,465,125,0.269,0.667,580,455,0.784,0.826
42003490003,"Census Tract 4900.03, Allegheny County, Pennsylvania",1415,1200,60,0,45,80,60,4,65,0,0,155,20,0,840,0,0,215,55,0,45,20,0,20,40,10,0,15,0,0,85,0,0,205,109,0.532,0.75,115,75,0.652,0.818
42003490004,"Census Tract 4900.04, Allegheny County, Pennsylvania",1860,1770,50,10,20,75,4,20,270,40,0,145,10,0,1230,10,4,90,40,10,20,10,10,0,10,0,0,0,0,0,25,0,0,395,94,0.238,0.4,60,40,0.667,0.5
42003491101,"Census Tract 4911.01, Allegheny County, Pennsylvania",2765,2565,105,15,55,110,50,15,180,60,0,160,45,0,2010,120,0,200,10,10,0,55,0,55,0,0,0,40,0,0,100,0,0,395,195,0.494,0.524,65,65,1.0,0.0
42003491200,"Census Tract 4912, Allegheny County, Pennsylvania",975,665,25,4,15,45,20,4,95,10,0,25,0,0,475,0,0,310,20,0,10,40,10,25,40,15,0,20,0,0,190,0,0,165,53,0.321,0.6,100,60,0.6,0.5
42003492700,"Census Tract 4927, Allegheny County, Pennsylvania",860,535,90,25,45,85,10,0,125,30,0,45,0,0,185,0,0,325,145,15,125,110,55,15,55,0,0,10,0,0,4,0,0,300,110,0.367,0.5,310,210,0.677,0.862
42003492800,"Census Tract 4928, Allegheny County, Pennsylvania",1000,655,120,10,30,75,55,0,175,20,0,165,0,0,120,10,0,345,185,10,75,105,70,0,20,10,0,0,0,0,40,0,0,370,115,0.311,0.25,310,165,0.532,0.405
42003492900,"Census Tract 4929, Allegheny County, Pennsylvania",885,450,70,15,40,60,25,15,100,0,0,70,0,0,150,0,0,435,165,0,160,80,80,0,95,0,0,80,0,25,10,0,0,230,95,0.413,0.571,340,240,0.706,0.97
42003494000,"Census Tract 4940, Allegheny County, Pennsylvania",605,345,45,10,4,55,20,4,85,10,0,35,0,0,125,0,0,260,85,15,60,40,15,0,65,0,0,30,0,0,35,0,0,185,48,0.259,0.089,190,90,0.474,0.706
42003495000,"Census Tract 4950, Allegheny County, Pennsylvania",1375,1205,60,10,25,190,30,35,375,20,10,150,0,0,430,0,0,175,30,0,20,50,0,0,55,0,0,0,0,0,40,0,0,625,130,0.208,0.417,135,20,0.148,0.667
42003496101,"Census Tract 4961.01, Allegheny County, Pennsylvania",1245,1225,75,15,40,160,0,20,110,0,0,140,4,0,740,4,0,20,20,10,4,0,0,0,0,0,0,0,0,0,0,0,0,345,75,0.217,0.533,20,14,0.7,0.2
42003496102,"Census Tract 4961.02, Allegheny County, Pennsylvania",1745,1590,240,125,85,185,35,80,250,40,0,210,40,0,705,4,0,160,4,0,4,60,30,10,30,10,0,30,10,0,40,0,0,675,365,0.541,0.354,94,54,0.574,1.0
42003496200,"Census Tract 4962, Allegheny County, Pennsylvania",2365,1855,150,0,55,265,35,55,255,35,0,100,0,0,1085,15,0,510,75,25,50,145,145,0,165,0,0,55,0,0,70,0,0,670,180,0.269,0.367,385,220,0.571,0.667
42003497000,"Census Tract 4970, Allegheny County, Pennsylvania",425,340,25,10,4,50,4,4,50,4,0,45,0,0,170,0,0,90,4,0,4,0,0,0,25,0,0,10,0,0,50,0,0,125,26,0.208,0.16,29,4,0.138,1.0
42003498000,"Census Tract 4980, Allegheny County, Pennsylvania",1075,840,80,15,25,85,25,4,190,10,0,60,0,0,430,0,0,235,10,0,4,60,55,0,25,0,0,15,0,0,120,0,0,355,79,0.223,0.312,95,59,0.621,0.4
42003499300,"Census Tract 4993, Allegheny County, Pennsylvania",695,395,35,4,4,75,20,4,75,15,0,40,0,0,165,0,0,300,45,0,30,100,40,4,110,0,0,40,0,0,10,0,0,185,47,0.254,0.114,255,74,0.29,0.667
42003499400,"Census Tract 4994, Allegheny County, Pennsylvania",1100,815,115,30,45,185,75,10,200,20,0,90,0,0,230,0,0,285,80,25,55,70,40,30,70,10,0,35,0,0,25,0,0,500,180,0.36,0.391,220,160,0.727,0.688
42003500300,"Census Tract 5003, Allegheny County, Pennsylvania",1600,1210,215,105,65,135,10,0,275,40,0,165,0,0,425,0,0,390,45,10,0,70,30,0,85,0,0,85,0,0,105,0,0,625,220,0.352,0.302,200,40,0.2,0.0
42003501000,"Census Tract 5010, Allegheny County, Pennsylvania",810,385,65,15,20,55,10,10,70,10,0,40,0,0,160,0,0,425,115,25,80,125,115,0,110,10,0,4,0,0,70,0,0,190,65,0.342,0.308,350,230,0.657,0.696
42003503002,"Census Tract 5030.02, Allegheny County, Pennsylvania",2880,1895,125,20,105,155,55,30,395,35,25,90,10,0,1135,0,0,985,315,110,55,245,95,110,250,85,0,80,0,0,95,0,0,675,270,0.4,0.84,810,455,0.562,0.175
42003504100,"Census Tract 5041, Allegheny County, Pennsylvania",2260,1315,190,35,30,155,30,60,460,20,0,180,0,0,330,0,0,945,310,80,150,230,80,65,305,35,0,45,0,0,55,0,0,805,175,0.217,0.158,845,410,0.485,0.484
42003507000,"Census Tract 5070, Allegheny County, Pennsylvania",1010,680,35,20,10,75,30,4,135,25,0,130,4,0,300,0,0,335,90,15,65,100,50,4,45,10,0,25,0,0,70,0,0,245,89,0.363,0.286,235,144,0.613,0.722
42003508000,"Census Tract 5080, Allegheny County, Pennsylvania",855,340,65,4,60,70,4,0,50,0,0,40,0,0,120,0,0,515,285,45,150,75,30,0,85,0,0,30,0,0,35,0,0,185,68,0.368,0.923,445,225,0.506,0.526
42003509400,"Census Tract 5094, Allegheny County, Pennsylvania",2175,800,95,30,50,55,25,10,270,20,25,95,0,0,285,0,0,1375,340,65,155,455,140,115,380,0,0,110,0,0,85,0,0,420,160,0.381,0.526,1175,475,0.404,0.456
42003510000,"Census Tract 5100, Allegheny County, Pennsylvania",810,235,60,4,30,25,0,0,55,10,0,4,0,0,90,0,0,575,195,4,125,135,15,0,165,20,0,60,0,0,25,0,0,140,44,0.314,0.5,495,164,0.331,0.641
42003512000,"Census Tract 5120, Allegheny County, Pennsylvania",1055,605,85,60,15,105,30,10,180,10,4,115,0,0,120,0,0,450,90,35,40,160,65,10,165,15,0,10,0,0,30,0,0,370,129,0.349,0.176,415,165,0.398,0.444
42003513000,"Census Tract 5130, Allegheny County, Pennsylvania",1100,470,90,20,4,45,4,0,110,10,4,50,0,0,180,0,0,630,360,35,155,105,50,0,90,30,0,55,0,0,25,0,0,245,42,0.171,0.044,555,270,0.486,0.431
42003513800,"Census Tract 5138, Allegheny County, Pennsylvania",730,270,35,15,0,70,20,0,40,0,0,4,0,0,115,0,0,460,240,70,120,180,120,20,25,0,0,0,0,0,20,0,0,145,35,0.241,0.0,445,330,0.742,0.5
42003514000,"Census Tract 5140, Allegheny County, Pennsylvania",800,280,70,0,45,0,0,0,40,0,0,45,0,0,125,0,0,520,225,70,75,105,20,4,115,0,0,55,0,0,25,0,0,110,45,0.409,0.643,445,169,0.38,0.333
42003515100,"Census Tract 5151, Allegheny County, Pennsylvania",1410,705,50,20,30,45,35,0,110,10,30,145,0,0,355,0,0,705,185,10,140,230,130,0,205,25,0,40,0,0,50,0,0,205,125,0.61,0.6,620,305,0.492,0.757
42003515200,"Census Tract 5152, Allegheny County, Pennsylvania",1050,585,70,25,20,60,40,0,50,15,0,125,15,0,280,0,0,465,55,0,55,130,85,45,140,35,0,50,0,0,95,0,0,180,100,0.556,0.286,325,220,0.677,1.0
42003515300,"Census Tract 5153, Allegheny County, Pennsylvania",905,285,45,4,25,20,0,0,50,20,4,30,0,0,140,4,0,620,320,15,220,105,65,20,75,35,0,65,0,0,50,0,0,115,53,0.461,0.556,500,355,0.71,0.688
42003515401,"Census Tract 5154.01, Allegheny County, Pennsylvania",1025,545,10,0,10,75,50,0,35,0,0,25,10,0,395,25,0,480,75,0,45,50,40,0,125,40,10,55,10,0,180,0,0,120,60,0.5,1.0,250,135,0.54,0.6
42003516100,"Census Tract 5161, Allegheny County, Pennsylvania",720,425,0,0,0,55,4,45,20,10,0,45,20,0,305,15,4,295,4,0,4,30,4,4,60,25,0,40,0,0,155,0,0,75,59,0.787,,94,37,0.394,1.0
42003516200,"Census Tract 5162, Allegheny County, Pennsylvania",840,545,30,0,10,25,10,15,30,4,4,40,25,0,420,35,10,295,25,0,10,40,35,4,110,30,0,15,0,0,100,0,0,85,43,0.506,0.333,175,79,0.451,0.4
42003517000,"Census Tract 5170, Allegheny County, Pennsylvania",905,480,55,0,55,60,10,4,80,4,10,60,0,0,215,0,0,425,320,70,55,50,4,0,20,4,0,10,10,0,25,0,0,195,83,0.426,1.0,390,133,0.341,0.172
42003518001,"Census Tract 5180.01, Allegheny County, Pennsylvania",1635,1325,45,0,10,110,35,15,115,40,0,155,20,0,900,10,0,310,55,0,10,135,115,15,50,15,0,30,0,0,40,0,0,270,100,0.37,0.222,240,155,0.646,0.182
42003519000,"Census Tract 5190, Allegheny County, Pennsylvania",1310,1270,45,30,10,60,15,35,125,25,10,185,70,0,850,10,0,45,4,0,0,10,0,0,0,0,0,20,0,0,10,0,0,230,125,0.543,0.222,14,0,0.0,0.0
42003520001,"Census Tract 5200.01, Allegheny County, Pennsylvania",1575,960,50,10,35,50,10,0,130,0,10,135,0,0,590,40,0,615,180,0,150,190,60,130,90,20,0,30,0,0,130,0,0,230,65,0.283,0.7,460,360,0.783,0.833
42003520002,"Census Tract 5200.02, Allegheny County, Pennsylvania",1575,840,40,25,0,65,10,4,190,45,0,185,35,0,360,0,0,735,55,4,40,215,185,20,235,10,0,20,0,0,210,0,0,295,84,0.285,0.0,505,259,0.513,0.727
42003521100,"Census Tract 5211, Allegheny County, Pennsylvania",1755,1640,80,30,45,180,25,40,235,60,15,200,60,0,940,0,0,115,50,0,15,0,0,0,50,0,0,15,0,0,0,0,0,495,215,0.434,0.562,100,15,0.15,0.3
42003521200,"Census Tract 5212, Allegheny County, Pennsylvania",2030,1135,10,10,0,60,15,15,215,20,0,280,15,0,570,0,0,900,75,0,75,180,40,85,205,50,60,95,0,0,340,0,0,285,60,0.211,0.0,460,310,0.674,1.0
42003521301,"Census Tract 5213.01, Allegheny County, Pennsylvania",1975,1135,85,0,85,125,90,20,105,0,25,135,0,0,690,0,15,840,255,50,130,80,65,0,135,40,0,130,0,0,240,0,0,315,220,0.698,1.0,470,285,0.606,0.51
42003521302,"Census Tract 5213.02, Allegheny County, Pennsylvania",2015,950,65,0,50,150,50,4,130,4,0,135,15,0,470,0,0,1065,205,25,180,225,95,80,155,95,0,125,0,0,355,0,0,345,108,0.313,0.769,585,475,0.812,0.878
42003521401,"Census Tract 5214.01, Allegheny County, Pennsylvania",1285,925,40,4,20,45,10,0,145,35,0,60,0,0,630,145,0,360,25,0,25,20,0,20,150,135,0,45,0,0,115,0,0,230,69,0.3,0.5,195,180,0.923,1.0
42003521402,"Census Tract 5214.02, Allegheny County, Pennsylvania",1430,1390,95,15,65,40,20,20,85,10,35,120,20,20,1050,4,0,45,0,0,0,0,0,0,10,0,10,10,10,0,25,0,0,220,165,0.75,0.684,10,10,1.0,
42003521500,"Census Tract 5215, Allegheny County, Pennsylvania",1870,1615,135,65,55,105,50,35,255,65,0,255,10,0,865,10,0,255,85,0,65,35,10,10,50,10,0,35,0,0,55,0,0,495,270,0.545,0.407,170,95,0.559,0.765
42003522000,"Census Tract 5220, Allegheny County, Pennsylvania",1380,530,85,20,40,130,45,10,145,0,0,55,0,0,120,0,0,850,315,125,95,210,105,0,155,0,0,70,0,0,100,0,0,360,115,0.319,0.471,680,325,0.478,0.302
42003523100,"Census Tract 5231, Allegheny County, Pennsylvania",1535,1205,165,25,105,120,40,10,390,75,10,95,0,0,430,0,0,330,135,0,85,45,45,0,70,40,0,20,0,0,60,0,0,675,265,0.393,0.636,250,170,0.68,0.63
42003523200,"Census Tract 5232, Allegheny County, Pennsylvania",1790,1375,300,20,200,165,90,10,210,35,4,190,4,0,505,0,0,420,185,0,185,205,135,35,4,0,0,0,0,0,25,0,0,675,359,0.532,0.667,394,355,0.901,1.0
42003523300,"Census Tract 5233, Allegheny County, Pennsylvania",1705,1505,75,4,20,135,25,35,340,90,0,240,0,0,710,25,0,200,30,0,30,10,10,0,60,15,0,40,0,0,55,0,0,550,174,0.316,0.267,100,55,0.55,1.0
42003523400,"Census Tract 5234, Allegheny County, Pennsylvania",2360,1350,175,50,110,80,15,30,340,140,0,165,15,0,585,30,0,1015,150,30,10,315,290,0,220,90,0,220,0,0,105,0,0,595,345,0.58,0.629,685,420,0.613,0.067
42003523501,"Census Tract 5235.01, Allegheny County, Pennsylvania",1730,1335,105,30,60,145,120,4,375,155,10,110,4,0,605,0,0,395,50,10,40,90,85,0,80,55,0,15,0,0,160,0,0,625,379,0.606,0.571,220,190,0.864,0.8
42003523502,"Census Tract 5235.02, Allegheny County, Pennsylvania",765,595,85,0,80,55,4,0,120,25,0,65,4,0,270,10,0,165,35,10,25,25,25,0,80,20,10,0,0,0,30,0,0,260,109,0.419,0.941,140,90,0.643,0.714
42003523600,"Census Tract 5236, Allegheny County, Pennsylvania",2135,1660,120,30,60,235,80,15,375,95,0,215,0,0,715,0,0,475,195,0,180,95,20,0,85,0,0,0,0,0,100,0,0,730,280,0.384,0.5,375,200,0.533,0.923
42003523701,"Census Tract 5237.01, Allegheny County, Pennsylvania",1795,1410,75,25,45,175,50,0,375,4,0,280,10,0,505,0,0,385,140,0,90,0,0,0,130,45,0,45,0,0,70,0,0,625,124,0.198,0.6,270,135,0.5,0.643
42003523702,"Census Tract 5237.02, Allegheny County, Pennsylvania",2500,1385,150,25,125,195,45,0,260,40,0,275,15,0,505,0,0,1115,260,75,70,195,45,20,515,0,0,110,0,0,35,0,0,605,235,0.388,0.833,970,210,0.216,0.269
42003523800,"Census Tract 5238, Allegheny County, Pennsylvania",2210,1635,305,45,265,15,0,0,285,65,0,205,0,0,825,0,0,570,145,0,130,90,65,0,135,0,0,20,10,15,185,15,0,605,375,0.62,0.869,370,195,0.527,0.897
42003524000,"Census Tract 5240, Allegheny County, Pennsylvania",1210,485,30,25,0,15,10,0,55,25,0,100,15,0,285,0,0,720,205,35,75,210,95,25,230,35,0,45,0,0,25,0,0,100,60,0.6,0.0,645,265,0.411,0.366
42003525100,"Census Tract 5251, Allegheny County, Pennsylvania",990,800,75,4,65,70,25,30,105,15,25,35,10,10,515,4,0,190,30,0,20,50,25,20,15,15,0,35,0,0,60,0,0,250,164,0.656,0.867,95,80,0.842,0.667
42003525200,"Census Tract 5252, Allegheny County, Pennsylvania",1355,550,35,0,35,25,10,10,50,0,0,35,0,0,405,10,0,800,95,40,20,135,70,30,225,95,10,150,0,0,200,10,0,110,55,0.5,1.0,455,265,0.582,0.211
42003525300,"Census Tract 5253, Allegheny County, Pennsylvania",1045,660,60,0,35,25,4,0,80,4,20,35,0,10,465,25,0,390,70,0,65,10,0,10,60,0,0,55,0,0,195,0,0,165,63,0.382,0.583,140,75,0.536,0.929
42003526101,"Census Tract 5261.01, Allegheny County, Pennsylvania",2915,2260,130,0,115,115,20,15,170,30,15,240,15,0,1605,60,0,655,165,20,95,115,75,20,100,10,25,70,0,0,210,75,0,415,195,0.47,0.885,380,245,0.645,0.576
42003526102,"Census Tract 5261.02, Allegheny County, Pennsylvania",925,765,85,10,60,40,10,0,125,25,0,95,20,0,420,4,0,160,25,0,25,10,4,0,20,10,0,10,0,0,90,20,0,250,105,0.42,0.706,55,39,0.709,1.0
42003526201,"Census Tract 5262.01, Allegheny County, Pennsylvania",1365,1230,35,20,10,105,0,30,210,20,10,210,10,0,670,0,0,135,15,0,0,20,0,0,0,0,0,55,0,0,50,0,0,350,90,0.257,0.286,35,0,0.0,0.0
42003526202,"Census Tract 5262.02, Allegheny County, Pennsylvania",1840,1480,35,10,25,60,0,0,180,4,0,125,70,0,1080,0,0,360,80,0,75,50,40,0,105,20,0,60,0,0,65,10,0,275,39,0.142,0.714,235,135,0.574,0.938
42003526301,"Census Tract 5263.01, Allegheny County, Pennsylvania",1580,1555,105,30,65,135,50,15,280,65,0,140,20,0,890,0,0,25,0,0,0,0,0,0,10,10,0,0,0,0,15,0,0,520,225,0.433,0.619,10,10,1.0,
42003526302,"Census Tract 5263.02, Allegheny County, Pennsylvania",2105,1485,70,0,70,175,50,30,195,25,0,155,0,0,895,20,0,620,0,0,0,80,80,0,140,35,0,35,4,0,365,0,0,440,175,0.398,1.0,220,115,0.523,
42003550900,"Census Tract 5509, Allegheny County, Pennsylvania",750,270,90,15,50,85,4,0,20,4,0,15,0,0,60,0,0,480,195,15,145,115,85,20,120,0,0,10,0,0,40,0,0,195,73,0.374,0.556,430,265,0.616,0.744
42003551200,"Census Tract 5512, Allegheny County, Pennsylvania",1735,645,140,10,100,185,20,80,70,0,0,50,0,0,200,0,0,1090,365,65,225,370,290,10,180,75,0,65,0,0,105,0,0,395,210,0.532,0.714,915,665,0.727,0.616
42003551300,"Census Tract 5513, Allegheny County, Pennsylvania",1060,880,180,35,70,85,10,0,165,35,0,110,10,0,340,0,0,180,55,0,45,4,4,0,70,0,0,25,0,0,20,0,0,430,150,0.349,0.389,129,49,0.38,0.818
42003551900,"Census Tract 5519, Allegheny County, Pennsylvania",740,110,25,15,0,15,0,0,20,0,0,40,0,0,10,0,0,630,405,85,180,115,40,0,65,0,0,20,0,0,20,0,0,60,15,0.25,0.0,585,305,0.521,0.444
42003552000,"Census Tract 5520, Allegheny County, Pennsylvania",995,600,140,35,60,95,35,0,240,35,4,25,0,0,105,0,0,395,160,105,25,40,10,0,70,0,0,95,0,0,30,0,0,475,169,0.356,0.429,270,140,0.519,0.156
42003552100,"Census Tract 5521, Allegheny County, Pennsylvania",410,60,20,0,20,15,0,0,4,4,0,15,0,4,10,0,0,350,255,25,90,50,0,0,20,4,0,20,0,0,10,0,0,39,24,0.615,1.0,325,119,0.366,0.353
42003552200,"Census Tract 5522, Allegheny County, Pennsylvania",410,265,40,15,10,35,15,0,70,0,0,30,0,0,95,0,0,150,90,15,55,20,20,0,15,0,0,4,0,0,25,0,0,145,40,0.276,0.25,125,90,0.72,0.611
42003552300,"Census Tract 5523, Allegheny County, Pennsylvania",785,440,150,15,4,50,4,0,75,20,0,40,0,0,130,0,0,340,190,0,140,85,35,0,30,20,0,30,0,0,4,0,0,275,43,0.156,0.027,305,195,0.639,0.737
42003552400,"Census Tract 5524, Allegheny County, Pennsylvania",1385,850,205,25,120,180,50,0,250,55,0,45,0,0,175,0,0,535,280,145,65,125,30,35,15,15,0,65,0,0,55,0,0,635,250,0.394,0.585,420,290,0.69,0.232
42003560400,"Census Tract 5604, Allegheny County, Pennsylvania",850,130,10,10,0,4,0,0,15,0,0,25,0,0,75,0,0,720,185,10,115,85,25,15,185,60,0,165,35,0,100,0,0,29,10,0.345,0.0,455,225,0.495,0.622
42003560500,"Census Tract 5605, Allegheny County, Pennsylvania",1330,560,60,0,50,10,0,0,65,0,0,20,0,0,405,10,0,770,135,0,130,80,60,15,75,25,0,50,0,0,425,10,0,135,50,0.37,0.833,290,230,0.793,0.963
42003561400,"Census Tract 5614, Allegheny County, Pennsylvania",2305,790,90,0,50,60,0,0,180,20,20,115,25,0,340,0,0,1515,600,55,265,200,70,0,370,130,0,110,0,0,235,0,0,330,90,0.273,0.556,1170,520,0.444,0.442
42003561500,"Census Tract 5615, Allegheny County, Pennsylvania",1515,485,25,10,10,50,10,0,150,65,0,55,0,0,205,0,0,1030,350,0,315,240,125,80,150,105,15,95,0,0,195,0,0,225,95,0.422,0.4,740,640,0.865,0.9
42003561900,"Census Tract 5619, Allegheny County, Pennsylvania",1020,595,270,0,110,35,4,0,195,25,4,15,0,0,80,0,0,425,265,90,95,25,0,0,115,100,0,25,0,0,0,0,0,500,143,0.286,0.407,405,285,0.704,0.358
42003562000,"Census Tract 5620, Allegheny County, Pennsylvania",1850,205,50,35,20,10,10,0,20,20,0,10,0,0,115,0,10,1645,640,4,385,365,185,50,220,130,20,290,20,0,130,25,0,80,85,1.062,0.4,1225,774,0.632,0.602
42003562300,"Census Tract 5623, Allegheny County, Pennsylvania",1335,610,145,75,45,65,4,4,130,10,0,40,0,0,230,0,0,720,435,70,280,155,95,15,100,0,0,10,0,0,25,0,0,340,138,0.406,0.31,690,460,0.667,0.644
42003562400,"Census Tract 5624, Allegheny County, Pennsylvania",1130,730,95,40,35,100,30,0,130,10,10,80,15,0,325,0,0,400,145,0,50,125,80,45,95,15,0,10,0,0,25,0,0,325,125,0.385,0.368,365,190,0.521,0.345
42003562500,"Census Tract 5625, Allegheny County, Pennsylvania",1050,480,90,40,25,45,15,0,155,4,0,15,0,0,175,0,0,575,260,60,150,40,40,0,225,70,40,45,45,0,0,0,0,290,84,0.29,0.278,525,360,0.686,0.577
42003562600,"Census Tract 5626, Allegheny County, Pennsylvania",1385,700,140,30,45,55,25,0,95,15,0,50,0,0,360,0,0,685,235,45,165,130,40,0,225,50,0,0,0,0,95,0,0,290,115,0.397,0.321,590,300,0.508,0.702
42003562700,"Census Tract 5627, Allegheny County, Pennsylvania",1305,170,4,0,4,0,0,0,15,0,0,25,0,0,125,4,0,1135,225,0,135,90,60,30,280,160,0,95,4,0,450,4,0,19,4,0.211,1.0,595,385,0.647,0.6
42003562800,"Census Tract 5628, Allegheny County, Pennsylvania",750,420,30,4,15,55,35,0,75,0,0,35,0,0,225,0,0,325,100,10,45,50,4,4,140,4,0,25,0,0,10,0,0,160,54,0.338,0.5,290,67,0.231,0.45
42003562901,"Census Tract 5629.01, Allegheny County, Pennsylvania",635,260,30,4,20,40,15,0,25,10,0,45,0,0,120,0,0,370,175,0,135,25,20,4,40,10,0,90,0,0,40,0,0,95,49,0.516,0.667,240,169,0.704,0.771
42003563000,"Census Tract 5630, Allegheny County, Pennsylvania",1300,675,65,0,50,90,25,4,155,40,10,85,0,0,280,0,0,625,120,0,120,90,45,40,60,20,0,75,0,0,280,0,0,310,129,0.416,0.769,270,225,0.833,1.0
42003563100,"Census Tract 5631, Allegheny County, Pennsylvania",1630,1230,65,4,25,95,15,15,190,15,0,260,30,0,615,15,0,400,50,20,30,130,105,10,160,45,0,15,0,0,40,0,0,350,74,0.211,0.385,340,210,0.618,0.6
42003563201,"Census Tract 5632.01, Allegheny County, Pennsylvania",180,10,0,0,0,0,0,0,0,0,0,0,0,0,10,0,0,170,4,0,0,4,0,4,15,15,0,0,0,0,145,10,0,0,0,,,23,19,0.826,0.0
42003563202,"Census Tract 5632.02, Allegheny County, Pennsylvania",1315,460,35,15,20,0,0,0,115,25,10,20,4,0,290,0,0,855,335,0,90,160,70,0,175,45,25,55,25,0,125,0,0,150,70,0.467,0.571,670,230,0.343,0.269
42003563300,"Census Tract 5633, Allegheny County, Pennsylvania",580,535,10,4,4,25,15,4,60,30,25,15,4,4,425,25,4,50,4,0,4,4,0,4,20,4,0,4,0,0,10,0,0,95,82,0.863,0.4,28,12,0.429,1.0
42003563800,"Census Tract 5638, Allegheny County, Pennsylvania",1695,1130,60,15,25,80,15,35,180,35,25,105,15,20,705,80,4,565,65,4,40,30,4,15,120,4,45,45,0,40,305,90,35,320,150,0.469,0.417,215,112,0.521,0.615
42003563900,"Census Tract 5639, Allegheny County, Pennsylvania",1980,1165,60,0,50,55,20,15,165,10,0,320,10,0,570,0,0,815,70,0,35,200,160,20,180,55,0,180,0,0,190,0,0,280,95,0.339,0.833,450,270,0.6,0.5
42003564000,"Census Tract 5640, Allegheny County, Pennsylvania",2615,2310,120,15,80,140,70,0,125,35,4,315,15,25,1615,45,0,305,15,0,15,50,4,4,55,10,0,35,0,0,150,0,0,385,204,0.53,0.667,120,33,0.275,1.0
42003564100,"Census Tract 5641, Allegheny County, Pennsylvania",415,405,10,4,4,4,4,4,20,4,4,10,4,4,360,15,4,10,0,0,0,0,0,0,0,0,0,0,0,0,10,0,0,34,24,0.706,0.4,0,0,,
42003564200,"Census Tract 5642, Allegheny County, Pennsylvania",970,770,60,30,4,100,4,4,230,80,4,65,4,0,320,10,0,200,25,4,25,55,25,0,35,25,0,4,0,0,85,0,0,390,126,0.323,0.067,115,79,0.687,1.0
42003564400,"Census Tract 5644, Allegheny County, Pennsylvania",2685,1800,130,15,85,280,95,30,380,50,4,235,20,0,775,0,0,880,85,30,30,170,160,0,500,140,65,25,0,0,105,0,0,790,279,0.353,0.654,755,425,0.563,0.353
42003564500,"Census Tract 5645, Allegheny County, Pennsylvania",1175,1000,35,4,25,110,70,0,250,30,0,140,10,0,465,15,0,175,60,4,55,75,60,0,10,0,0,10,0,0,20,0,0,395,129,0.327,0.714,145,119,0.821,0.917
42003564700,"Census Tract 5647, Allegheny County, Pennsylvania",1135,190,35,25,4,20,4,0,55,15,0,15,0,0,65,0,0,945,400,80,200,60,45,15,320,30,0,35,10,0,125,0,0,110,48,0.436,0.114,780,370,0.474,0.5
42003564800,"Census Tract 5648, Allegheny County, Pennsylvania",775,220,35,15,10,60,20,10,60,0,0,25,0,0,40,0,0,555,220,30,150,175,125,20,90,30,0,55,0,0,20,0,0,155,55,0.355,0.286,485,355,0.732,0.682
42003565100,"Census Tract 5651, Allegheny County, Pennsylvania",1555,670,75,4,35,20,4,0,105,15,20,40,15,0,425,10,0,885,395,30,200,90,4,40,65,15,10,125,10,0,210,0,0,200,78,0.39,0.467,550,299,0.544,0.506
42003565200,"Census Tract 5652, Allegheny County, Pennsylvania",1515,585,50,4,20,65,25,20,55,0,0,15,0,0,400,10,0,930,285,45,125,195,25,35,90,20,0,45,0,0,320,0,0,170,69,0.406,0.4,570,250,0.439,0.439
42003565300,"Census Tract 5653, Allegheny County, Pennsylvania",525,460,125,25,70,65,0,4,50,0,4,30,0,0,190,0,0,65,15,0,15,15,4,0,35,0,0,0,0,0,4,0,0,240,103,0.429,0.56,65,19,0.292,1.0
42003980000,"Census Tract 9800, Allegheny County, Pennsylvania",0,0,0,0,0,0,0,0,0,0,0,0,0,0,0,0,0,0,0,0,0,0,0,0,0,0,0,0,0,0,0,0,0,0,0,,,0,0,,
42003980100,"Census Tract 9801, Allegheny County, Pennsylvania",0,0,0,0,0,0,0,0,0,0,0,0,0,0,0,0,0,0,0,0,0,0,0,0,0,0,0,0,0,0,0,0,0,0,0,,,0,0,,
42003980300,"Census Tract 9803, Allegheny County, Pennsylvania",0,0,0,0,0,0,0,0,0,0,0,0,0,0,0,0,0,0,0,0,0,0,0,0,0,0,0,0,0,0,0,0,0,0,0,,,0,0,,
42003980400,"Census Tract 9804, Allegheny County, Pennsylvania",0,0,0,0,0,0,0,0,0,0,0,0,0,0,0,0,0,0,0,0,0,0,0,0,0,0,0,0,0,0,0,0,0,0,0,,,0,0,,
42003980500,"Census Tract 9805, Allegheny County, Pennsylvania",20,20,4,0,0,10,4,0,4,0,0,0,0,0,0,0,0,0,0,0,0,0,0,0,0,0,0,0,0,0,0,0,0,18,4,0.222,0.0,0,0,,
42003980600,"Census Tract 9806, Allegheny County, Pennsylvania",10,4,0,0,0,0,0,0,4,0,0,0,0,0,0,0,0,4,4,0,4,0,0,0,0,0,0,0,0,0,0,0,0,4,0,0.0,,4,4,1.0,1.0
42003980700,"Census Tract 9807, Allegheny County, Pennsylvania",40,0,0,0,0,0,0,0,0,0,0,0,0,0,0,0,0,40,0,0,0,0,0,0,4,4,0,0,0,0,35,20,0,0,0,,,4,4,1.0,
42003980800,"Census Tract 9808, Allegheny County, Pennsylvania",0,0,0,0,0,0,0,0,0,0,0,0,0,0,0,0,0,0,0,0,0,0,0,0,0,0,0,0,0,0,0,0,0,0,0,,,0,0,,
42003980900,"Census Tract 9809, Allegheny County, Pennsylvania",0,0,0,0,0,0,0,0,0,0,0,0,0,0,0,0,0,0,0,0,0,0,0,0,0,0,0,0,0,0,0,0,0,0,0,,,0,0,,
42003981000,"Census Tract 9810, Allegheny County, Pennsylvania",0,0,0,0,0,0,0,0,0,0,0,0,0,0,0,0,0,0,0,0,0,0,0,0,0,0,0,0,0,0,0,0,0,0,0,,,0,0,,
42003981100,"Census Tract 9811, Allegheny County, Pennsylvania",0,0,0,0,0,0,0,0,0,0,0,0,0,0,0,0,0,0,0,0,0,0,0,0,0,0,0,0,0,0,0,0,0,0,0,,,0,0,,
42003981200,"Census Tract 9812, Allegheny County, Pennsylvania",0,0,0,0,0,0,0,0,0,0,0,0,0,0,0,0,0,0,0,0,0,0,0,0,0,0,0,0,0,0,0,0,0,0,0,,,0,0,,
42003981800,"Census Tract 9818, Allegheny County, Pennsylvania",0,0,0,0,0,0,0,0,0,0,0,0,0,0,0,0,0,0,0,0,0,0,0,0,0,0,0,0,0,0,0,0,0,0,0,,,0,0,,
42003982200,"Census Tract 9822, Allegheny County, Pennsylvania",10,4,0,0,0,0,0,0,0,0,0,0,0,0,4,0,0,4,0,0,0,4,4,0,0,0,0,0,0,0,0,0,0,0,0,,,4,4,1.0,
