zip,filings_2025,prepandemic_baseline_12mo,renter_households,filings_per_100_renter_hh
15001,0,0,3475.0,0.0
15003,1,7,1888.0,0.1
15005,0,0,577.0,0.0
15006,0,0,15.0,0.0
15007,1,1,38.0,2.6
15012,0,1,1969.0,0.0
15014,39,54,435.0,9.0
15015,0,0,2.0,0.0
15017,59,78,2143.0,2.8
15018,4,6,12.0,33.3
15020,1,4,0.0,
15024,16,55,731.0,2.2
15025,286,237,1688.0,16.9
15026,0,6,298.0,0.0
15028,0,0,10.0,0.0
15030,17,13,166.0,10.2
15031,1,7,84.0,1.2
15032,0,0,,
15034,12,31,392.0,3.1
15035,45,40,353.0,12.7
15037,37,77,669.0,5.5
15038,0,0,73.0,0.0
15044,16,29,655.0,2.4
15045,94,71,665.0,14.1
15046,3,8,121.0,2.5
15047,1,1,0.0,
15049,3,2,92.0,3.3
15051,1,2,72.0,1.4
15056,3,7,227.0,1.3
15057,0,17,782.0,0.0
15063,0,3,945.0,0.0
15064,5,4,106.0,4.7
15065,105,172,1062.0,9.9
15068,0,29,4677.0,0.0
15071,124,106,1389.0,8.9
15075,0,0,5.0,0.0
15076,2,5,157.0,1.3
15082,0,0,0.0,
15083,0,0,52.0,0.0
15084,98,101,920.0,10.7
15085,0,6,374.0,0.0
15086,0,2,145.0,0.0
15088,4,8,41.0,9.8
15089,0,0,524.0,0.0
15090,20,36,1987.0,1.0
15091,0,0,,
15095,0,0,,
15096,0,0,,
15101,35,48,2252.0,1.6
15102,175,63,2907.0,6.0
15104,156,399,2030.0,7.7
15106,164,154,3081.0,5.3
15108,318,260,4545.0,7.0
15110,134,168,1179.0,11.4
15112,146,166,824.0,17.7
15116,19,50,809.0,2.3
15120,266,273,3117.0,8.5
15122,218,175,1772.0,12.3
15123,0,0,0.0,
15126,51,57,670.0,7.6
15127,0,0,,
15129,104,76,1078.0,9.6
15131,66,78,1272.0,5.2
15132,821,785,4159.0,19.7
15133,61,45,583.0,10.5
15134,0,0,,
15135,66,65,379.0,17.4
15136,601,563,3604.0,16.7
15137,237,235,1518.0,15.6
15139,17,27,1422.0,1.2
15140,106,100,859.0,12.3
15142,3,7,268.0,1.1
15143,27,36,1602.0,1.7
15144,19,26,518.0,3.7
15145,176,198,1905.0,9.2
15146,384,320,3941.0,9.7
15147,155,152,2193.0,7.1
15148,79,133,730.0,10.8
15201,52,128,3166.0,1.6
15202,208,266,4621.0,4.5
15203,155,89,3666.0,4.2
15204,155,160,1052.0,14.7
15205,334,286,5188.0,6.4
15206,303,486,8518.0,3.6
15207,133,202,1612.0,8.3
15208,163,322,2106.0,7.7
15209,59,118,1470.0,4.0
15210,666,656,4540.0,14.7
15211,118,133,3213.0,3.7
15212,489,708,7096.0,6.9
15213,135,218,6548.0,2.1
15214,299,591,2106.0,14.2
15215,73,106,1358.0,5.4
15216,189,185,3654.0,5.2
15217,63,86,5480.0,1.1
15218,231,257,2875.0,8.0
15219,501,577,4728.0,10.6
15220,265,148,3919.0,6.8
15221,643,814,8128.0,7.9
15222,135,105,2829.0,4.8
15223,46,68,1266.0,3.6
15224,91,124,3345.0,2.7
15225,6,24,280.0,2.1
15226,96,96,2133.0,4.5
15227,467,322,3497.0,13.4
15228,83,90,2323.0,3.6
15229,68,83,1910.0,3.6
15230,0,0,,
15231,0,0,,
15232,44,59,4401.0,1.0
15233,34,90,697.0,4.9
15234,76,89,1811.0,4.2
15235,583,475,3872.0,15.1
15236,464,344,3015.0,15.4
15237,208,143,4259.0,4.9
15238,28,38,1331.0,2.1
15239,60,134,1490.0,4.0
15240,0,0,,
15241,88,28,1354.0,6.5
15243,5,13,808.0,0.6
15244,0,0,,
15253,0,0,,
15258,0,0,,
15259,0,0,,
15260,0,0,0.0,
15261,0,0,,
15262,0,0,,
15265,0,0,,
15267,0,0,,
15272,0,0,,
15275,5,0,51.0,9.8
15276,0,0,,
15277,0,0,,
15282,0,0,0.0,
15289,0,0,,
15290,0,0,0.0,
15295,0,0,,
15317,0,0,3680.0,0.0
15321,0,0,184.0,0.0
15332,0,2,578.0,0.0
15642,0,1,2844.0,0.0
16046,0,0,1114.0,0.0
16055,0,0,279.0,0.0
16059,0,1,507.0,0.0
16229,0,0,428.0,0.0
sealed,153,18,,
